ggml_cuda_init: found 1 CUDA devices (Total VRAM: 125748 MiB):
  Device 0: NVIDIA Thor, compute capability 11.0, VMM: yes, VRAM: 125748 MiB
llama_model_loader: loaded meta data with 39 key-value pairs and 579 tensors from /home/thor/kcj/models/qwen3_30b_q4km/qwen3-30b-a3b-Q4_K_M.gguf (version GGUF V3 (latest))
llama_model_loader: Dumping metadata keys/values. Note: KV overrides do not apply in this output.
llama_model_loader: - kv   0:                       general.architecture str              = qwen3moe
llama_model_loader: - kv   1:                               general.type str              = model
llama_model_loader: - kv   2:                     general.sampling.top_k i32              = 20
llama_model_loader: - kv   3:                     general.sampling.top_p f32              = 0.950000
llama_model_loader: - kv   4:                      general.sampling.temp f32              = 0.600000
llama_model_loader: - kv   5:                               general.name str              = Qwen3_30B_A3B
llama_model_loader: - kv   6:                         general.size_label str              = 128x1.8B
llama_model_loader: - kv   7:                            general.license str              = apache-2.0
llama_model_loader: - kv   8:                       general.license.link str              = https://huggingface.co/Qwen/Qwen3-30B...
llama_model_loader: - kv   9:                   general.base_model.count u32              = 1
llama_model_loader: - kv  10:                  general.base_model.0.name str              = Qwen3 30B A3B Base
llama_model_loader: - kv  11:          general.base_model.0.organization str              = Qwen
llama_model_loader: - kv  12:              general.base_model.0.repo_url str              = https://huggingface.co/Qwen/Qwen3-30B...
llama_model_loader: - kv  13:                               general.tags arr[str,1]       = ["text-generation"]
llama_model_loader: - kv  14:                       qwen3moe.block_count u32              = 48
llama_model_loader: - kv  15:                    qwen3moe.context_length u32              = 40960
llama_model_loader: - kv  16:                  qwen3moe.embedding_length u32              = 2048
llama_model_loader: - kv  17:               qwen3moe.feed_forward_length u32              = 6144
llama_model_loader: - kv  18:              qwen3moe.attention.head_count u32              = 32
llama_model_loader: - kv  19:           qwen3moe.attention.head_count_kv u32              = 4
llama_model_loader: - kv  20:                    qwen3moe.rope.freq_base f32              = 1000000.000000
llama_model_loader: - kv  21:  qwen3moe.attention.layer_norm_rms_epsilon f32              = 0.000001
llama_model_loader: - kv  22:                      qwen3moe.expert_count u32              = 128
llama_model_loader: - kv  23:                 qwen3moe.expert_used_count u32              = 8
llama_model_loader: - kv  24:              qwen3moe.attention.key_length u32              = 128
llama_model_loader: - kv  25:            qwen3moe.attention.value_length u32              = 128
llama_model_loader: - kv  26:        qwen3moe.expert_feed_forward_length u32              = 768
llama_model_loader: - kv  27:                       tokenizer.ggml.model str              = gpt2
llama_model_loader: - kv  28:                         tokenizer.ggml.pre str              = qwen2
llama_model_loader: - kv  29:                      tokenizer.ggml.tokens arr[str,151936]  = ["!", "\"", "#", "$", "%", "&", "'", ...
llama_model_loader: - kv  30:                  tokenizer.ggml.token_type arr[i32,151936]  = [1, 1, 1, 1, 1, 1, 1, 1, 1, 1, 1, 1, ...
llama_model_loader: - kv  31:                      tokenizer.ggml.merges arr[str,151387]  = ["Ġ Ġ", "ĠĠ ĠĠ", "i n", "Ġ t",...
llama_model_loader: - kv  32:                tokenizer.ggml.eos_token_id u32              = 151645
llama_model_loader: - kv  33:            tokenizer.ggml.padding_token_id u32              = 151643
llama_model_loader: - kv  34:                tokenizer.ggml.bos_token_id u32              = 151643
llama_model_loader: - kv  35:               tokenizer.ggml.add_bos_token bool             = false
llama_model_loader: - kv  36:                    tokenizer.chat_template str              = {%- if tools %}\n    {{- '<|im_start|>...
llama_model_loader: - kv  37:               general.quantization_version u32              = 2
llama_model_loader: - kv  38:                          general.file_type u32              = 15
llama_model_loader: - type  f32:  241 tensors
llama_model_loader: - type q4_K:  289 tensors
llama_model_loader: - type q6_K:   49 tensors
print_info: file format = GGUF V3 (latest)
print_info: file type   = Q4_K - Medium
print_info: file size   = 17.28 GiB (4.86 BPW) 
ggml_backend_cuda_get_available_uma_memory: final available_memory_kb: 124107888
llama_prepare_model_devices: using device CUDA0 (NVIDIA Thor) (0000:01:00.0) - 121199 MiB free
init_tokenizer: initializing tokenizer for type 2
load: 0 unused tokens
load: control token: 151660 '<|fim_middle|>' is not marked as EOG
load: control token: 151659 '<|fim_prefix|>' is not marked as EOG
load: control token: 151653 '<|vision_end|>' is not marked as EOG
load: control token: 151648 '<|box_start|>' is not marked as EOG
load: control token: 151646 '<|object_ref_start|>' is not marked as EOG
load: control token: 151649 '<|box_end|>' is not marked as EOG
load: control-looking token: 128247 '</s>' was not control-type; this is probably a bug in the model. its type will be overridden
load: control token: 151655 '<|image_pad|>' is not marked as EOG
load: control token: 151651 '<|quad_end|>' is not marked as EOG
load: control token: 151647 '<|object_ref_end|>' is not marked as EOG
load: control token: 151652 '<|vision_start|>' is not marked as EOG
load: control token: 151654 '<|vision_pad|>' is not marked as EOG
load: control token: 151656 '<|video_pad|>' is not marked as EOG
load: control token: 151644 '<|im_start|>' is not marked as EOG
load: control token: 151661 '<|fim_suffix|>' is not marked as EOG
load: control token: 151650 '<|quad_start|>' is not marked as EOG
load: printing all EOG tokens:
load:   - 128247 ('</s>')
load:   - 151643 ('<|endoftext|>')
load:   - 151645 ('<|im_end|>')
load:   - 151662 ('<|fim_pad|>')
load:   - 151663 ('<|repo_name|>')
load:   - 151664 ('<|file_sep|>')
load: special tokens cache size = 27
load: token to piece cache size = 0.9311 MB
print_info: arch                  = qwen3moe
print_info: vocab_only            = 0
print_info: no_alloc              = 0
print_info: n_ctx_train           = 40960
print_info: n_embd_inp            = 2048
print_info: n_embd                = 2048
print_info: n_embd_out            = 2048
print_info: n_layer               = 48
print_info: n_layer_all           = 48
print_info: n_head                = 32
print_info: n_head_kv             = 4
print_info: n_rot                 = 128
print_info: n_swa                 = 0
print_info: is_swa_any            = 0
print_info: n_embd_head_k         = 128
print_info: n_embd_head_v         = 128
print_info: n_gqa                 = 8
print_info: n_embd_k_gqa          = 512
print_info: n_embd_v_gqa          = 512
print_info: f_norm_eps            = 0.0e+00
print_info: f_norm_rms_eps        = 1.0e-06
print_info: f_clamp_kqv           = 0.0e+00
print_info: f_max_alibi_bias      = 0.0e+00
print_info: f_logit_scale         = 0.0e+00
print_info: f_attn_scale          = 0.0e+00
print_info: f_attn_value_scale    = 0.0000
print_info: n_ff                  = 6144
print_info: n_expert              = 128
print_info: n_expert_used         = 8
print_info: n_expert_groups       = 0
print_info: n_group_used          = 0
print_info: causal attn           = 1
print_info: pooling type          = -1
print_info: rope type             = 2
print_info: rope scaling          = linear
print_info: freq_base_train       = 1000000.0
print_info: freq_scale_train      = 1
print_info: n_ctx_orig_yarn       = 40960
print_info: rope_yarn_log_mul     = 0.0000
print_info: rope_finetuned        = unknown
print_info: model type            = 30B.A3B
print_info: model params          = 30.53 B
print_info: general.name          = Qwen3_30B_A3B
print_info: n_ff_exp              = 768
print_info: vocab type            = BPE
print_info: n_vocab               = 151936
print_info: n_merges              = 151387
print_info: BOS token             = 151643 '<|endoftext|>'
print_info: EOS token             = 151645 '<|im_end|>'
print_info: EOT token             = 151645 '<|im_end|>'
print_info: PAD token             = 151643 '<|endoftext|>'
print_info: LF token              = 198 'Ċ'
print_info: FIM PRE token         = 151659 '<|fim_prefix|>'
print_info: FIM SUF token         = 151661 '<|fim_suffix|>'
print_info: FIM MID token         = 151660 '<|fim_middle|>'
print_info: FIM PAD token         = 151662 '<|fim_pad|>'
print_info: FIM REP token         = 151663 '<|repo_name|>'
print_info: FIM SEP token         = 151664 '<|file_sep|>'
print_info: EOG token             = 128247 '</s>'
print_info: EOG token             = 151643 '<|endoftext|>'
print_info: EOG token             = 151645 '<|im_end|>'
print_info: EOG token             = 151662 '<|fim_pad|>'
print_info: EOG token             = 151663 '<|repo_name|>'
print_info: EOG token             = 151664 '<|file_sep|>'
print_info: max token length      = 256
load_tensors: loading model tensors, this can take a while... (mmap = true, direct_io = false)
ggml_backend_cuda_get_available_uma_memory: final available_memory_kb: 124064684
load_tensors: layer   0 assigned to device CUDA0, is_swa = 0
load_tensors: layer   1 assigned to device CUDA0, is_swa = 0
load_tensors: layer   2 assigned to device CUDA0, is_swa = 0
load_tensors: layer   3 assigned to device CUDA0, is_swa = 0
load_tensors: layer   4 assigned to device CUDA0, is_swa = 0
load_tensors: layer   5 assigned to device CUDA0, is_swa = 0
load_tensors: layer   6 assigned to device CUDA0, is_swa = 0
load_tensors: layer   7 assigned to device CUDA0, is_swa = 0
load_tensors: layer   8 assigned to device CUDA0, is_swa = 0
load_tensors: layer   9 assigned to device CUDA0, is_swa = 0
load_tensors: layer  10 assigned to device CUDA0, is_swa = 0
load_tensors: layer  11 assigned to device CUDA0, is_swa = 0
load_tensors: layer  12 assigned to device CUDA0, is_swa = 0
load_tensors: layer  13 assigned to device CUDA0, is_swa = 0
load_tensors: layer  14 assigned to device CUDA0, is_swa = 0
load_tensors: layer  15 assigned to device CUDA0, is_swa = 0
load_tensors: layer  16 assigned to device CUDA0, is_swa = 0
load_tensors: layer  17 assigned to device CUDA0, is_swa = 0
load_tensors: layer  18 assigned to device CUDA0, is_swa = 0
load_tensors: layer  19 assigned to device CUDA0, is_swa = 0
load_tensors: layer  20 assigned to device CUDA0, is_swa = 0
load_tensors: layer  21 assigned to device CUDA0, is_swa = 0
load_tensors: layer  22 assigned to device CUDA0, is_swa = 0
load_tensors: layer  23 assigned to device CUDA0, is_swa = 0
load_tensors: layer  24 assigned to device CUDA0, is_swa = 0
load_tensors: layer  25 assigned to device CUDA0, is_swa = 0
load_tensors: layer  26 assigned to device CUDA0, is_swa = 0
load_tensors: layer  27 assigned to device CUDA0, is_swa = 0
load_tensors: layer  28 assigned to device CUDA0, is_swa = 0
load_tensors: layer  29 assigned to device CUDA0, is_swa = 0
load_tensors: layer  30 assigned to device CUDA0, is_swa = 0
load_tensors: layer  31 assigned to device CUDA0, is_swa = 0
load_tensors: layer  32 assigned to device CUDA0, is_swa = 0
load_tensors: layer  33 assigned to device CUDA0, is_swa = 0
load_tensors: layer  34 assigned to device CUDA0, is_swa = 0
load_tensors: layer  35 assigned to device CUDA0, is_swa = 0
load_tensors: layer  36 assigned to device CUDA0, is_swa = 0
load_tensors: layer  37 assigned to device CUDA0, is_swa = 0
load_tensors: layer  38 assigned to device CUDA0, is_swa = 0
load_tensors: layer  39 assigned to device CUDA0, is_swa = 0
load_tensors: layer  40 assigned to device CUDA0, is_swa = 0
load_tensors: layer  41 assigned to device CUDA0, is_swa = 0
load_tensors: layer  42 assigned to device CUDA0, is_swa = 0
load_tensors: layer  43 assigned to device CUDA0, is_swa = 0
load_tensors: layer  44 assigned to device CUDA0, is_swa = 0
load_tensors: layer  45 assigned to device CUDA0, is_swa = 0
load_tensors: layer  46 assigned to device CUDA0, is_swa = 0
load_tensors: layer  47 assigned to device CUDA0, is_swa = 0
load_tensors: layer  48 assigned to device CUDA0, is_swa = 0
create_tensor: loading tensor token_embd.weight
create_tensor: loading tensor output_norm.weight
create_tensor: loading tensor output.weight
create_tensor: loading tensor blk.0.attn_norm.weight
create_tensor: loading tensor blk.0.attn_q.weight
create_tensor: loading tensor blk.0.attn_k.weight
create_tensor: loading tensor blk.0.attn_v.weight
create_tensor: loading tensor blk.0.attn_output.weight
create_tensor: loading tensor blk.0.attn_k_norm.weight
create_tensor: loading tensor blk.0.attn_q_norm.weight
create_tensor: loading tensor blk.0.ffn_norm.weight
create_tensor: loading tensor blk.0.ffn_gate_inp.weight
llama_model_loader: tensor overrides to CPU are used with mmap enabled - consider using --no-mmap for better performance
tensor blk.0.ffn_gate_exps.weight (108 MiB q4_K) buffer type overridden to CUDA_Host
create_tensor: loading tensor blk.0.ffn_gate_exps.weight
tensor blk.0.ffn_down_exps.weight (157 MiB q6_K) buffer type overridden to CUDA_Host
create_tensor: loading tensor blk.0.ffn_down_exps.weight
tensor blk.0.ffn_up_exps.weight (108 MiB q4_K) buffer type overridden to CUDA_Host
create_tensor: loading tensor blk.0.ffn_up_exps.weight
create_tensor: loading tensor blk.1.attn_norm.weight
create_tensor: loading tensor blk.1.attn_q.weight
create_tensor: loading tensor blk.1.attn_k.weight
create_tensor: loading tensor blk.1.attn_v.weight
create_tensor: loading tensor blk.1.attn_output.weight
create_tensor: loading tensor blk.1.attn_k_norm.weight
create_tensor: loading tensor blk.1.attn_q_norm.weight
create_tensor: loading tensor blk.1.ffn_norm.weight
create_tensor: loading tensor blk.1.ffn_gate_inp.weight
tensor blk.1.ffn_gate_exps.weight (108 MiB q4_K) buffer type overridden to CUDA_Host
create_tensor: loading tensor blk.1.ffn_gate_exps.weight
tensor blk.1.ffn_down_exps.weight (157 MiB q6_K) buffer type overridden to CUDA_Host
create_tensor: loading tensor blk.1.ffn_down_exps.weight
tensor blk.1.ffn_up_exps.weight (108 MiB q4_K) buffer type overridden to CUDA_Host
create_tensor: loading tensor blk.1.ffn_up_exps.weight
create_tensor: loading tensor blk.2.attn_norm.weight
create_tensor: loading tensor blk.2.attn_q.weight
create_tensor: loading tensor blk.2.attn_k.weight
create_tensor: loading tensor blk.2.attn_v.weight
create_tensor: loading tensor blk.2.attn_output.weight
create_tensor: loading tensor blk.2.attn_k_norm.weight
create_tensor: loading tensor blk.2.attn_q_norm.weight
create_tensor: loading tensor blk.2.ffn_norm.weight
create_tensor: loading tensor blk.2.ffn_gate_inp.weight
tensor blk.2.ffn_gate_exps.weight (108 MiB q4_K) buffer type overridden to CUDA_Host
create_tensor: loading tensor blk.2.ffn_gate_exps.weight
tensor blk.2.ffn_down_exps.weight (157 MiB q6_K) buffer type overridden to CUDA_Host
create_tensor: loading tensor blk.2.ffn_down_exps.weight
tensor blk.2.ffn_up_exps.weight (108 MiB q4_K) buffer type overridden to CUDA_Host
create_tensor: loading tensor blk.2.ffn_up_exps.weight
create_tensor: loading tensor blk.3.attn_norm.weight
create_tensor: loading tensor blk.3.attn_q.weight
create_tensor: loading tensor blk.3.attn_k.weight
create_tensor: loading tensor blk.3.attn_v.weight
create_tensor: loading tensor blk.3.attn_output.weight
create_tensor: loading tensor blk.3.attn_k_norm.weight
create_tensor: loading tensor blk.3.attn_q_norm.weight
create_tensor: loading tensor blk.3.ffn_norm.weight
create_tensor: loading tensor blk.3.ffn_gate_inp.weight
tensor blk.3.ffn_gate_exps.weight (108 MiB q4_K) buffer type overridden to CUDA_Host
create_tensor: loading tensor blk.3.ffn_gate_exps.weight
tensor blk.3.ffn_down_exps.weight (157 MiB q6_K) buffer type overridden to CUDA_Host
create_tensor: loading tensor blk.3.ffn_down_exps.weight
tensor blk.3.ffn_up_exps.weight (108 MiB q4_K) buffer type overridden to CUDA_Host
create_tensor: loading tensor blk.3.ffn_up_exps.weight
create_tensor: loading tensor blk.4.attn_norm.weight
create_tensor: loading tensor blk.4.attn_q.weight
create_tensor: loading tensor blk.4.attn_k.weight
create_tensor: loading tensor blk.4.attn_v.weight
create_tensor: loading tensor blk.4.attn_output.weight
create_tensor: loading tensor blk.4.attn_k_norm.weight
create_tensor: loading tensor blk.4.attn_q_norm.weight
create_tensor: loading tensor blk.4.ffn_norm.weight
create_tensor: loading tensor blk.4.ffn_gate_inp.weight
tensor blk.4.ffn_gate_exps.weight (108 MiB q4_K) buffer type overridden to CUDA_Host
create_tensor: loading tensor blk.4.ffn_gate_exps.weight
tensor blk.4.ffn_down_exps.weight (157 MiB q6_K) buffer type overridden to CUDA_Host
create_tensor: loading tensor blk.4.ffn_down_exps.weight
tensor blk.4.ffn_up_exps.weight (108 MiB q4_K) buffer type overridden to CUDA_Host
create_tensor: loading tensor blk.4.ffn_up_exps.weight
create_tensor: loading tensor blk.5.attn_norm.weight
create_tensor: loading tensor blk.5.attn_q.weight
create_tensor: loading tensor blk.5.attn_k.weight
create_tensor: loading tensor blk.5.attn_v.weight
create_tensor: loading tensor blk.5.attn_output.weight
create_tensor: loading tensor blk.5.attn_k_norm.weight
create_tensor: loading tensor blk.5.attn_q_norm.weight
create_tensor: loading tensor blk.5.ffn_norm.weight
create_tensor: loading tensor blk.5.ffn_gate_inp.weight
tensor blk.5.ffn_gate_exps.weight (108 MiB q4_K) buffer type overridden to CUDA_Host
create_tensor: loading tensor blk.5.ffn_gate_exps.weight
tensor blk.5.ffn_down_exps.weight (157 MiB q6_K) buffer type overridden to CUDA_Host
create_tensor: loading tensor blk.5.ffn_down_exps.weight
tensor blk.5.ffn_up_exps.weight (108 MiB q4_K) buffer type overridden to CUDA_Host
create_tensor: loading tensor blk.5.ffn_up_exps.weight
create_tensor: loading tensor blk.6.attn_norm.weight
create_tensor: loading tensor blk.6.attn_q.weight
create_tensor: loading tensor blk.6.attn_k.weight
create_tensor: loading tensor blk.6.attn_v.weight
create_tensor: loading tensor blk.6.attn_output.weight
create_tensor: loading tensor blk.6.attn_k_norm.weight
create_tensor: loading tensor blk.6.attn_q_norm.weight
create_tensor: loading tensor blk.6.ffn_norm.weight
create_tensor: loading tensor blk.6.ffn_gate_inp.weight
tensor blk.6.ffn_gate_exps.weight (108 MiB q4_K) buffer type overridden to CUDA_Host
create_tensor: loading tensor blk.6.ffn_gate_exps.weight
tensor blk.6.ffn_down_exps.weight (108 MiB q4_K) buffer type overridden to CUDA_Host
create_tensor: loading tensor blk.6.ffn_down_exps.weight
tensor blk.6.ffn_up_exps.weight (108 MiB q4_K) buffer type overridden to CUDA_Host
create_tensor: loading tensor blk.6.ffn_up_exps.weight
create_tensor: loading tensor blk.7.attn_norm.weight
create_tensor: loading tensor blk.7.attn_q.weight
create_tensor: loading tensor blk.7.attn_k.weight
create_tensor: loading tensor blk.7.attn_v.weight
create_tensor: loading tensor blk.7.attn_output.weight
create_tensor: loading tensor blk.7.attn_k_norm.weight
create_tensor: loading tensor blk.7.attn_q_norm.weight
create_tensor: loading tensor blk.7.ffn_norm.weight
create_tensor: loading tensor blk.7.ffn_gate_inp.weight
tensor blk.7.ffn_gate_exps.weight (108 MiB q4_K) buffer type overridden to CUDA_Host
create_tensor: loading tensor blk.7.ffn_gate_exps.weight
tensor blk.7.ffn_down_exps.weight (108 MiB q4_K) buffer type overridden to CUDA_Host
create_tensor: loading tensor blk.7.ffn_down_exps.weight
tensor blk.7.ffn_up_exps.weight (108 MiB q4_K) buffer type overridden to CUDA_Host
create_tensor: loading tensor blk.7.ffn_up_exps.weight
create_tensor: loading tensor blk.8.attn_norm.weight
create_tensor: loading tensor blk.8.attn_q.weight
create_tensor: loading tensor blk.8.attn_k.weight
create_tensor: loading tensor blk.8.attn_v.weight
create_tensor: loading tensor blk.8.attn_output.weight
create_tensor: loading tensor blk.8.attn_k_norm.weight
create_tensor: loading tensor blk.8.attn_q_norm.weight
create_tensor: loading tensor blk.8.ffn_norm.weight
create_tensor: loading tensor blk.8.ffn_gate_inp.weight
tensor blk.8.ffn_gate_exps.weight (108 MiB q4_K) buffer type overridden to CUDA_Host
create_tensor: loading tensor blk.8.ffn_gate_exps.weight
tensor blk.8.ffn_down_exps.weight (157 MiB q6_K) buffer type overridden to CUDA_Host
create_tensor: loading tensor blk.8.ffn_down_exps.weight
tensor blk.8.ffn_up_exps.weight (108 MiB q4_K) buffer type overridden to CUDA_Host
create_tensor: loading tensor blk.8.ffn_up_exps.weight
create_tensor: loading tensor blk.9.attn_norm.weight
create_tensor: loading tensor blk.9.attn_q.weight
create_tensor: loading tensor blk.9.attn_k.weight
create_tensor: loading tensor blk.9.attn_v.weight
create_tensor: loading tensor blk.9.attn_output.weight
create_tensor: loading tensor blk.9.attn_k_norm.weight
create_tensor: loading tensor blk.9.attn_q_norm.weight
create_tensor: loading tensor blk.9.ffn_norm.weight
create_tensor: loading tensor blk.9.ffn_gate_inp.weight
tensor blk.9.ffn_gate_exps.weight (108 MiB q4_K) buffer type overridden to CUDA_Host
create_tensor: loading tensor blk.9.ffn_gate_exps.weight
tensor blk.9.ffn_down_exps.weight (108 MiB q4_K) buffer type overridden to CUDA_Host
create_tensor: loading tensor blk.9.ffn_down_exps.weight
tensor blk.9.ffn_up_exps.weight (108 MiB q4_K) buffer type overridden to CUDA_Host
create_tensor: loading tensor blk.9.ffn_up_exps.weight
create_tensor: loading tensor blk.10.attn_norm.weight
create_tensor: loading tensor blk.10.attn_q.weight
create_tensor: loading tensor blk.10.attn_k.weight
create_tensor: loading tensor blk.10.attn_v.weight
create_tensor: loading tensor blk.10.attn_output.weight
create_tensor: loading tensor blk.10.attn_k_norm.weight
create_tensor: loading tensor blk.10.attn_q_norm.weight
create_tensor: loading tensor blk.10.ffn_norm.weight
create_tensor: loading tensor blk.10.ffn_gate_inp.weight
tensor blk.10.ffn_gate_exps.weight (108 MiB q4_K) buffer type overridden to CUDA_Host
create_tensor: loading tensor blk.10.ffn_gate_exps.weight
tensor blk.10.ffn_down_exps.weight (108 MiB q4_K) buffer type overridden to CUDA_Host
create_tensor: loading tensor blk.10.ffn_down_exps.weight
tensor blk.10.ffn_up_exps.weight (108 MiB q4_K) buffer type overridden to CUDA_Host
create_tensor: loading tensor blk.10.ffn_up_exps.weight
create_tensor: loading tensor blk.11.attn_norm.weight
create_tensor: loading tensor blk.11.attn_q.weight
create_tensor: loading tensor blk.11.attn_k.weight
create_tensor: loading tensor blk.11.attn_v.weight
create_tensor: loading tensor blk.11.attn_output.weight
create_tensor: loading tensor blk.11.attn_k_norm.weight
create_tensor: loading tensor blk.11.attn_q_norm.weight
create_tensor: loading tensor blk.11.ffn_norm.weight
create_tensor: loading tensor blk.11.ffn_gate_inp.weight
tensor blk.11.ffn_gate_exps.weight (108 MiB q4_K) buffer type overridden to CUDA_Host
create_tensor: loading tensor blk.11.ffn_gate_exps.weight
tensor blk.11.ffn_down_exps.weight (157 MiB q6_K) buffer type overridden to CUDA_Host
create_tensor: loading tensor blk.11.ffn_down_exps.weight
tensor blk.11.ffn_up_exps.weight (108 MiB q4_K) buffer type overridden to CUDA_Host
create_tensor: loading tensor blk.11.ffn_up_exps.weight
create_tensor: loading tensor blk.12.attn_norm.weight
create_tensor: loading tensor blk.12.attn_q.weight
create_tensor: loading tensor blk.12.attn_k.weight
create_tensor: loading tensor blk.12.attn_v.weight
create_tensor: loading tensor blk.12.attn_output.weight
create_tensor: loading tensor blk.12.attn_k_norm.weight
create_tensor: loading tensor blk.12.attn_q_norm.weight
create_tensor: loading tensor blk.12.ffn_norm.weight
create_tensor: loading tensor blk.12.ffn_gate_inp.weight
tensor blk.12.ffn_gate_exps.weight (108 MiB q4_K) buffer type overridden to CUDA_Host
create_tensor: loading tensor blk.12.ffn_gate_exps.weight
tensor blk.12.ffn_down_exps.weight (108 MiB q4_K) buffer type overridden to CUDA_Host
create_tensor: loading tensor blk.12.ffn_down_exps.weight
tensor blk.12.ffn_up_exps.weight (108 MiB q4_K) buffer type overridden to CUDA_Host
create_tensor: loading tensor blk.12.ffn_up_exps.weight
create_tensor: loading tensor blk.13.attn_norm.weight
create_tensor: loading tensor blk.13.attn_q.weight
create_tensor: loading tensor blk.13.attn_k.weight
create_tensor: loading tensor blk.13.attn_v.weight
create_tensor: loading tensor blk.13.attn_output.weight
create_tensor: loading tensor blk.13.attn_k_norm.weight
create_tensor: loading tensor blk.13.attn_q_norm.weight
create_tensor: loading tensor blk.13.ffn_norm.weight
create_tensor: loading tensor blk.13.ffn_gate_inp.weight
tensor blk.13.ffn_gate_exps.weight (108 MiB q4_K) buffer type overridden to CUDA_Host
create_tensor: loading tensor blk.13.ffn_gate_exps.weight
tensor blk.13.ffn_down_exps.weight (108 MiB q4_K) buffer type overridden to CUDA_Host
create_tensor: loading tensor blk.13.ffn_down_exps.weight
tensor blk.13.ffn_up_exps.weight (108 MiB q4_K) buffer type overridden to CUDA_Host
create_tensor: loading tensor blk.13.ffn_up_exps.weight
create_tensor: loading tensor blk.14.attn_norm.weight
create_tensor: loading tensor blk.14.attn_q.weight
create_tensor: loading tensor blk.14.attn_k.weight
create_tensor: loading tensor blk.14.attn_v.weight
create_tensor: loading tensor blk.14.attn_output.weight
create_tensor: loading tensor blk.14.attn_k_norm.weight
create_tensor: loading tensor blk.14.attn_q_norm.weight
create_tensor: loading tensor blk.14.ffn_norm.weight
create_tensor: loading tensor blk.14.ffn_gate_inp.weight
tensor blk.14.ffn_gate_exps.weight (108 MiB q4_K) buffer type overridden to CUDA_Host
create_tensor: loading tensor blk.14.ffn_gate_exps.weight
tensor blk.14.ffn_down_exps.weight (157 MiB q6_K) buffer type overridden to CUDA_Host
create_tensor: loading tensor blk.14.ffn_down_exps.weight
tensor blk.14.ffn_up_exps.weight (108 MiB q4_K) buffer type overridden to CUDA_Host
create_tensor: loading tensor blk.14.ffn_up_exps.weight
create_tensor: loading tensor blk.15.attn_norm.weight
create_tensor: loading tensor blk.15.attn_q.weight
create_tensor: loading tensor blk.15.attn_k.weight
create_tensor: loading tensor blk.15.attn_v.weight
create_tensor: loading tensor blk.15.attn_output.weight
create_tensor: loading tensor blk.15.attn_k_norm.weight
create_tensor: loading tensor blk.15.attn_q_norm.weight
create_tensor: loading tensor blk.15.ffn_norm.weight
create_tensor: loading tensor blk.15.ffn_gate_inp.weight
tensor blk.15.ffn_gate_exps.weight (108 MiB q4_K) buffer type overridden to CUDA_Host
create_tensor: loading tensor blk.15.ffn_gate_exps.weight
tensor blk.15.ffn_down_exps.weight (108 MiB q4_K) buffer type overridden to CUDA_Host
create_tensor: loading tensor blk.15.ffn_down_exps.weight
tensor blk.15.ffn_up_exps.weight (108 MiB q4_K) buffer type overridden to CUDA_Host
create_tensor: loading tensor blk.15.ffn_up_exps.weight
create_tensor: loading tensor blk.16.attn_norm.weight
create_tensor: loading tensor blk.16.attn_q.weight
create_tensor: loading tensor blk.16.attn_k.weight
create_tensor: loading tensor blk.16.attn_v.weight
create_tensor: loading tensor blk.16.attn_output.weight
create_tensor: loading tensor blk.16.attn_k_norm.weight
create_tensor: loading tensor blk.16.attn_q_norm.weight
create_tensor: loading tensor blk.16.ffn_norm.weight
create_tensor: loading tensor blk.16.ffn_gate_inp.weight
tensor blk.16.ffn_gate_exps.weight (108 MiB q4_K) buffer type overridden to CUDA_Host
create_tensor: loading tensor blk.16.ffn_gate_exps.weight
tensor blk.16.ffn_down_exps.weight (108 MiB q4_K) buffer type overridden to CUDA_Host
create_tensor: loading tensor blk.16.ffn_down_exps.weight
tensor blk.16.ffn_up_exps.weight (108 MiB q4_K) buffer type overridden to CUDA_Host
create_tensor: loading tensor blk.16.ffn_up_exps.weight
create_tensor: loading tensor blk.17.attn_norm.weight
create_tensor: loading tensor blk.17.attn_q.weight
create_tensor: loading tensor blk.17.attn_k.weight
create_tensor: loading tensor blk.17.attn_v.weight
create_tensor: loading tensor blk.17.attn_output.weight
create_tensor: loading tensor blk.17.attn_k_norm.weight
create_tensor: loading tensor blk.17.attn_q_norm.weight
create_tensor: loading tensor blk.17.ffn_norm.weight
create_tensor: loading tensor blk.17.ffn_gate_inp.weight
tensor blk.17.ffn_gate_exps.weight (108 MiB q4_K) buffer type overridden to CUDA_Host
create_tensor: loading tensor blk.17.ffn_gate_exps.weight
tensor blk.17.ffn_down_exps.weight (157 MiB q6_K) buffer type overridden to CUDA_Host
create_tensor: loading tensor blk.17.ffn_down_exps.weight
tensor blk.17.ffn_up_exps.weight (108 MiB q4_K) buffer type overridden to CUDA_Host
create_tensor: loading tensor blk.17.ffn_up_exps.weight
create_tensor: loading tensor blk.18.attn_norm.weight
create_tensor: loading tensor blk.18.attn_q.weight
create_tensor: loading tensor blk.18.attn_k.weight
create_tensor: loading tensor blk.18.attn_v.weight
create_tensor: loading tensor blk.18.attn_output.weight
create_tensor: loading tensor blk.18.attn_k_norm.weight
create_tensor: loading tensor blk.18.attn_q_norm.weight
create_tensor: loading tensor blk.18.ffn_norm.weight
create_tensor: loading tensor blk.18.ffn_gate_inp.weight
tensor blk.18.ffn_gate_exps.weight (108 MiB q4_K) buffer type overridden to CUDA_Host
create_tensor: loading tensor blk.18.ffn_gate_exps.weight
tensor blk.18.ffn_down_exps.weight (108 MiB q4_K) buffer type overridden to CUDA_Host
create_tensor: loading tensor blk.18.ffn_down_exps.weight
tensor blk.18.ffn_up_exps.weight (108 MiB q4_K) buffer type overridden to CUDA_Host
create_tensor: loading tensor blk.18.ffn_up_exps.weight
create_tensor: loading tensor blk.19.attn_norm.weight
create_tensor: loading tensor blk.19.attn_q.weight
create_tensor: loading tensor blk.19.attn_k.weight
create_tensor: loading tensor blk.19.attn_v.weight
create_tensor: loading tensor blk.19.attn_output.weight
create_tensor: loading tensor blk.19.attn_k_norm.weight
create_tensor: loading tensor blk.19.attn_q_norm.weight
create_tensor: loading tensor blk.19.ffn_norm.weight
create_tensor: loading tensor blk.19.ffn_gate_inp.weight
tensor blk.19.ffn_gate_exps.weight (108 MiB q4_K) buffer type overridden to CUDA_Host
create_tensor: loading tensor blk.19.ffn_gate_exps.weight
tensor blk.19.ffn_down_exps.weight (108 MiB q4_K) buffer type overridden to CUDA_Host
create_tensor: loading tensor blk.19.ffn_down_exps.weight
tensor blk.19.ffn_up_exps.weight (108 MiB q4_K) buffer type overridden to CUDA_Host
create_tensor: loading tensor blk.19.ffn_up_exps.weight
create_tensor: loading tensor blk.20.attn_norm.weight
create_tensor: loading tensor blk.20.attn_q.weight
create_tensor: loading tensor blk.20.attn_k.weight
create_tensor: loading tensor blk.20.attn_v.weight
create_tensor: loading tensor blk.20.attn_output.weight
create_tensor: loading tensor blk.20.attn_k_norm.weight
create_tensor: loading tensor blk.20.attn_q_norm.weight
create_tensor: loading tensor blk.20.ffn_norm.weight
create_tensor: loading tensor blk.20.ffn_gate_inp.weight
tensor blk.20.ffn_gate_exps.weight (108 MiB q4_K) buffer type overridden to CUDA_Host
create_tensor: loading tensor blk.20.ffn_gate_exps.weight
tensor blk.20.ffn_down_exps.weight (157 MiB q6_K) buffer type overridden to CUDA_Host
create_tensor: loading tensor blk.20.ffn_down_exps.weight
tensor blk.20.ffn_up_exps.weight (108 MiB q4_K) buffer type overridden to CUDA_Host
create_tensor: loading tensor blk.20.ffn_up_exps.weight
create_tensor: loading tensor blk.21.attn_norm.weight
create_tensor: loading tensor blk.21.attn_q.weight
create_tensor: loading tensor blk.21.attn_k.weight
create_tensor: loading tensor blk.21.attn_v.weight
create_tensor: loading tensor blk.21.attn_output.weight
create_tensor: loading tensor blk.21.attn_k_norm.weight
create_tensor: loading tensor blk.21.attn_q_norm.weight
create_tensor: loading tensor blk.21.ffn_norm.weight
create_tensor: loading tensor blk.21.ffn_gate_inp.weight
tensor blk.21.ffn_gate_exps.weight (108 MiB q4_K) buffer type overridden to CUDA_Host
create_tensor: loading tensor blk.21.ffn_gate_exps.weight
tensor blk.21.ffn_down_exps.weight (108 MiB q4_K) buffer type overridden to CUDA_Host
create_tensor: loading tensor blk.21.ffn_down_exps.weight
tensor blk.21.ffn_up_exps.weight (108 MiB q4_K) buffer type overridden to CUDA_Host
create_tensor: loading tensor blk.21.ffn_up_exps.weight
create_tensor: loading tensor blk.22.attn_norm.weight
create_tensor: loading tensor blk.22.attn_q.weight
create_tensor: loading tensor blk.22.attn_k.weight
create_tensor: loading tensor blk.22.attn_v.weight
create_tensor: loading tensor blk.22.attn_output.weight
create_tensor: loading tensor blk.22.attn_k_norm.weight
create_tensor: loading tensor blk.22.attn_q_norm.weight
create_tensor: loading tensor blk.22.ffn_norm.weight
create_tensor: loading tensor blk.22.ffn_gate_inp.weight
tensor blk.22.ffn_gate_exps.weight (108 MiB q4_K) buffer type overridden to CUDA_Host
create_tensor: loading tensor blk.22.ffn_gate_exps.weight
tensor blk.22.ffn_down_exps.weight (108 MiB q4_K) buffer type overridden to CUDA_Host
create_tensor: loading tensor blk.22.ffn_down_exps.weight
tensor blk.22.ffn_up_exps.weight (108 MiB q4_K) buffer type overridden to CUDA_Host
create_tensor: loading tensor blk.22.ffn_up_exps.weight
create_tensor: loading tensor blk.23.attn_norm.weight
create_tensor: loading tensor blk.23.attn_q.weight
create_tensor: loading tensor blk.23.attn_k.weight
create_tensor: loading tensor blk.23.attn_v.weight
create_tensor: loading tensor blk.23.attn_output.weight
create_tensor: loading tensor blk.23.attn_k_norm.weight
create_tensor: loading tensor blk.23.attn_q_norm.weight
create_tensor: loading tensor blk.23.ffn_norm.weight
create_tensor: loading tensor blk.23.ffn_gate_inp.weight
tensor blk.23.ffn_gate_exps.weight (108 MiB q4_K) buffer type overridden to CUDA_Host
create_tensor: loading tensor blk.23.ffn_gate_exps.weight
tensor blk.23.ffn_down_exps.weight (157 MiB q6_K) buffer type overridden to CUDA_Host
create_tensor: loading tensor blk.23.ffn_down_exps.weight
tensor blk.23.ffn_up_exps.weight (108 MiB q4_K) buffer type overridden to CUDA_Host
create_tensor: loading tensor blk.23.ffn_up_exps.weight
create_tensor: loading tensor blk.24.attn_norm.weight
create_tensor: loading tensor blk.24.attn_q.weight
create_tensor: loading tensor blk.24.attn_k.weight
create_tensor: loading tensor blk.24.attn_v.weight
create_tensor: loading tensor blk.24.attn_output.weight
create_tensor: loading tensor blk.24.attn_k_norm.weight
create_tensor: loading tensor blk.24.attn_q_norm.weight
create_tensor: loading tensor blk.24.ffn_norm.weight
create_tensor: loading tensor blk.24.ffn_gate_inp.weight
tensor blk.24.ffn_gate_exps.weight (108 MiB q4_K) buffer type overridden to CUDA_Host
create_tensor: loading tensor blk.24.ffn_gate_exps.weight
tensor blk.24.ffn_down_exps.weight (108 MiB q4_K) buffer type overridden to CUDA_Host
create_tensor: loading tensor blk.24.ffn_down_exps.weight
tensor blk.24.ffn_up_exps.weight (108 MiB q4_K) buffer type overridden to CUDA_Host
create_tensor: loading tensor blk.24.ffn_up_exps.weight
create_tensor: loading tensor blk.25.attn_norm.weight
create_tensor: loading tensor blk.25.attn_q.weight
create_tensor: loading tensor blk.25.attn_k.weight
create_tensor: loading tensor blk.25.attn_v.weight
create_tensor: loading tensor blk.25.attn_output.weight
create_tensor: loading tensor blk.25.attn_k_norm.weight
create_tensor: loading tensor blk.25.attn_q_norm.weight
create_tensor: loading tensor blk.25.ffn_norm.weight
create_tensor: loading tensor blk.25.ffn_gate_inp.weight
tensor blk.25.ffn_gate_exps.weight (108 MiB q4_K) buffer type overridden to CUDA_Host
create_tensor: loading tensor blk.25.ffn_gate_exps.weight
tensor blk.25.ffn_down_exps.weight (108 MiB q4_K) buffer type overridden to CUDA_Host
create_tensor: loading tensor blk.25.ffn_down_exps.weight
tensor blk.25.ffn_up_exps.weight (108 MiB q4_K) buffer type overridden to CUDA_Host
create_tensor: loading tensor blk.25.ffn_up_exps.weight
create_tensor: loading tensor blk.26.attn_norm.weight
create_tensor: loading tensor blk.26.attn_q.weight
create_tensor: loading tensor blk.26.attn_k.weight
create_tensor: loading tensor blk.26.attn_v.weight
create_tensor: loading tensor blk.26.attn_output.weight
create_tensor: loading tensor blk.26.attn_k_norm.weight
create_tensor: loading tensor blk.26.attn_q_norm.weight
create_tensor: loading tensor blk.26.ffn_norm.weight
create_tensor: loading tensor blk.26.ffn_gate_inp.weight
tensor blk.26.ffn_gate_exps.weight (108 MiB q4_K) buffer type overridden to CUDA_Host
create_tensor: loading tensor blk.26.ffn_gate_exps.weight
tensor blk.26.ffn_down_exps.weight (157 MiB q6_K) buffer type overridden to CUDA_Host
create_tensor: loading tensor blk.26.ffn_down_exps.weight
tensor blk.26.ffn_up_exps.weight (108 MiB q4_K) buffer type overridden to CUDA_Host
create_tensor: loading tensor blk.26.ffn_up_exps.weight
create_tensor: loading tensor blk.27.attn_norm.weight
create_tensor: loading tensor blk.27.attn_q.weight
create_tensor: loading tensor blk.27.attn_k.weight
create_tensor: loading tensor blk.27.attn_v.weight
create_tensor: loading tensor blk.27.attn_output.weight
create_tensor: loading tensor blk.27.attn_k_norm.weight
create_tensor: loading tensor blk.27.attn_q_norm.weight
create_tensor: loading tensor blk.27.ffn_norm.weight
create_tensor: loading tensor blk.27.ffn_gate_inp.weight
tensor blk.27.ffn_gate_exps.weight (108 MiB q4_K) buffer type overridden to CUDA_Host
create_tensor: loading tensor blk.27.ffn_gate_exps.weight
tensor blk.27.ffn_down_exps.weight (108 MiB q4_K) buffer type overridden to CUDA_Host
create_tensor: loading tensor blk.27.ffn_down_exps.weight
tensor blk.27.ffn_up_exps.weight (108 MiB q4_K) buffer type overridden to CUDA_Host
create_tensor: loading tensor blk.27.ffn_up_exps.weight
create_tensor: loading tensor blk.28.attn_norm.weight
create_tensor: loading tensor blk.28.attn_q.weight
create_tensor: loading tensor blk.28.attn_k.weight
create_tensor: loading tensor blk.28.attn_v.weight
create_tensor: loading tensor blk.28.attn_output.weight
create_tensor: loading tensor blk.28.attn_k_norm.weight
create_tensor: loading tensor blk.28.attn_q_norm.weight
create_tensor: loading tensor blk.28.ffn_norm.weight
create_tensor: loading tensor blk.28.ffn_gate_inp.weight
tensor blk.28.ffn_gate_exps.weight (108 MiB q4_K) buffer type overridden to CUDA_Host
create_tensor: loading tensor blk.28.ffn_gate_exps.weight
tensor blk.28.ffn_down_exps.weight (108 MiB q4_K) buffer type overridden to CUDA_Host
create_tensor: loading tensor blk.28.ffn_down_exps.weight
tensor blk.28.ffn_up_exps.weight (108 MiB q4_K) buffer type overridden to CUDA_Host
create_tensor: loading tensor blk.28.ffn_up_exps.weight
create_tensor: loading tensor blk.29.attn_norm.weight
create_tensor: loading tensor blk.29.attn_q.weight
create_tensor: loading tensor blk.29.attn_k.weight
create_tensor: loading tensor blk.29.attn_v.weight
create_tensor: loading tensor blk.29.attn_output.weight
create_tensor: loading tensor blk.29.attn_k_norm.weight
create_tensor: loading tensor blk.29.attn_q_norm.weight
create_tensor: loading tensor blk.29.ffn_norm.weight
create_tensor: loading tensor blk.29.ffn_gate_inp.weight
tensor blk.29.ffn_gate_exps.weight (108 MiB q4_K) buffer type overridden to CUDA_Host
create_tensor: loading tensor blk.29.ffn_gate_exps.weight
tensor blk.29.ffn_down_exps.weight (157 MiB q6_K) buffer type overridden to CUDA_Host
create_tensor: loading tensor blk.29.ffn_down_exps.weight
tensor blk.29.ffn_up_exps.weight (108 MiB q4_K) buffer type overridden to CUDA_Host
create_tensor: loading tensor blk.29.ffn_up_exps.weight
create_tensor: loading tensor blk.30.attn_norm.weight
create_tensor: loading tensor blk.30.attn_q.weight
create_tensor: loading tensor blk.30.attn_k.weight
create_tensor: loading tensor blk.30.attn_v.weight
create_tensor: loading tensor blk.30.attn_output.weight
create_tensor: loading tensor blk.30.attn_k_norm.weight
create_tensor: loading tensor blk.30.attn_q_norm.weight
create_tensor: loading tensor blk.30.ffn_norm.weight
create_tensor: loading tensor blk.30.ffn_gate_inp.weight
tensor blk.30.ffn_gate_exps.weight (108 MiB q4_K) buffer type overridden to CUDA_Host
create_tensor: loading tensor blk.30.ffn_gate_exps.weight
tensor blk.30.ffn_down_exps.weight (108 MiB q4_K) buffer type overridden to CUDA_Host
create_tensor: loading tensor blk.30.ffn_down_exps.weight
tensor blk.30.ffn_up_exps.weight (108 MiB q4_K) buffer type overridden to CUDA_Host
create_tensor: loading tensor blk.30.ffn_up_exps.weight
create_tensor: loading tensor blk.31.attn_norm.weight
create_tensor: loading tensor blk.31.attn_q.weight
create_tensor: loading tensor blk.31.attn_k.weight
create_tensor: loading tensor blk.31.attn_v.weight
create_tensor: loading tensor blk.31.attn_output.weight
create_tensor: loading tensor blk.31.attn_k_norm.weight
create_tensor: loading tensor blk.31.attn_q_norm.weight
create_tensor: loading tensor blk.31.ffn_norm.weight
create_tensor: loading tensor blk.31.ffn_gate_inp.weight
tensor blk.31.ffn_gate_exps.weight (108 MiB q4_K) buffer type overridden to CUDA_Host
create_tensor: loading tensor blk.31.ffn_gate_exps.weight
tensor blk.31.ffn_down_exps.weight (108 MiB q4_K) buffer type overridden to CUDA_Host
create_tensor: loading tensor blk.31.ffn_down_exps.weight
tensor blk.31.ffn_up_exps.weight (108 MiB q4_K) buffer type overridden to CUDA_Host
create_tensor: loading tensor blk.31.ffn_up_exps.weight
create_tensor: loading tensor blk.32.attn_norm.weight
create_tensor: loading tensor blk.32.attn_q.weight
create_tensor: loading tensor blk.32.attn_k.weight
create_tensor: loading tensor blk.32.attn_v.weight
create_tensor: loading tensor blk.32.attn_output.weight
create_tensor: loading tensor blk.32.attn_k_norm.weight
create_tensor: loading tensor blk.32.attn_q_norm.weight
create_tensor: loading tensor blk.32.ffn_norm.weight
create_tensor: loading tensor blk.32.ffn_gate_inp.weight
tensor blk.32.ffn_gate_exps.weight (108 MiB q4_K) buffer type overridden to CUDA_Host
create_tensor: loading tensor blk.32.ffn_gate_exps.weight
tensor blk.32.ffn_down_exps.weight (157 MiB q6_K) buffer type overridden to CUDA_Host
create_tensor: loading tensor blk.32.ffn_down_exps.weight
tensor blk.32.ffn_up_exps.weight (108 MiB q4_K) buffer type overridden to CUDA_Host
create_tensor: loading tensor blk.32.ffn_up_exps.weight
create_tensor: loading tensor blk.33.attn_norm.weight
create_tensor: loading tensor blk.33.attn_q.weight
create_tensor: loading tensor blk.33.attn_k.weight
create_tensor: loading tensor blk.33.attn_v.weight
create_tensor: loading tensor blk.33.attn_output.weight
create_tensor: loading tensor blk.33.attn_k_norm.weight
create_tensor: loading tensor blk.33.attn_q_norm.weight
create_tensor: loading tensor blk.33.ffn_norm.weight
create_tensor: loading tensor blk.33.ffn_gate_inp.weight
tensor blk.33.ffn_gate_exps.weight (108 MiB q4_K) buffer type overridden to CUDA_Host
create_tensor: loading tensor blk.33.ffn_gate_exps.weight
tensor blk.33.ffn_down_exps.weight (108 MiB q4_K) buffer type overridden to CUDA_Host
create_tensor: loading tensor blk.33.ffn_down_exps.weight
tensor blk.33.ffn_up_exps.weight (108 MiB q4_K) buffer type overridden to CUDA_Host
create_tensor: loading tensor blk.33.ffn_up_exps.weight
create_tensor: loading tensor blk.34.attn_norm.weight
create_tensor: loading tensor blk.34.attn_q.weight
create_tensor: loading tensor blk.34.attn_k.weight
create_tensor: loading tensor blk.34.attn_v.weight
create_tensor: loading tensor blk.34.attn_output.weight
create_tensor: loading tensor blk.34.attn_k_norm.weight
create_tensor: loading tensor blk.34.attn_q_norm.weight
create_tensor: loading tensor blk.34.ffn_norm.weight
create_tensor: loading tensor blk.34.ffn_gate_inp.weight
tensor blk.34.ffn_gate_exps.weight (108 MiB q4_K) buffer type overridden to CUDA_Host
create_tensor: loading tensor blk.34.ffn_gate_exps.weight
tensor blk.34.ffn_down_exps.weight (108 MiB q4_K) buffer type overridden to CUDA_Host
create_tensor: loading tensor blk.34.ffn_down_exps.weight
tensor blk.34.ffn_up_exps.weight (108 MiB q4_K) buffer type overridden to CUDA_Host
create_tensor: loading tensor blk.34.ffn_up_exps.weight
create_tensor: loading tensor blk.35.attn_norm.weight
create_tensor: loading tensor blk.35.attn_q.weight
create_tensor: loading tensor blk.35.attn_k.weight
create_tensor: loading tensor blk.35.attn_v.weight
create_tensor: loading tensor blk.35.attn_output.weight
create_tensor: loading tensor blk.35.attn_k_norm.weight
create_tensor: loading tensor blk.35.attn_q_norm.weight
create_tensor: loading tensor blk.35.ffn_norm.weight
create_tensor: loading tensor blk.35.ffn_gate_inp.weight
tensor blk.35.ffn_gate_exps.weight (108 MiB q4_K) buffer type overridden to CUDA_Host
create_tensor: loading tensor blk.35.ffn_gate_exps.weight
tensor blk.35.ffn_down_exps.weight (157 MiB q6_K) buffer type overridden to CUDA_Host
create_tensor: loading tensor blk.35.ffn_down_exps.weight
tensor blk.35.ffn_up_exps.weight (108 MiB q4_K) buffer type overridden to CUDA_Host
create_tensor: loading tensor blk.35.ffn_up_exps.weight
create_tensor: loading tensor blk.36.attn_norm.weight
create_tensor: loading tensor blk.36.attn_q.weight
create_tensor: loading tensor blk.36.attn_k.weight
create_tensor: loading tensor blk.36.attn_v.weight
create_tensor: loading tensor blk.36.attn_output.weight
create_tensor: loading tensor blk.36.attn_k_norm.weight
create_tensor: loading tensor blk.36.attn_q_norm.weight
create_tensor: loading tensor blk.36.ffn_norm.weight
create_tensor: loading tensor blk.36.ffn_gate_inp.weight
tensor blk.36.ffn_gate_exps.weight (108 MiB q4_K) buffer type overridden to CUDA_Host
create_tensor: loading tensor blk.36.ffn_gate_exps.weight
tensor blk.36.ffn_down_exps.weight (108 MiB q4_K) buffer type overridden to CUDA_Host
create_tensor: loading tensor blk.36.ffn_down_exps.weight
tensor blk.36.ffn_up_exps.weight (108 MiB q4_K) buffer type overridden to CUDA_Host
create_tensor: loading tensor blk.36.ffn_up_exps.weight
create_tensor: loading tensor blk.37.attn_norm.weight
create_tensor: loading tensor blk.37.attn_q.weight
create_tensor: loading tensor blk.37.attn_k.weight
create_tensor: loading tensor blk.37.attn_v.weight
create_tensor: loading tensor blk.37.attn_output.weight
create_tensor: loading tensor blk.37.attn_k_norm.weight
create_tensor: loading tensor blk.37.attn_q_norm.weight
create_tensor: loading tensor blk.37.ffn_norm.weight
create_tensor: loading tensor blk.37.ffn_gate_inp.weight
tensor blk.37.ffn_gate_exps.weight (108 MiB q4_K) buffer type overridden to CUDA_Host
create_tensor: loading tensor blk.37.ffn_gate_exps.weight
tensor blk.37.ffn_down_exps.weight (108 MiB q4_K) buffer type overridden to CUDA_Host
create_tensor: loading tensor blk.37.ffn_down_exps.weight
tensor blk.37.ffn_up_exps.weight (108 MiB q4_K) buffer type overridden to CUDA_Host
create_tensor: loading tensor blk.37.ffn_up_exps.weight
create_tensor: loading tensor blk.38.attn_norm.weight
create_tensor: loading tensor blk.38.attn_q.weight
create_tensor: loading tensor blk.38.attn_k.weight
create_tensor: loading tensor blk.38.attn_v.weight
create_tensor: loading tensor blk.38.attn_output.weight
create_tensor: loading tensor blk.38.attn_k_norm.weight
create_tensor: loading tensor blk.38.attn_q_norm.weight
create_tensor: loading tensor blk.38.ffn_norm.weight
create_tensor: loading tensor blk.38.ffn_gate_inp.weight
tensor blk.38.ffn_gate_exps.weight (108 MiB q4_K) buffer type overridden to CUDA_Host
create_tensor: loading tensor blk.38.ffn_gate_exps.weight
tensor blk.38.ffn_down_exps.weight (157 MiB q6_K) buffer type overridden to CUDA_Host
create_tensor: loading tensor blk.38.ffn_down_exps.weight
tensor blk.38.ffn_up_exps.weight (108 MiB q4_K) buffer type overridden to CUDA_Host
create_tensor: loading tensor blk.38.ffn_up_exps.weight
create_tensor: loading tensor blk.39.attn_norm.weight
create_tensor: loading tensor blk.39.attn_q.weight
create_tensor: loading tensor blk.39.attn_k.weight
create_tensor: loading tensor blk.39.attn_v.weight
create_tensor: loading tensor blk.39.attn_output.weight
create_tensor: loading tensor blk.39.attn_k_norm.weight
create_tensor: loading tensor blk.39.attn_q_norm.weight
create_tensor: loading tensor blk.39.ffn_norm.weight
create_tensor: loading tensor blk.39.ffn_gate_inp.weight
tensor blk.39.ffn_gate_exps.weight (108 MiB q4_K) buffer type overridden to CUDA_Host
create_tensor: loading tensor blk.39.ffn_gate_exps.weight
tensor blk.39.ffn_down_exps.weight (108 MiB q4_K) buffer type overridden to CUDA_Host
create_tensor: loading tensor blk.39.ffn_down_exps.weight
tensor blk.39.ffn_up_exps.weight (108 MiB q4_K) buffer type overridden to CUDA_Host
create_tensor: loading tensor blk.39.ffn_up_exps.weight
create_tensor: loading tensor blk.40.attn_norm.weight
create_tensor: loading tensor blk.40.attn_q.weight
create_tensor: loading tensor blk.40.attn_k.weight
create_tensor: loading tensor blk.40.attn_v.weight
create_tensor: loading tensor blk.40.attn_output.weight
create_tensor: loading tensor blk.40.attn_k_norm.weight
create_tensor: loading tensor blk.40.attn_q_norm.weight
create_tensor: loading tensor blk.40.ffn_norm.weight
create_tensor: loading tensor blk.40.ffn_gate_inp.weight
tensor blk.40.ffn_gate_exps.weight (108 MiB q4_K) buffer type overridden to CUDA_Host
create_tensor: loading tensor blk.40.ffn_gate_exps.weight
tensor blk.40.ffn_down_exps.weight (108 MiB q4_K) buffer type overridden to CUDA_Host
create_tensor: loading tensor blk.40.ffn_down_exps.weight
tensor blk.40.ffn_up_exps.weight (108 MiB q4_K) buffer type overridden to CUDA_Host
create_tensor: loading tensor blk.40.ffn_up_exps.weight
create_tensor: loading tensor blk.41.attn_norm.weight
create_tensor: loading tensor blk.41.attn_q.weight
create_tensor: loading tensor blk.41.attn_k.weight
create_tensor: loading tensor blk.41.attn_v.weight
create_tensor: loading tensor blk.41.attn_output.weight
create_tensor: loading tensor blk.41.attn_k_norm.weight
create_tensor: loading tensor blk.41.attn_q_norm.weight
create_tensor: loading tensor blk.41.ffn_norm.weight
create_tensor: loading tensor blk.41.ffn_gate_inp.weight
tensor blk.41.ffn_gate_exps.weight (108 MiB q4_K) buffer type overridden to CUDA_Host
create_tensor: loading tensor blk.41.ffn_gate_exps.weight
tensor blk.41.ffn_down_exps.weight (157 MiB q6_K) buffer type overridden to CUDA_Host
create_tensor: loading tensor blk.41.ffn_down_exps.weight
tensor blk.41.ffn_up_exps.weight (108 MiB q4_K) buffer type overridden to CUDA_Host
create_tensor: loading tensor blk.41.ffn_up_exps.weight
create_tensor: loading tensor blk.42.attn_norm.weight
create_tensor: loading tensor blk.42.attn_q.weight
create_tensor: loading tensor blk.42.attn_k.weight
create_tensor: loading tensor blk.42.attn_v.weight
create_tensor: loading tensor blk.42.attn_output.weight
create_tensor: loading tensor blk.42.attn_k_norm.weight
create_tensor: loading tensor blk.42.attn_q_norm.weight
create_tensor: loading tensor blk.42.ffn_norm.weight
create_tensor: loading tensor blk.42.ffn_gate_inp.weight
tensor blk.42.ffn_gate_exps.weight (108 MiB q4_K) buffer type overridden to CUDA_Host
create_tensor: loading tensor blk.42.ffn_gate_exps.weight
tensor blk.42.ffn_down_exps.weight (157 MiB q6_K) buffer type overridden to CUDA_Host
create_tensor: loading tensor blk.42.ffn_down_exps.weight
tensor blk.42.ffn_up_exps.weight (108 MiB q4_K) buffer type overridden to CUDA_Host
create_tensor: loading tensor blk.42.ffn_up_exps.weight
create_tensor: loading tensor blk.43.attn_norm.weight
create_tensor: loading tensor blk.43.attn_q.weight
create_tensor: loading tensor blk.43.attn_k.weight
create_tensor: loading tensor blk.43.attn_v.weight
create_tensor: loading tensor blk.43.attn_output.weight
create_tensor: loading tensor blk.43.attn_k_norm.weight
create_tensor: loading tensor blk.43.attn_q_norm.weight
create_tensor: loading tensor blk.43.ffn_norm.weight
create_tensor: loading tensor blk.43.ffn_gate_inp.weight
tensor blk.43.ffn_gate_exps.weight (108 MiB q4_K) buffer type overridden to CUDA_Host
create_tensor: loading tensor blk.43.ffn_gate_exps.weight
tensor blk.43.ffn_down_exps.weight (157 MiB q6_K) buffer type overridden to CUDA_Host
create_tensor: loading tensor blk.43.ffn_down_exps.weight
tensor blk.43.ffn_up_exps.weight (108 MiB q4_K) buffer type overridden to CUDA_Host
create_tensor: loading tensor blk.43.ffn_up_exps.weight
create_tensor: loading tensor blk.44.attn_norm.weight
create_tensor: loading tensor blk.44.attn_q.weight
create_tensor: loading tensor blk.44.attn_k.weight
create_tensor: loading tensor blk.44.attn_v.weight
create_tensor: loading tensor blk.44.attn_output.weight
create_tensor: loading tensor blk.44.attn_k_norm.weight
create_tensor: loading tensor blk.44.attn_q_norm.weight
create_tensor: loading tensor blk.44.ffn_norm.weight
create_tensor: loading tensor blk.44.ffn_gate_inp.weight
tensor blk.44.ffn_gate_exps.weight (108 MiB q4_K) buffer type overridden to CUDA_Host
create_tensor: loading tensor blk.44.ffn_gate_exps.weight
tensor blk.44.ffn_down_exps.weight (157 MiB q6_K) buffer type overridden to CUDA_Host
create_tensor: loading tensor blk.44.ffn_down_exps.weight
tensor blk.44.ffn_up_exps.weight (108 MiB q4_K) buffer type overridden to CUDA_Host
create_tensor: loading tensor blk.44.ffn_up_exps.weight
create_tensor: loading tensor blk.45.attn_norm.weight
create_tensor: loading tensor blk.45.attn_q.weight
create_tensor: loading tensor blk.45.attn_k.weight
create_tensor: loading tensor blk.45.attn_v.weight
create_tensor: loading tensor blk.45.attn_output.weight
create_tensor: loading tensor blk.45.attn_k_norm.weight
create_tensor: loading tensor blk.45.attn_q_norm.weight
create_tensor: loading tensor blk.45.ffn_norm.weight
create_tensor: loading tensor blk.45.ffn_gate_inp.weight
tensor blk.45.ffn_gate_exps.weight (108 MiB q4_K) buffer type overridden to CUDA_Host
create_tensor: loading tensor blk.45.ffn_gate_exps.weight
tensor blk.45.ffn_down_exps.weight (157 MiB q6_K) buffer type overridden to CUDA_Host
create_tensor: loading tensor blk.45.ffn_down_exps.weight
tensor blk.45.ffn_up_exps.weight (108 MiB q4_K) buffer type overridden to CUDA_Host
create_tensor: loading tensor blk.45.ffn_up_exps.weight
create_tensor: loading tensor blk.46.attn_norm.weight
create_tensor: loading tensor blk.46.attn_q.weight
create_tensor: loading tensor blk.46.attn_k.weight
create_tensor: loading tensor blk.46.attn_v.weight
create_tensor: loading tensor blk.46.attn_output.weight
create_tensor: loading tensor blk.46.attn_k_norm.weight
create_tensor: loading tensor blk.46.attn_q_norm.weight
create_tensor: loading tensor blk.46.ffn_norm.weight
create_tensor: loading tensor blk.46.ffn_gate_inp.weight
tensor blk.46.ffn_gate_exps.weight (108 MiB q4_K) buffer type overridden to CUDA_Host
create_tensor: loading tensor blk.46.ffn_gate_exps.weight
tensor blk.46.ffn_down_exps.weight (157 MiB q6_K) buffer type overridden to CUDA_Host
create_tensor: loading tensor blk.46.ffn_down_exps.weight
tensor blk.46.ffn_up_exps.weight (108 MiB q4_K) buffer type overridden to CUDA_Host
create_tensor: loading tensor blk.46.ffn_up_exps.weight
create_tensor: loading tensor blk.47.attn_norm.weight
create_tensor: loading tensor blk.47.attn_q.weight
create_tensor: loading tensor blk.47.attn_k.weight
create_tensor: loading tensor blk.47.attn_v.weight
create_tensor: loading tensor blk.47.attn_output.weight
create_tensor: loading tensor blk.47.attn_k_norm.weight
create_tensor: loading tensor blk.47.attn_q_norm.weight
create_tensor: loading tensor blk.47.ffn_norm.weight
create_tensor: loading tensor blk.47.ffn_gate_inp.weight
tensor blk.47.ffn_gate_exps.weight (108 MiB q4_K) buffer type overridden to CUDA_Host
create_tensor: loading tensor blk.47.ffn_gate_exps.weight
tensor blk.47.ffn_down_exps.weight (157 MiB q6_K) buffer type overridden to CUDA_Host
create_tensor: loading tensor blk.47.ffn_down_exps.weight
tensor blk.47.ffn_up_exps.weight (108 MiB q4_K) buffer type overridden to CUDA_Host
create_tensor: loading tensor blk.47.ffn_up_exps.weight
done_getting_tensors: tensor 'token_embd.weight' (q4_K) (and 144 others) cannot be used with preferred buffer type CUDA_Host, using CPU instead
ggml_backend_cuda_get_available_uma_memory: final available_memory_kb: 123900380
load_tensors: offloading output layer to GPU
load_tensors: offloading 47 repeating layers to GPU
load_tensors: offloaded 49/49 layers to GPU
load_tensors:   CPU_Mapped model buffer size = 17447.91 MiB
load_tensors:        CUDA0 model buffer size =   784.42 MiB
....................................................................................................
llama_context: constructing llama_context
llama_context: n_seq_max     = 1
llama_context: n_ctx         = 8448
llama_context: n_ctx_seq     = 8448
llama_context: n_batch       = 2048
llama_context: n_ubatch      = 2048
llama_context: causal_attn   = 1
llama_context: flash_attn    = auto
llama_context: kv_unified    = false
llama_context: freq_base     = 1000000.0
llama_context: freq_scale    = 1
llama_context: n_rs_seq      = 0
llama_context: n_outputs_max = 2048
llama_context: n_ctx_seq (8448) < n_ctx_train (40960) -- the full capacity of the model will not be utilized
set_abort_callback: call
llama_context:  CUDA_Host  output buffer size =     0.58 MiB
llama_kv_cache: layer   0: dev = CUDA0
llama_kv_cache: layer   1: dev = CUDA0
llama_kv_cache: layer   2: dev = CUDA0
llama_kv_cache: layer   3: dev = CUDA0
llama_kv_cache: layer   4: dev = CUDA0
llama_kv_cache: layer   5: dev = CUDA0
llama_kv_cache: layer   6: dev = CUDA0
llama_kv_cache: layer   7: dev = CUDA0
llama_kv_cache: layer   8: dev = CUDA0
llama_kv_cache: layer   9: dev = CUDA0
llama_kv_cache: layer  10: dev = CUDA0
llama_kv_cache: layer  11: dev = CUDA0
llama_kv_cache: layer  12: dev = CUDA0
llama_kv_cache: layer  13: dev = CUDA0
llama_kv_cache: layer  14: dev = CUDA0
llama_kv_cache: layer  15: dev = CUDA0
llama_kv_cache: layer  16: dev = CUDA0
llama_kv_cache: layer  17: dev = CUDA0
llama_kv_cache: layer  18: dev = CUDA0
llama_kv_cache: layer  19: dev = CUDA0
llama_kv_cache: layer  20: dev = CUDA0
llama_kv_cache: layer  21: dev = CUDA0
llama_kv_cache: layer  22: dev = CUDA0
llama_kv_cache: layer  23: dev = CUDA0
llama_kv_cache: layer  24: dev = CUDA0
llama_kv_cache: layer  25: dev = CUDA0
llama_kv_cache: layer  26: dev = CUDA0
llama_kv_cache: layer  27: dev = CUDA0
llama_kv_cache: layer  28: dev = CUDA0
llama_kv_cache: layer  29: dev = CUDA0
llama_kv_cache: layer  30: dev = CUDA0
llama_kv_cache: layer  31: dev = CUDA0
llama_kv_cache: layer  32: dev = CUDA0
llama_kv_cache: layer  33: dev = CUDA0
llama_kv_cache: layer  34: dev = CUDA0
llama_kv_cache: layer  35: dev = CUDA0
llama_kv_cache: layer  36: dev = CUDA0
llama_kv_cache: layer  37: dev = CUDA0
llama_kv_cache: layer  38: dev = CUDA0
llama_kv_cache: layer  39: dev = CUDA0
llama_kv_cache: layer  40: dev = CUDA0
llama_kv_cache: layer  41: dev = CUDA0
llama_kv_cache: layer  42: dev = CUDA0
llama_kv_cache: layer  43: dev = CUDA0
llama_kv_cache: layer  44: dev = CUDA0
llama_kv_cache: layer  45: dev = CUDA0
llama_kv_cache: layer  46: dev = CUDA0
llama_kv_cache: layer  47: dev = CUDA0
llama_kv_cache:      CUDA0 KV buffer size =   792.00 MiB
llama_kv_cache: size =  792.00 MiB (  8448 cells,  48 layers,  1/1 seqs), K (f16):  396.00 MiB, V (f16):  396.00 MiB
llama_kv_cache: attn_rot_k = 0, n_embd_head_k_all = 128
llama_kv_cache: attn_rot_v = 0, n_embd_head_k_all = 128
llama_context: enumerating backends
llama_context: backend_ptrs.size() = 2
sched_reserve: reserving ...
sched_reserve: max_nodes = 4632
sched_reserve: reserving full memory module
sched_reserve: worst-case: n_tokens = 2048, n_seqs = 1, n_outputs = 1
graph_reserve: reserving a graph for ubatch with n_tokens =    1, n_seqs =  1, n_outputs =    1
sched_reserve: Flash Attention was auto, set to enabled
sched_reserve: resolving fused Gated Delta Net support:
graph_reserve: reserving a graph for ubatch with n_tokens =    1, n_seqs =  1, n_outputs =    1
sched_reserve: fused Gated Delta Net (autoregressive) enabled
graph_reserve: reserving a graph for ubatch with n_tokens =   16, n_seqs =  1, n_outputs =   16
sched_reserve: fused Gated Delta Net (chunked) enabled
graph_reserve: reserving a graph for ubatch with n_tokens = 2048, n_seqs =  1, n_outputs = 2048
graph_reserve: reserving a graph for ubatch with n_tokens =    1, n_seqs =  1, n_outputs =    1
graph_reserve: reserving a graph for ubatch with n_tokens = 2048, n_seqs =  1, n_outputs = 2048
sched_reserve:      CUDA0 compute buffer size =  1203.00 MiB
sched_reserve:  CUDA_Host compute buffer size =    65.05 MiB
sched_reserve: graph nodes  = 3030
sched_reserve: graph splits = 146 (with bs=2048), 98 (with bs=1)
sched_reserve: reserve took 269.45 ms, sched copies = 1
CUDA Graph id 1277 reused
ggml_backend_cuda_graph_compute: CUDA graph warmup complete
CUDA Graph id 1279 reused
ggml_backend_cuda_graph_compute: CUDA graph warmup complete
CUDA Graph id 1281 reused
ggml_backend_cuda_graph_compute: CUDA graph warmup complete
CUDA Graph id 1283 reused
ggml_backend_cuda_graph_compute: CUDA graph warmup complete
CUDA Graph id 1285 reused
ggml_backend_cuda_graph_compute: CUDA graph warmup complete
CUDA Graph id 1287 reused
ggml_backend_cuda_graph_compute: CUDA graph warmup complete
CUDA Graph id 1289 reused
ggml_backend_cuda_graph_compute: CUDA graph warmup complete
CUDA Graph id 1291 reused
ggml_backend_cuda_graph_compute: CUDA graph warmup complete
CUDA Graph id 1293 reused
ggml_backend_cuda_graph_compute: CUDA graph warmup complete
CUDA Graph id 1295 reused
ggml_backend_cuda_graph_compute: CUDA graph warmup complete
CUDA Graph id 1297 reused
ggml_backend_cuda_graph_compute: CUDA graph warmup complete
CUDA Graph id 1299 reused
ggml_backend_cuda_graph_compute: CUDA graph warmup complete
CUDA Graph id 1301 reused
ggml_backend_cuda_graph_compute: CUDA graph warmup complete
CUDA Graph id 1303 reused
ggml_backend_cuda_graph_compute: CUDA graph warmup complete
CUDA Graph id 1305 reused
ggml_backend_cuda_graph_compute: CUDA graph warmup complete
CUDA Graph id 1307 reused
ggml_backend_cuda_graph_compute: CUDA graph warmup complete
CUDA Graph id 1309 reused
ggml_backend_cuda_graph_compute: CUDA graph warmup complete
CUDA Graph id 1311 reused
ggml_backend_cuda_graph_compute: CUDA graph warmup complete
CUDA Graph id 1313 reused
ggml_backend_cuda_graph_compute: CUDA graph warmup complete
CUDA Graph id 1315 reused
ggml_backend_cuda_graph_compute: CUDA graph warmup complete
CUDA Graph id 1317 reused
ggml_backend_cuda_graph_compute: CUDA graph warmup complete
CUDA Graph id 1319 reused
ggml_backend_cuda_graph_compute: CUDA graph warmup complete
CUDA Graph id 1321 reused
ggml_backend_cuda_graph_compute: CUDA graph warmup complete
CUDA Graph id 1323 reused
ggml_backend_cuda_graph_compute: CUDA graph warmup complete
CUDA Graph id 1325 reused
ggml_backend_cuda_graph_compute: CUDA graph warmup complete
CUDA Graph id 1327 reused
ggml_backend_cuda_graph_compute: CUDA graph warmup complete
CUDA Graph id 1329 reused
ggml_backend_cuda_graph_compute: CUDA graph warmup complete
CUDA Graph id 1331 reused
ggml_backend_cuda_graph_compute: CUDA graph warmup complete
CUDA Graph id 1333 reused
ggml_backend_cuda_graph_compute: CUDA graph warmup complete
CUDA Graph id 1335 reused
ggml_backend_cuda_graph_compute: CUDA graph warmup complete
CUDA Graph id 1337 reused
ggml_backend_cuda_graph_compute: CUDA graph warmup complete
CUDA Graph id 1339 reused
ggml_backend_cuda_graph_compute: CUDA graph warmup complete
CUDA Graph id 1341 reused
ggml_backend_cuda_graph_compute: CUDA graph warmup complete
CUDA Graph id 1343 reused
ggml_backend_cuda_graph_compute: CUDA graph warmup complete
CUDA Graph id 1345 reused
ggml_backend_cuda_graph_compute: CUDA graph warmup complete
CUDA Graph id 1347 reused
ggml_backend_cuda_graph_compute: CUDA graph warmup complete
CUDA Graph id 1349 reused
ggml_backend_cuda_graph_compute: CUDA graph warmup complete
CUDA Graph id 1351 reused
ggml_backend_cuda_graph_compute: CUDA graph warmup complete
CUDA Graph id 1353 reused
ggml_backend_cuda_graph_compute: CUDA graph warmup complete
CUDA Graph id 1355 reused
ggml_backend_cuda_graph_compute: CUDA graph warmup complete
CUDA Graph id 1357 reused
ggml_backend_cuda_graph_compute: CUDA graph warmup complete
CUDA Graph id 1359 reused
ggml_backend_cuda_graph_compute: CUDA graph warmup complete
CUDA Graph id 1361 reused
ggml_backend_cuda_graph_compute: CUDA graph warmup complete
CUDA Graph id 1363 reused
ggml_backend_cuda_graph_compute: CUDA graph warmup complete
CUDA Graph id 1365 reused
ggml_backend_cuda_graph_compute: CUDA graph warmup complete
CUDA Graph id 1367 reused
ggml_backend_cuda_graph_compute: CUDA graph warmup complete
CUDA Graph id 1369 reused
ggml_backend_cuda_graph_compute: CUDA graph warmup complete
CUDA Graph id 1371 reused
ggml_backend_cuda_graph_compute: CUDA graph warmup complete
CUDA Graph id 1373 reused
ggml_backend_cuda_graph_compute: CUDA graph warmup complete
CUDA Graph id 1277 reused
CUDA Graph id 1279 reused
CUDA Graph id 1281 reused
CUDA Graph id 1283 reused
CUDA Graph id 1285 reused
CUDA Graph id 1287 reused
CUDA Graph id 1289 reused
CUDA Graph id 1291 reused
CUDA Graph id 1293 reused
CUDA Graph id 1295 reused
CUDA Graph id 1297 reused
CUDA Graph id 1299 reused
CUDA Graph id 1301 reused
CUDA Graph id 1303 reused
CUDA Graph id 1305 reused
CUDA Graph id 1307 reused
CUDA Graph id 1309 reused
CUDA Graph id 1311 reused
CUDA Graph id 1313 reused
CUDA Graph id 1315 reused
CUDA Graph id 1317 reused
CUDA Graph id 1319 reused
CUDA Graph id 1321 reused
CUDA Graph id 1323 reused
CUDA Graph id 1325 reused
CUDA Graph id 1327 reused
CUDA Graph id 1329 reused
CUDA Graph id 1331 reused
CUDA Graph id 1333 reused
CUDA Graph id 1335 reused
CUDA Graph id 1337 reused
CUDA Graph id 1339 reused
CUDA Graph id 1341 reused
CUDA Graph id 1343 reused
CUDA Graph id 1345 reused
CUDA Graph id 1347 reused
CUDA Graph id 1349 reused
CUDA Graph id 1351 reused
CUDA Graph id 1353 reused
CUDA Graph id 1355 reused
CUDA Graph id 1357 reused
CUDA Graph id 1359 reused
CUDA Graph id 1361 reused
CUDA Graph id 1363 reused
CUDA Graph id 1365 reused
CUDA Graph id 1367 reused
CUDA Graph id 1369 reused
CUDA Graph id 1371 reused
CUDA Graph id 1373 reused
CUDA Graph id 1277 reused
CUDA Graph id 1279 reused
CUDA Graph id 1281 reused
CUDA Graph id 1283 reused
CUDA Graph id 1285 reused
CUDA Graph id 1287 reused
CUDA Graph id 1289 reused
CUDA Graph id 1291 reused
CUDA Graph id 1293 reused
CUDA Graph id 1295 reused
CUDA Graph id 1297 reused
CUDA Graph id 1299 reused
CUDA Graph id 1301 reused
CUDA Graph id 1303 reused
CUDA Graph id 1305 reused
CUDA Graph id 1307 reused
CUDA Graph id 1309 reused
CUDA Graph id 1311 reused
CUDA Graph id 1313 reused
CUDA Graph id 1315 reused
CUDA Graph id 1317 reused
CUDA Graph id 1319 reused
CUDA Graph id 1321 reused
CUDA Graph id 1323 reused
CUDA Graph id 1325 reused
CUDA Graph id 1327 reused
CUDA Graph id 1329 reused
CUDA Graph id 1331 reused
CUDA Graph id 1333 reused
CUDA Graph id 1335 reused
CUDA Graph id 1337 reused
CUDA Graph id 1339 reused
CUDA Graph id 1341 reused
CUDA Graph id 1343 reused
CUDA Graph id 1345 reused
CUDA Graph id 1347 reused
CUDA Graph id 1349 reused
CUDA Graph id 1351 reused
CUDA Graph id 1353 reused
CUDA Graph id 1355 reused
CUDA Graph id 1357 reused
CUDA Graph id 1359 reused
CUDA Graph id 1361 reused
CUDA Graph id 1363 reused
CUDA Graph id 1365 reused
CUDA Graph id 1367 reused
CUDA Graph id 1369 reused
CUDA Graph id 1371 reused
CUDA Graph id 1373 reused
CUDA Graph id 1277 reused
CUDA Graph id 1279 reused
CUDA Graph id 1281 reused
CUDA Graph id 1283 reused
CUDA Graph id 1285 reused
CUDA Graph id 1287 reused
CUDA Graph id 1289 reused
CUDA Graph id 1291 reused
CUDA Graph id 1293 reused
CUDA Graph id 1295 reused
CUDA Graph id 1297 reused
CUDA Graph id 1299 reused
CUDA Graph id 1301 reused
CUDA Graph id 1303 reused
CUDA Graph id 1305 reused
CUDA Graph id 1307 reused
CUDA Graph id 1309 reused
CUDA Graph id 1311 reused
CUDA Graph id 1313 reused
CUDA Graph id 1315 reused
CUDA Graph id 1317 reused
CUDA Graph id 1319 reused
CUDA Graph id 1321 reused
CUDA Graph id 1323 reused
CUDA Graph id 1325 reused
CUDA Graph id 1327 reused
CUDA Graph id 1329 reused
CUDA Graph id 1331 reused
CUDA Graph id 1333 reused
CUDA Graph id 1335 reused
CUDA Graph id 1337 reused
CUDA Graph id 1339 reused
CUDA Graph id 1341 reused
CUDA Graph id 1343 reused
CUDA Graph id 1345 reused
CUDA Graph id 1347 reused
CUDA Graph id 1349 reused
CUDA Graph id 1351 reused
CUDA Graph id 1353 reused
CUDA Graph id 1355 reused
CUDA Graph id 1357 reused
CUDA Graph id 1359 reused
CUDA Graph id 1361 reused
CUDA Graph id 1363 reused
CUDA Graph id 1365 reused
CUDA Graph id 1367 reused
CUDA Graph id 1369 reused
CUDA Graph id 1371 reused
CUDA Graph id 1373 reused
CUDA Graph id 1277 reused
CUDA Graph id 1279 reused
CUDA Graph id 1281 reused
CUDA Graph id 1283 reused
CUDA Graph id 1285 reused
CUDA Graph id 1287 reused
CUDA Graph id 1289 reused
CUDA Graph id 1291 reused
CUDA Graph id 1293 reused
CUDA Graph id 1295 reused
CUDA Graph id 1297 reused
CUDA Graph id 1299 reused
CUDA Graph id 1301 reused
CUDA Graph id 1303 reused
CUDA Graph id 1305 reused
CUDA Graph id 1307 reused
CUDA Graph id 1309 reused
CUDA Graph id 1311 reused
CUDA Graph id 1313 reused
CUDA Graph id 1315 reused
CUDA Graph id 1317 reused
CUDA Graph id 1319 reused
CUDA Graph id 1321 reused
CUDA Graph id 1323 reused
CUDA Graph id 1325 reused
CUDA Graph id 1327 reused
CUDA Graph id 1329 reused
CUDA Graph id 1331 reused
CUDA Graph id 1333 reused
CUDA Graph id 1335 reused
CUDA Graph id 1337 reused
CUDA Graph id 1339 reused
CUDA Graph id 1341 reused
CUDA Graph id 1343 reused
CUDA Graph id 1345 reused
CUDA Graph id 1347 reused
CUDA Graph id 1349 reused
CUDA Graph id 1351 reused
CUDA Graph id 1353 reused
CUDA Graph id 1355 reused
CUDA Graph id 1357 reused
CUDA Graph id 1359 reused
CUDA Graph id 1361 reused
CUDA Graph id 1363 reused
CUDA Graph id 1365 reused
CUDA Graph id 1367 reused
CUDA Graph id 1369 reused
CUDA Graph id 1371 reused
CUDA Graph id 1373 reused
CUDA Graph id 1277 reused
CUDA Graph id 1279 reused
CUDA Graph id 1281 reused
CUDA Graph id 1283 reused
CUDA Graph id 1285 reused
CUDA Graph id 1287 reused
CUDA Graph id 1289 reused
CUDA Graph id 1291 reused
CUDA Graph id 1293 reused
CUDA Graph id 1295 reused
CUDA Graph id 1297 reused
CUDA Graph id 1299 reused
CUDA Graph id 1301 reused
CUDA Graph id 1303 reused
CUDA Graph id 1305 reused
CUDA Graph id 1307 reused
CUDA Graph id 1309 reused
CUDA Graph id 1311 reused
CUDA Graph id 1313 reused
CUDA Graph id 1315 reused
CUDA Graph id 1317 reused
CUDA Graph id 1319 reused
CUDA Graph id 1321 reused
CUDA Graph id 1323 reused
CUDA Graph id 1325 reused
CUDA Graph id 1327 reused
CUDA Graph id 1329 reused
CUDA Graph id 1331 reused
CUDA Graph id 1333 reused
CUDA Graph id 1335 reused
CUDA Graph id 1337 reused
CUDA Graph id 1339 reused
CUDA Graph id 1341 reused
CUDA Graph id 1343 reused
CUDA Graph id 1345 reused
CUDA Graph id 1347 reused
CUDA Graph id 1349 reused
CUDA Graph id 1351 reused
CUDA Graph id 1353 reused
CUDA Graph id 1355 reused
CUDA Graph id 1357 reused
CUDA Graph id 1359 reused
CUDA Graph id 1361 reused
CUDA Graph id 1363 reused
CUDA Graph id 1365 reused
CUDA Graph id 1367 reused
CUDA Graph id 1369 reused
CUDA Graph id 1371 reused
CUDA Graph id 1373 reused
CUDA Graph id 1277 reused
CUDA Graph id 1279 reused
CUDA Graph id 1281 reused
CUDA Graph id 1283 reused
CUDA Graph id 1285 reused
CUDA Graph id 1287 reused
CUDA Graph id 1289 reused
CUDA Graph id 1291 reused
CUDA Graph id 1293 reused
CUDA Graph id 1295 reused
CUDA Graph id 1297 reused
CUDA Graph id 1299 reused
CUDA Graph id 1301 reused
CUDA Graph id 1303 reused
CUDA Graph id 1305 reused
CUDA Graph id 1307 reused
CUDA Graph id 1309 reused
CUDA Graph id 1311 reused
CUDA Graph id 1313 reused
CUDA Graph id 1315 reused
CUDA Graph id 1317 reused
CUDA Graph id 1319 reused
CUDA Graph id 1321 reused
CUDA Graph id 1323 reused
CUDA Graph id 1325 reused
CUDA Graph id 1327 reused
CUDA Graph id 1329 reused
CUDA Graph id 1331 reused
CUDA Graph id 1333 reused
CUDA Graph id 1335 reused
CUDA Graph id 1337 reused
CUDA Graph id 1339 reused
CUDA Graph id 1341 reused
CUDA Graph id 1343 reused
CUDA Graph id 1345 reused
CUDA Graph id 1347 reused
CUDA Graph id 1349 reused
CUDA Graph id 1351 reused
CUDA Graph id 1353 reused
CUDA Graph id 1355 reused
CUDA Graph id 1357 reused
CUDA Graph id 1359 reused
CUDA Graph id 1361 reused
CUDA Graph id 1363 reused
CUDA Graph id 1365 reused
CUDA Graph id 1367 reused
CUDA Graph id 1369 reused
CUDA Graph id 1371 reused
CUDA Graph id 1373 reused
CUDA Graph id 1277 reused
CUDA Graph id 1279 reused
CUDA Graph id 1281 reused
CUDA Graph id 1283 reused
CUDA Graph id 1285 reused
CUDA Graph id 1287 reused
CUDA Graph id 1289 reused
CUDA Graph id 1291 reused
CUDA Graph id 1293 reused
CUDA Graph id 1295 reused
CUDA Graph id 1297 reused
CUDA Graph id 1299 reused
CUDA Graph id 1301 reused
CUDA Graph id 1303 reused
CUDA Graph id 1305 reused
CUDA Graph id 1307 reused
CUDA Graph id 1309 reused
CUDA Graph id 1311 reused
CUDA Graph id 1313 reused
CUDA Graph id 1315 reused
CUDA Graph id 1317 reused
CUDA Graph id 1319 reused
CUDA Graph id 1321 reused
CUDA Graph id 1323 reused
CUDA Graph id 1325 reused
CUDA Graph id 1327 reused
CUDA Graph id 1329 reused
CUDA Graph id 1331 reused
CUDA Graph id 1333 reused
CUDA Graph id 1335 reused
CUDA Graph id 1337 reused
CUDA Graph id 1339 reused
CUDA Graph id 1341 reused
CUDA Graph id 1343 reused
CUDA Graph id 1345 reused
CUDA Graph id 1347 reused
CUDA Graph id 1349 reused
CUDA Graph id 1351 reused
CUDA Graph id 1353 reused
CUDA Graph id 1355 reused
CUDA Graph id 1357 reused
CUDA Graph id 1359 reused
CUDA Graph id 1361 reused
CUDA Graph id 1363 reused
CUDA Graph id 1365 reused
CUDA Graph id 1367 reused
CUDA Graph id 1369 reused
CUDA Graph id 1371 reused
CUDA Graph id 1373 reused
CUDA Graph id 1277 reused
CUDA Graph id 1279 reused
CUDA Graph id 1281 reused
CUDA Graph id 1283 reused
CUDA Graph id 1285 reused
CUDA Graph id 1287 reused
CUDA Graph id 1289 reused
CUDA Graph id 1291 reused
CUDA Graph id 1293 reused
CUDA Graph id 1295 reused
CUDA Graph id 1297 reused
CUDA Graph id 1299 reused
CUDA Graph id 1301 reused
CUDA Graph id 1303 reused
CUDA Graph id 1305 reused
CUDA Graph id 1307 reused
CUDA Graph id 1309 reused
CUDA Graph id 1311 reused
CUDA Graph id 1313 reused
CUDA Graph id 1315 reused
CUDA Graph id 1317 reused
CUDA Graph id 1319 reused
CUDA Graph id 1321 reused
CUDA Graph id 1323 reused
CUDA Graph id 1325 reused
CUDA Graph id 1327 reused
CUDA Graph id 1329 reused
CUDA Graph id 1331 reused
CUDA Graph id 1333 reused
CUDA Graph id 1335 reused
CUDA Graph id 1337 reused
CUDA Graph id 1339 reused
CUDA Graph id 1341 reused
CUDA Graph id 1343 reused
CUDA Graph id 1345 reused
CUDA Graph id 1347 reused
CUDA Graph id 1349 reused
CUDA Graph id 1351 reused
CUDA Graph id 1353 reused
CUDA Graph id 1355 reused
CUDA Graph id 1357 reused
CUDA Graph id 1359 reused
CUDA Graph id 1361 reused
CUDA Graph id 1363 reused
CUDA Graph id 1365 reused
CUDA Graph id 1367 reused
CUDA Graph id 1369 reused
CUDA Graph id 1371 reused
CUDA Graph id 1373 reused
CUDA Graph id 1277 reused
CUDA Graph id 1279 reused
CUDA Graph id 1281 reused
CUDA Graph id 1283 reused
CUDA Graph id 1285 reused
CUDA Graph id 1287 reused
CUDA Graph id 1289 reused
CUDA Graph id 1291 reused
CUDA Graph id 1293 reused
CUDA Graph id 1295 reused
CUDA Graph id 1297 reused
CUDA Graph id 1299 reused
CUDA Graph id 1301 reused
CUDA Graph id 1303 reused
CUDA Graph id 1305 reused
CUDA Graph id 1307 reused
CUDA Graph id 1309 reused
CUDA Graph id 1311 reused
CUDA Graph id 1313 reused
CUDA Graph id 1315 reused
CUDA Graph id 1317 reused
CUDA Graph id 1319 reused
CUDA Graph id 1321 reused
CUDA Graph id 1323 reused
CUDA Graph id 1325 reused
CUDA Graph id 1327 reused
CUDA Graph id 1329 reused
CUDA Graph id 1331 reused
CUDA Graph id 1333 reused
CUDA Graph id 1335 reused
CUDA Graph id 1337 reused
CUDA Graph id 1339 reused
CUDA Graph id 1341 reused
CUDA Graph id 1343 reused
CUDA Graph id 1345 reused
CUDA Graph id 1347 reused
CUDA Graph id 1349 reused
CUDA Graph id 1351 reused
CUDA Graph id 1353 reused
CUDA Graph id 1355 reused
CUDA Graph id 1357 reused
CUDA Graph id 1359 reused
CUDA Graph id 1361 reused
CUDA Graph id 1363 reused
CUDA Graph id 1365 reused
CUDA Graph id 1367 reused
CUDA Graph id 1369 reused
CUDA Graph id 1371 reused
CUDA Graph id 1373 reused
CUDA Graph id 1277 reused
CUDA Graph id 1279 reused
CUDA Graph id 1281 reused
CUDA Graph id 1283 reused
CUDA Graph id 1285 reused
CUDA Graph id 1287 reused
CUDA Graph id 1289 reused
CUDA Graph id 1291 reused
CUDA Graph id 1293 reused
CUDA Graph id 1295 reused
CUDA Graph id 1297 reused
CUDA Graph id 1299 reused
CUDA Graph id 1301 reused
CUDA Graph id 1303 reused
CUDA Graph id 1305 reused
CUDA Graph id 1307 reused
CUDA Graph id 1309 reused
CUDA Graph id 1311 reused
CUDA Graph id 1313 reused
CUDA Graph id 1315 reused
CUDA Graph id 1317 reused
CUDA Graph id 1319 reused
CUDA Graph id 1321 reused
CUDA Graph id 1323 reused
CUDA Graph id 1325 reused
CUDA Graph id 1327 reused
CUDA Graph id 1329 reused
CUDA Graph id 1331 reused
CUDA Graph id 1333 reused
CUDA Graph id 1335 reused
CUDA Graph id 1337 reused
CUDA Graph id 1339 reused
CUDA Graph id 1341 reused
CUDA Graph id 1343 reused
CUDA Graph id 1345 reused
CUDA Graph id 1347 reused
CUDA Graph id 1349 reused
CUDA Graph id 1351 reused
CUDA Graph id 1353 reused
CUDA Graph id 1355 reused
CUDA Graph id 1357 reused
CUDA Graph id 1359 reused
CUDA Graph id 1361 reused
CUDA Graph id 1363 reused
CUDA Graph id 1365 reused
CUDA Graph id 1367 reused
CUDA Graph id 1369 reused
CUDA Graph id 1371 reused
CUDA Graph id 1373 reused
CUDA Graph id 1277 reused
CUDA Graph id 1279 reused
CUDA Graph id 1281 reused
CUDA Graph id 1283 reused
CUDA Graph id 1285 reused
CUDA Graph id 1287 reused
CUDA Graph id 1289 reused
CUDA Graph id 1291 reused
CUDA Graph id 1293 reused
CUDA Graph id 1295 reused
CUDA Graph id 1297 reused
CUDA Graph id 1299 reused
CUDA Graph id 1301 reused
CUDA Graph id 1303 reused
CUDA Graph id 1305 reused
CUDA Graph id 1307 reused
CUDA Graph id 1309 reused
CUDA Graph id 1311 reused
CUDA Graph id 1313 reused
CUDA Graph id 1315 reused
CUDA Graph id 1317 reused
CUDA Graph id 1319 reused
CUDA Graph id 1321 reused
CUDA Graph id 1323 reused
CUDA Graph id 1325 reused
CUDA Graph id 1327 reused
CUDA Graph id 1329 reused
CUDA Graph id 1331 reused
CUDA Graph id 1333 reused
CUDA Graph id 1335 reused
CUDA Graph id 1337 reused
CUDA Graph id 1339 reused
CUDA Graph id 1341 reused
CUDA Graph id 1343 reused
CUDA Graph id 1345 reused
CUDA Graph id 1347 reused
CUDA Graph id 1349 reused
CUDA Graph id 1351 reused
CUDA Graph id 1353 reused
CUDA Graph id 1355 reused
CUDA Graph id 1357 reused
CUDA Graph id 1359 reused
CUDA Graph id 1361 reused
CUDA Graph id 1363 reused
CUDA Graph id 1365 reused
CUDA Graph id 1367 reused
CUDA Graph id 1369 reused
CUDA Graph id 1371 reused
CUDA Graph id 1373 reused
CUDA Graph id 1277 reused
CUDA Graph id 1279 reused
CUDA Graph id 1281 reused
CUDA Graph id 1283 reused
CUDA Graph id 1285 reused
CUDA Graph id 1287 reused
CUDA Graph id 1289 reused
CUDA Graph id 1291 reused
CUDA Graph id 1293 reused
CUDA Graph id 1295 reused
CUDA Graph id 1297 reused
CUDA Graph id 1299 reused
CUDA Graph id 1301 reused
CUDA Graph id 1303 reused
CUDA Graph id 1305 reused
CUDA Graph id 1307 reused
CUDA Graph id 1309 reused
CUDA Graph id 1311 reused
CUDA Graph id 1313 reused
CUDA Graph id 1315 reused
CUDA Graph id 1317 reused
CUDA Graph id 1319 reused
CUDA Graph id 1321 reused
CUDA Graph id 1323 reused
CUDA Graph id 1325 reused
CUDA Graph id 1327 reused
CUDA Graph id 1329 reused
CUDA Graph id 1331 reused
CUDA Graph id 1333 reused
CUDA Graph id 1335 reused
CUDA Graph id 1337 reused
CUDA Graph id 1339 reused
CUDA Graph id 1341 reused
CUDA Graph id 1343 reused
CUDA Graph id 1345 reused
CUDA Graph id 1347 reused
CUDA Graph id 1349 reused
CUDA Graph id 1351 reused
CUDA Graph id 1353 reused
CUDA Graph id 1355 reused
CUDA Graph id 1357 reused
CUDA Graph id 1359 reused
CUDA Graph id 1361 reused
CUDA Graph id 1363 reused
CUDA Graph id 1365 reused
CUDA Graph id 1367 reused
CUDA Graph id 1369 reused
CUDA Graph id 1371 reused
CUDA Graph id 1373 reused
CUDA Graph id 1277 reused
CUDA Graph id 1279 reused
CUDA Graph id 1281 reused
CUDA Graph id 1283 reused
CUDA Graph id 1285 reused
CUDA Graph id 1287 reused
CUDA Graph id 1289 reused
CUDA Graph id 1291 reused
CUDA Graph id 1293 reused
CUDA Graph id 1295 reused
CUDA Graph id 1297 reused
CUDA Graph id 1299 reused
CUDA Graph id 1301 reused
CUDA Graph id 1303 reused
CUDA Graph id 1305 reused
CUDA Graph id 1307 reused
CUDA Graph id 1309 reused
CUDA Graph id 1311 reused
CUDA Graph id 1313 reused
CUDA Graph id 1315 reused
CUDA Graph id 1317 reused
CUDA Graph id 1319 reused
CUDA Graph id 1321 reused
CUDA Graph id 1323 reused
CUDA Graph id 1325 reused
CUDA Graph id 1327 reused
CUDA Graph id 1329 reused
CUDA Graph id 1331 reused
CUDA Graph id 1333 reused
CUDA Graph id 1335 reused
CUDA Graph id 1337 reused
CUDA Graph id 1339 reused
CUDA Graph id 1341 reused
CUDA Graph id 1343 reused
CUDA Graph id 1345 reused
CUDA Graph id 1347 reused
CUDA Graph id 1349 reused
CUDA Graph id 1351 reused
CUDA Graph id 1353 reused
CUDA Graph id 1355 reused
CUDA Graph id 1357 reused
CUDA Graph id 1359 reused
CUDA Graph id 1361 reused
CUDA Graph id 1363 reused
CUDA Graph id 1365 reused
CUDA Graph id 1367 reused
CUDA Graph id 1369 reused
CUDA Graph id 1371 reused
CUDA Graph id 1373 reused
CUDA Graph id 1277 reused
CUDA Graph id 1279 reused
CUDA Graph id 1281 reused
CUDA Graph id 1283 reused
CUDA Graph id 1285 reused
CUDA Graph id 1287 reused
CUDA Graph id 1289 reused
CUDA Graph id 1291 reused
CUDA Graph id 1293 reused
CUDA Graph id 1295 reused
CUDA Graph id 1297 reused
CUDA Graph id 1299 reused
CUDA Graph id 1301 reused
CUDA Graph id 1303 reused
CUDA Graph id 1305 reused
CUDA Graph id 1307 reused
CUDA Graph id 1309 reused
CUDA Graph id 1311 reused
CUDA Graph id 1313 reused
CUDA Graph id 1315 reused
CUDA Graph id 1317 reused
CUDA Graph id 1319 reused
CUDA Graph id 1321 reused
CUDA Graph id 1323 reused
CUDA Graph id 1325 reused
CUDA Graph id 1327 reused
CUDA Graph id 1329 reused
CUDA Graph id 1331 reused
CUDA Graph id 1333 reused
CUDA Graph id 1335 reused
CUDA Graph id 1337 reused
CUDA Graph id 1339 reused
CUDA Graph id 1341 reused
CUDA Graph id 1343 reused
CUDA Graph id 1345 reused
CUDA Graph id 1347 reused
CUDA Graph id 1349 reused
CUDA Graph id 1351 reused
CUDA Graph id 1353 reused
CUDA Graph id 1355 reused
CUDA Graph id 1357 reused
CUDA Graph id 1359 reused
CUDA Graph id 1361 reused
CUDA Graph id 1363 reused
CUDA Graph id 1365 reused
CUDA Graph id 1367 reused
CUDA Graph id 1369 reused
CUDA Graph id 1371 reused
CUDA Graph id 1373 reused
CUDA Graph id 1277 reused
CUDA Graph id 1279 reused
CUDA Graph id 1281 reused
CUDA Graph id 1283 reused
CUDA Graph id 1285 reused
CUDA Graph id 1287 reused
CUDA Graph id 1289 reused
CUDA Graph id 1291 reused
CUDA Graph id 1293 reused
CUDA Graph id 1295 reused
CUDA Graph id 1297 reused
CUDA Graph id 1299 reused
CUDA Graph id 1301 reused
CUDA Graph id 1303 reused
CUDA Graph id 1305 reused
CUDA Graph id 1307 reused
CUDA Graph id 1309 reused
CUDA Graph id 1311 reused
CUDA Graph id 1313 reused
CUDA Graph id 1315 reused
CUDA Graph id 1317 reused
CUDA Graph id 1319 reused
CUDA Graph id 1321 reused
CUDA Graph id 1323 reused
CUDA Graph id 1325 reused
CUDA Graph id 1327 reused
CUDA Graph id 1329 reused
CUDA Graph id 1331 reused
CUDA Graph id 1333 reused
CUDA Graph id 1335 reused
CUDA Graph id 1337 reused
CUDA Graph id 1339 reused
CUDA Graph id 1341 reused
CUDA Graph id 1343 reused
CUDA Graph id 1345 reused
CUDA Graph id 1347 reused
CUDA Graph id 1349 reused
CUDA Graph id 1351 reused
CUDA Graph id 1353 reused
CUDA Graph id 1355 reused
CUDA Graph id 1357 reused
CUDA Graph id 1359 reused
CUDA Graph id 1361 reused
CUDA Graph id 1363 reused
CUDA Graph id 1365 reused
CUDA Graph id 1367 reused
CUDA Graph id 1369 reused
CUDA Graph id 1371 reused
CUDA Graph id 1373 reused
CUDA Graph id 1277 reused
CUDA Graph id 1279 reused
CUDA Graph id 1281 reused
CUDA Graph id 1283 reused
CUDA Graph id 1285 reused
CUDA Graph id 1287 reused
CUDA Graph id 1289 reused
CUDA Graph id 1291 reused
CUDA Graph id 1293 reused
CUDA Graph id 1295 reused
CUDA Graph id 1297 reused
CUDA Graph id 1299 reused
CUDA Graph id 1301 reused
CUDA Graph id 1303 reused
CUDA Graph id 1305 reused
CUDA Graph id 1307 reused
CUDA Graph id 1309 reused
CUDA Graph id 1311 reused
CUDA Graph id 1313 reused
CUDA Graph id 1315 reused
CUDA Graph id 1317 reused
CUDA Graph id 1319 reused
CUDA Graph id 1321 reused
CUDA Graph id 1323 reused
CUDA Graph id 1325 reused
CUDA Graph id 1327 reused
CUDA Graph id 1329 reused
CUDA Graph id 1331 reused
CUDA Graph id 1333 reused
CUDA Graph id 1335 reused
CUDA Graph id 1337 reused
CUDA Graph id 1339 reused
CUDA Graph id 1341 reused
CUDA Graph id 1343 reused
CUDA Graph id 1345 reused
CUDA Graph id 1347 reused
CUDA Graph id 1349 reused
CUDA Graph id 1351 reused
CUDA Graph id 1353 reused
CUDA Graph id 1355 reused
CUDA Graph id 1357 reused
CUDA Graph id 1359 reused
CUDA Graph id 1361 reused
CUDA Graph id 1363 reused
CUDA Graph id 1365 reused
CUDA Graph id 1367 reused
CUDA Graph id 1369 reused
CUDA Graph id 1371 reused
CUDA Graph id 1373 reused
CUDA Graph id 1277 reused
CUDA Graph id 1279 reused
CUDA Graph id 1281 reused
CUDA Graph id 1283 reused
CUDA Graph id 1285 reused
CUDA Graph id 1287 reused
CUDA Graph id 1289 reused
CUDA Graph id 1291 reused
CUDA Graph id 1293 reused
CUDA Graph id 1295 reused
CUDA Graph id 1297 reused
CUDA Graph id 1299 reused
CUDA Graph id 1301 reused
CUDA Graph id 1303 reused
CUDA Graph id 1305 reused
CUDA Graph id 1307 reused
CUDA Graph id 1309 reused
CUDA Graph id 1311 reused
CUDA Graph id 1313 reused
CUDA Graph id 1315 reused
CUDA Graph id 1317 reused
CUDA Graph id 1319 reused
CUDA Graph id 1321 reused
CUDA Graph id 1323 reused
CUDA Graph id 1325 reused
CUDA Graph id 1327 reused
CUDA Graph id 1329 reused
CUDA Graph id 1331 reused
CUDA Graph id 1333 reused
CUDA Graph id 1335 reused
CUDA Graph id 1337 reused
CUDA Graph id 1339 reused
CUDA Graph id 1341 reused
CUDA Graph id 1343 reused
CUDA Graph id 1345 reused
CUDA Graph id 1347 reused
CUDA Graph id 1349 reused
CUDA Graph id 1351 reused
CUDA Graph id 1353 reused
CUDA Graph id 1355 reused
CUDA Graph id 1357 reused
CUDA Graph id 1359 reused
CUDA Graph id 1361 reused
CUDA Graph id 1363 reused
CUDA Graph id 1365 reused
CUDA Graph id 1367 reused
CUDA Graph id 1369 reused
CUDA Graph id 1371 reused
CUDA Graph id 1373 reused
CUDA Graph id 1277 reused
CUDA Graph id 1279 reused
CUDA Graph id 1281 reused
CUDA Graph id 1283 reused
CUDA Graph id 1285 reused
CUDA Graph id 1287 reused
CUDA Graph id 1289 reused
CUDA Graph id 1291 reused
CUDA Graph id 1293 reused
CUDA Graph id 1295 reused
CUDA Graph id 1297 reused
CUDA Graph id 1299 reused
CUDA Graph id 1301 reused
CUDA Graph id 1303 reused
CUDA Graph id 1305 reused
CUDA Graph id 1307 reused
CUDA Graph id 1309 reused
CUDA Graph id 1311 reused
CUDA Graph id 1313 reused
CUDA Graph id 1315 reused
CUDA Graph id 1317 reused
CUDA Graph id 1319 reused
CUDA Graph id 1321 reused
CUDA Graph id 1323 reused
CUDA Graph id 1325 reused
CUDA Graph id 1327 reused
CUDA Graph id 1329 reused
CUDA Graph id 1331 reused
CUDA Graph id 1333 reused
CUDA Graph id 1335 reused
CUDA Graph id 1337 reused
CUDA Graph id 1339 reused
CUDA Graph id 1341 reused
CUDA Graph id 1343 reused
CUDA Graph id 1345 reused
CUDA Graph id 1347 reused
CUDA Graph id 1349 reused
CUDA Graph id 1351 reused
CUDA Graph id 1353 reused
CUDA Graph id 1355 reused
CUDA Graph id 1357 reused
CUDA Graph id 1359 reused
CUDA Graph id 1361 reused
CUDA Graph id 1363 reused
CUDA Graph id 1365 reused
CUDA Graph id 1367 reused
CUDA Graph id 1369 reused
CUDA Graph id 1371 reused
CUDA Graph id 1373 reused
CUDA Graph id 1277 reused
CUDA Graph id 1279 reused
CUDA Graph id 1281 reused
CUDA Graph id 1283 reused
CUDA Graph id 1285 reused
CUDA Graph id 1287 reused
CUDA Graph id 1289 reused
CUDA Graph id 1291 reused
CUDA Graph id 1293 reused
CUDA Graph id 1295 reused
CUDA Graph id 1297 reused
CUDA Graph id 1299 reused
CUDA Graph id 1301 reused
CUDA Graph id 1303 reused
CUDA Graph id 1305 reused
CUDA Graph id 1307 reused
CUDA Graph id 1309 reused
CUDA Graph id 1311 reused
CUDA Graph id 1313 reused
CUDA Graph id 1315 reused
CUDA Graph id 1317 reused
CUDA Graph id 1319 reused
CUDA Graph id 1321 reused
CUDA Graph id 1323 reused
CUDA Graph id 1325 reused
CUDA Graph id 1327 reused
CUDA Graph id 1329 reused
CUDA Graph id 1331 reused
CUDA Graph id 1333 reused
CUDA Graph id 1335 reused
CUDA Graph id 1337 reused
CUDA Graph id 1339 reused
CUDA Graph id 1341 reused
CUDA Graph id 1343 reused
CUDA Graph id 1345 reused
CUDA Graph id 1347 reused
CUDA Graph id 1349 reused
CUDA Graph id 1351 reused
CUDA Graph id 1353 reused
CUDA Graph id 1355 reused
CUDA Graph id 1357 reused
CUDA Graph id 1359 reused
CUDA Graph id 1361 reused
CUDA Graph id 1363 reused
CUDA Graph id 1365 reused
CUDA Graph id 1367 reused
CUDA Graph id 1369 reused
CUDA Graph id 1371 reused
CUDA Graph id 1373 reused
CUDA Graph id 1277 reused
CUDA Graph id 1279 reused
CUDA Graph id 1281 reused
CUDA Graph id 1283 reused
CUDA Graph id 1285 reused
CUDA Graph id 1287 reused
CUDA Graph id 1289 reused
CUDA Graph id 1291 reused
CUDA Graph id 1293 reused
CUDA Graph id 1295 reused
CUDA Graph id 1297 reused
CUDA Graph id 1299 reused
CUDA Graph id 1301 reused
CUDA Graph id 1303 reused
CUDA Graph id 1305 reused
CUDA Graph id 1307 reused
CUDA Graph id 1309 reused
CUDA Graph id 1311 reused
CUDA Graph id 1313 reused
CUDA Graph id 1315 reused
CUDA Graph id 1317 reused
CUDA Graph id 1319 reused
CUDA Graph id 1321 reused
CUDA Graph id 1323 reused
CUDA Graph id 1325 reused
CUDA Graph id 1327 reused
CUDA Graph id 1329 reused
CUDA Graph id 1331 reused
CUDA Graph id 1333 reused
CUDA Graph id 1335 reused
CUDA Graph id 1337 reused
CUDA Graph id 1339 reused
CUDA Graph id 1341 reused
CUDA Graph id 1343 reused
CUDA Graph id 1345 reused
CUDA Graph id 1347 reused
CUDA Graph id 1349 reused
CUDA Graph id 1351 reused
CUDA Graph id 1353 reused
CUDA Graph id 1355 reused
CUDA Graph id 1357 reused
CUDA Graph id 1359 reused
CUDA Graph id 1361 reused
CUDA Graph id 1363 reused
CUDA Graph id 1365 reused
CUDA Graph id 1367 reused
CUDA Graph id 1369 reused
CUDA Graph id 1371 reused
CUDA Graph id 1373 reused
CUDA Graph id 1277 reused
CUDA Graph id 1279 reused
CUDA Graph id 1281 reused
CUDA Graph id 1283 reused
CUDA Graph id 1285 reused
CUDA Graph id 1287 reused
CUDA Graph id 1289 reused
CUDA Graph id 1291 reused
CUDA Graph id 1293 reused
CUDA Graph id 1295 reused
CUDA Graph id 1297 reused
CUDA Graph id 1299 reused
CUDA Graph id 1301 reused
CUDA Graph id 1303 reused
CUDA Graph id 1305 reused
CUDA Graph id 1307 reused
CUDA Graph id 1309 reused
CUDA Graph id 1311 reused
CUDA Graph id 1313 reused
CUDA Graph id 1315 reused
CUDA Graph id 1317 reused
CUDA Graph id 1319 reused
CUDA Graph id 1321 reused
CUDA Graph id 1323 reused
CUDA Graph id 1325 reused
CUDA Graph id 1327 reused
CUDA Graph id 1329 reused
CUDA Graph id 1331 reused
CUDA Graph id 1333 reused
CUDA Graph id 1335 reused
CUDA Graph id 1337 reused
CUDA Graph id 1339 reused
CUDA Graph id 1341 reused
CUDA Graph id 1343 reused
CUDA Graph id 1345 reused
CUDA Graph id 1347 reused
CUDA Graph id 1349 reused
CUDA Graph id 1351 reused
CUDA Graph id 1353 reused
CUDA Graph id 1355 reused
CUDA Graph id 1357 reused
CUDA Graph id 1359 reused
CUDA Graph id 1361 reused
CUDA Graph id 1363 reused
CUDA Graph id 1365 reused
CUDA Graph id 1367 reused
CUDA Graph id 1369 reused
CUDA Graph id 1371 reused
CUDA Graph id 1373 reused
CUDA Graph id 1277 reused
CUDA Graph id 1279 reused
CUDA Graph id 1281 reused
CUDA Graph id 1283 reused
CUDA Graph id 1285 reused
CUDA Graph id 1287 reused
CUDA Graph id 1289 reused
CUDA Graph id 1291 reused
CUDA Graph id 1293 reused
CUDA Graph id 1295 reused
CUDA Graph id 1297 reused
CUDA Graph id 1299 reused
CUDA Graph id 1301 reused
CUDA Graph id 1303 reused
CUDA Graph id 1305 reused
CUDA Graph id 1307 reused
CUDA Graph id 1309 reused
CUDA Graph id 1311 reused
CUDA Graph id 1313 reused
CUDA Graph id 1315 reused
CUDA Graph id 1317 reused
CUDA Graph id 1319 reused
CUDA Graph id 1321 reused
CUDA Graph id 1323 reused
CUDA Graph id 1325 reused
CUDA Graph id 1327 reused
CUDA Graph id 1329 reused
CUDA Graph id 1331 reused
CUDA Graph id 1333 reused
CUDA Graph id 1335 reused
CUDA Graph id 1337 reused
CUDA Graph id 1339 reused
CUDA Graph id 1341 reused
CUDA Graph id 1343 reused
CUDA Graph id 1345 reused
CUDA Graph id 1347 reused
CUDA Graph id 1349 reused
CUDA Graph id 1351 reused
CUDA Graph id 1353 reused
CUDA Graph id 1355 reused
CUDA Graph id 1357 reused
CUDA Graph id 1359 reused
CUDA Graph id 1361 reused
CUDA Graph id 1363 reused
CUDA Graph id 1365 reused
CUDA Graph id 1367 reused
CUDA Graph id 1369 reused
CUDA Graph id 1371 reused
CUDA Graph id 1373 reused
CUDA Graph id 1277 reused
CUDA Graph id 1279 reused
CUDA Graph id 1281 reused
CUDA Graph id 1283 reused
CUDA Graph id 1285 reused
CUDA Graph id 1287 reused
CUDA Graph id 1289 reused
CUDA Graph id 1291 reused
CUDA Graph id 1293 reused
CUDA Graph id 1295 reused
CUDA Graph id 1297 reused
CUDA Graph id 1299 reused
CUDA Graph id 1301 reused
CUDA Graph id 1303 reused
CUDA Graph id 1305 reused
CUDA Graph id 1307 reused
CUDA Graph id 1309 reused
CUDA Graph id 1311 reused
CUDA Graph id 1313 reused
CUDA Graph id 1315 reused
CUDA Graph id 1317 reused
CUDA Graph id 1319 reused
CUDA Graph id 1321 reused
CUDA Graph id 1323 reused
CUDA Graph id 1325 reused
CUDA Graph id 1327 reused
CUDA Graph id 1329 reused
CUDA Graph id 1331 reused
CUDA Graph id 1333 reused
CUDA Graph id 1335 reused
CUDA Graph id 1337 reused
CUDA Graph id 1339 reused
CUDA Graph id 1341 reused
CUDA Graph id 1343 reused
CUDA Graph id 1345 reused
CUDA Graph id 1347 reused
CUDA Graph id 1349 reused
CUDA Graph id 1351 reused
CUDA Graph id 1353 reused
CUDA Graph id 1355 reused
CUDA Graph id 1357 reused
CUDA Graph id 1359 reused
CUDA Graph id 1361 reused
CUDA Graph id 1363 reused
CUDA Graph id 1365 reused
CUDA Graph id 1367 reused
CUDA Graph id 1369 reused
CUDA Graph id 1371 reused
CUDA Graph id 1373 reused
CUDA Graph id 1277 reused
CUDA Graph id 1279 reused
CUDA Graph id 1281 reused
CUDA Graph id 1283 reused
CUDA Graph id 1285 reused
CUDA Graph id 1287 reused
CUDA Graph id 1289 reused
CUDA Graph id 1291 reused
CUDA Graph id 1293 reused
CUDA Graph id 1295 reused
CUDA Graph id 1297 reused
CUDA Graph id 1299 reused
CUDA Graph id 1301 reused
CUDA Graph id 1303 reused
CUDA Graph id 1305 reused
CUDA Graph id 1307 reused
CUDA Graph id 1309 reused
CUDA Graph id 1311 reused
CUDA Graph id 1313 reused
CUDA Graph id 1315 reused
CUDA Graph id 1317 reused
CUDA Graph id 1319 reused
CUDA Graph id 1321 reused
CUDA Graph id 1323 reused
CUDA Graph id 1325 reused
CUDA Graph id 1327 reused
CUDA Graph id 1329 reused
CUDA Graph id 1331 reused
CUDA Graph id 1333 reused
CUDA Graph id 1335 reused
CUDA Graph id 1337 reused
CUDA Graph id 1339 reused
CUDA Graph id 1341 reused
CUDA Graph id 1343 reused
CUDA Graph id 1345 reused
CUDA Graph id 1347 reused
CUDA Graph id 1349 reused
CUDA Graph id 1351 reused
CUDA Graph id 1353 reused
CUDA Graph id 1355 reused
CUDA Graph id 1357 reused
CUDA Graph id 1359 reused
CUDA Graph id 1361 reused
CUDA Graph id 1363 reused
CUDA Graph id 1365 reused
CUDA Graph id 1367 reused
CUDA Graph id 1369 reused
CUDA Graph id 1371 reused
CUDA Graph id 1373 reused
CUDA Graph id 1277 reused
CUDA Graph id 1279 reused
CUDA Graph id 1281 reused
CUDA Graph id 1283 reused
CUDA Graph id 1285 reused
CUDA Graph id 1287 reused
CUDA Graph id 1289 reused
CUDA Graph id 1291 reused
CUDA Graph id 1293 reused
CUDA Graph id 1295 reused
CUDA Graph id 1297 reused
CUDA Graph id 1299 reused
CUDA Graph id 1301 reused
CUDA Graph id 1303 reused
CUDA Graph id 1305 reused
CUDA Graph id 1307 reused
CUDA Graph id 1309 reused
CUDA Graph id 1311 reused
CUDA Graph id 1313 reused
CUDA Graph id 1315 reused
CUDA Graph id 1317 reused
CUDA Graph id 1319 reused
CUDA Graph id 1321 reused
CUDA Graph id 1323 reused
CUDA Graph id 1325 reused
CUDA Graph id 1327 reused
CUDA Graph id 1329 reused
CUDA Graph id 1331 reused
CUDA Graph id 1333 reused
CUDA Graph id 1335 reused
CUDA Graph id 1337 reused
CUDA Graph id 1339 reused
CUDA Graph id 1341 reused
CUDA Graph id 1343 reused
CUDA Graph id 1345 reused
CUDA Graph id 1347 reused
CUDA Graph id 1349 reused
CUDA Graph id 1351 reused
CUDA Graph id 1353 reused
CUDA Graph id 1355 reused
CUDA Graph id 1357 reused
CUDA Graph id 1359 reused
CUDA Graph id 1361 reused
CUDA Graph id 1363 reused
CUDA Graph id 1365 reused
CUDA Graph id 1367 reused
CUDA Graph id 1369 reused
CUDA Graph id 1371 reused
CUDA Graph id 1373 reused
CUDA Graph id 1277 reused
CUDA Graph id 1279 reused
CUDA Graph id 1281 reused
CUDA Graph id 1283 reused
CUDA Graph id 1285 reused
CUDA Graph id 1287 reused
CUDA Graph id 1289 reused
CUDA Graph id 1291 reused
CUDA Graph id 1293 reused
CUDA Graph id 1295 reused
CUDA Graph id 1297 reused
CUDA Graph id 1299 reused
CUDA Graph id 1301 reused
CUDA Graph id 1303 reused
CUDA Graph id 1305 reused
CUDA Graph id 1307 reused
CUDA Graph id 1309 reused
CUDA Graph id 1311 reused
CUDA Graph id 1313 reused
CUDA Graph id 1315 reused
CUDA Graph id 1317 reused
CUDA Graph id 1319 reused
CUDA Graph id 1321 reused
CUDA Graph id 1323 reused
CUDA Graph id 1325 reused
CUDA Graph id 1327 reused
CUDA Graph id 1329 reused
CUDA Graph id 1331 reused
CUDA Graph id 1333 reused
CUDA Graph id 1335 reused
CUDA Graph id 1337 reused
CUDA Graph id 1339 reused
CUDA Graph id 1341 reused
CUDA Graph id 1343 reused
CUDA Graph id 1345 reused
CUDA Graph id 1347 reused
CUDA Graph id 1349 reused
CUDA Graph id 1351 reused
CUDA Graph id 1353 reused
CUDA Graph id 1355 reused
CUDA Graph id 1357 reused
CUDA Graph id 1359 reused
CUDA Graph id 1361 reused
CUDA Graph id 1363 reused
CUDA Graph id 1365 reused
CUDA Graph id 1367 reused
CUDA Graph id 1369 reused
CUDA Graph id 1371 reused
CUDA Graph id 1373 reused
CUDA Graph id 1277 reused
CUDA Graph id 1279 reused
CUDA Graph id 1281 reused
CUDA Graph id 1283 reused
CUDA Graph id 1285 reused
CUDA Graph id 1287 reused
CUDA Graph id 1289 reused
CUDA Graph id 1291 reused
CUDA Graph id 1293 reused
CUDA Graph id 1295 reused
CUDA Graph id 1297 reused
CUDA Graph id 1299 reused
CUDA Graph id 1301 reused
CUDA Graph id 1303 reused
CUDA Graph id 1305 reused
CUDA Graph id 1307 reused
CUDA Graph id 1309 reused
CUDA Graph id 1311 reused
CUDA Graph id 1313 reused
CUDA Graph id 1315 reused
CUDA Graph id 1317 reused
CUDA Graph id 1319 reused
CUDA Graph id 1321 reused
CUDA Graph id 1323 reused
CUDA Graph id 1325 reused
CUDA Graph id 1327 reused
CUDA Graph id 1329 reused
CUDA Graph id 1331 reused
CUDA Graph id 1333 reused
CUDA Graph id 1335 reused
CUDA Graph id 1337 reused
CUDA Graph id 1339 reused
CUDA Graph id 1341 reused
CUDA Graph id 1343 reused
CUDA Graph id 1345 reused
CUDA Graph id 1347 reused
CUDA Graph id 1349 reused
CUDA Graph id 1351 reused
CUDA Graph id 1353 reused
CUDA Graph id 1355 reused
CUDA Graph id 1357 reused
CUDA Graph id 1359 reused
CUDA Graph id 1361 reused
CUDA Graph id 1363 reused
CUDA Graph id 1365 reused
CUDA Graph id 1367 reused
CUDA Graph id 1369 reused
CUDA Graph id 1371 reused
CUDA Graph id 1373 reused
CUDA Graph id 1277 reused
CUDA Graph id 1279 reused
CUDA Graph id 1281 reused
CUDA Graph id 1283 reused
CUDA Graph id 1285 reused
CUDA Graph id 1287 reused
CUDA Graph id 1289 reused
CUDA Graph id 1291 reused
CUDA Graph id 1293 reused
CUDA Graph id 1295 reused
CUDA Graph id 1297 reused
CUDA Graph id 1299 reused
CUDA Graph id 1301 reused
CUDA Graph id 1303 reused
CUDA Graph id 1305 reused
CUDA Graph id 1307 reused
CUDA Graph id 1309 reused
CUDA Graph id 1311 reused
CUDA Graph id 1313 reused
CUDA Graph id 1315 reused
CUDA Graph id 1317 reused
CUDA Graph id 1319 reused
CUDA Graph id 1321 reused
CUDA Graph id 1323 reused
CUDA Graph id 1325 reused
CUDA Graph id 1327 reused
CUDA Graph id 1329 reused
CUDA Graph id 1331 reused
CUDA Graph id 1333 reused
CUDA Graph id 1335 reused
CUDA Graph id 1337 reused
CUDA Graph id 1339 reused
CUDA Graph id 1341 reused
CUDA Graph id 1343 reused
CUDA Graph id 1345 reused
CUDA Graph id 1347 reused
CUDA Graph id 1349 reused
CUDA Graph id 1351 reused
CUDA Graph id 1353 reused
CUDA Graph id 1355 reused
CUDA Graph id 1357 reused
CUDA Graph id 1359 reused
CUDA Graph id 1361 reused
CUDA Graph id 1363 reused
CUDA Graph id 1365 reused
CUDA Graph id 1367 reused
CUDA Graph id 1369 reused
CUDA Graph id 1371 reused
CUDA Graph id 1373 reused
CUDA Graph id 1277 reused
CUDA Graph id 1279 reused
CUDA Graph id 1281 reused
CUDA Graph id 1283 reused
CUDA Graph id 1285 reused
CUDA Graph id 1287 reused
CUDA Graph id 1289 reused
CUDA Graph id 1291 reused
CUDA Graph id 1293 reused
CUDA Graph id 1295 reused
CUDA Graph id 1297 reused
CUDA Graph id 1299 reused
CUDA Graph id 1301 reused
CUDA Graph id 1303 reused
CUDA Graph id 1305 reused
CUDA Graph id 1307 reused
CUDA Graph id 1309 reused
CUDA Graph id 1311 reused
CUDA Graph id 1313 reused
CUDA Graph id 1315 reused
CUDA Graph id 1317 reused
CUDA Graph id 1319 reused
CUDA Graph id 1321 reused
CUDA Graph id 1323 reused
CUDA Graph id 1325 reused
CUDA Graph id 1327 reused
CUDA Graph id 1329 reused
CUDA Graph id 1331 reused
CUDA Graph id 1333 reused
CUDA Graph id 1335 reused
CUDA Graph id 1337 reused
CUDA Graph id 1339 reused
CUDA Graph id 1341 reused
CUDA Graph id 1343 reused
CUDA Graph id 1345 reused
CUDA Graph id 1347 reused
CUDA Graph id 1349 reused
CUDA Graph id 1351 reused
CUDA Graph id 1353 reused
CUDA Graph id 1355 reused
CUDA Graph id 1357 reused
CUDA Graph id 1359 reused
CUDA Graph id 1361 reused
CUDA Graph id 1363 reused
CUDA Graph id 1365 reused
CUDA Graph id 1367 reused
CUDA Graph id 1369 reused
CUDA Graph id 1371 reused
CUDA Graph id 1373 reused
ggml_backend_cuda_graph_compute: CUDA graph warmup reset
CUDA Graph id 1814 reused
ggml_backend_cuda_graph_compute: CUDA graph warmup complete
CUDA Graph id 1816 reused
ggml_backend_cuda_graph_compute: CUDA graph warmup complete
CUDA Graph id 1818 reused
ggml_backend_cuda_graph_compute: CUDA graph warmup complete
CUDA Graph id 1820 reused
ggml_backend_cuda_graph_compute: CUDA graph warmup complete
CUDA Graph id 1822 reused
ggml_backend_cuda_graph_compute: CUDA graph warmup complete
CUDA Graph id 1824 reused
ggml_backend_cuda_graph_compute: CUDA graph warmup complete
CUDA Graph id 1826 reused
ggml_backend_cuda_graph_compute: CUDA graph warmup complete
CUDA Graph id 1828 reused
ggml_backend_cuda_graph_compute: CUDA graph warmup complete
CUDA Graph id 1830 reused
ggml_backend_cuda_graph_compute: CUDA graph warmup complete
CUDA Graph id 1832 reused
ggml_backend_cuda_graph_compute: CUDA graph warmup complete
CUDA Graph id 1834 reused
ggml_backend_cuda_graph_compute: CUDA graph warmup complete
CUDA Graph id 1836 reused
ggml_backend_cuda_graph_compute: CUDA graph warmup complete
CUDA Graph id 1838 reused
ggml_backend_cuda_graph_compute: CUDA graph warmup complete
CUDA Graph id 1840 reused
ggml_backend_cuda_graph_compute: CUDA graph warmup complete
CUDA Graph id 1842 reused
ggml_backend_cuda_graph_compute: CUDA graph warmup complete
CUDA Graph id 1844 reused
ggml_backend_cuda_graph_compute: CUDA graph warmup complete
CUDA Graph id 1846 reused
ggml_backend_cuda_graph_compute: CUDA graph warmup complete
CUDA Graph id 1848 reused
ggml_backend_cuda_graph_compute: CUDA graph warmup complete
CUDA Graph id 1850 reused
ggml_backend_cuda_graph_compute: CUDA graph warmup complete
CUDA Graph id 1852 reused
ggml_backend_cuda_graph_compute: CUDA graph warmup complete
CUDA Graph id 1854 reused
ggml_backend_cuda_graph_compute: CUDA graph warmup complete
CUDA Graph id 1856 reused
ggml_backend_cuda_graph_compute: CUDA graph warmup complete
CUDA Graph id 1858 reused
ggml_backend_cuda_graph_compute: CUDA graph warmup complete
CUDA Graph id 1860 reused
ggml_backend_cuda_graph_compute: CUDA graph warmup complete
CUDA Graph id 1862 reused
ggml_backend_cuda_graph_compute: CUDA graph warmup complete
CUDA Graph id 1864 reused
ggml_backend_cuda_graph_compute: CUDA graph warmup complete
CUDA Graph id 1866 reused
ggml_backend_cuda_graph_compute: CUDA graph warmup complete
CUDA Graph id 1868 reused
ggml_backend_cuda_graph_compute: CUDA graph warmup complete
CUDA Graph id 1870 reused
ggml_backend_cuda_graph_compute: CUDA graph warmup complete
CUDA Graph id 1872 reused
ggml_backend_cuda_graph_compute: CUDA graph warmup complete
CUDA Graph id 1874 reused
ggml_backend_cuda_graph_compute: CUDA graph warmup complete
CUDA Graph id 1876 reused
ggml_backend_cuda_graph_compute: CUDA graph warmup complete
CUDA Graph id 1878 reused
ggml_backend_cuda_graph_compute: CUDA graph warmup complete
CUDA Graph id 1880 reused
ggml_backend_cuda_graph_compute: CUDA graph warmup complete
CUDA Graph id 1882 reused
ggml_backend_cuda_graph_compute: CUDA graph warmup complete
CUDA Graph id 1884 reused
ggml_backend_cuda_graph_compute: CUDA graph warmup complete
CUDA Graph id 1886 reused
ggml_backend_cuda_graph_compute: CUDA graph warmup complete
CUDA Graph id 1888 reused
ggml_backend_cuda_graph_compute: CUDA graph warmup complete
CUDA Graph id 1890 reused
ggml_backend_cuda_graph_compute: CUDA graph warmup complete
CUDA Graph id 1892 reused
ggml_backend_cuda_graph_compute: CUDA graph warmup complete
CUDA Graph id 1894 reused
ggml_backend_cuda_graph_compute: CUDA graph warmup complete
CUDA Graph id 1896 reused
ggml_backend_cuda_graph_compute: CUDA graph warmup complete
CUDA Graph id 1898 reused
ggml_backend_cuda_graph_compute: CUDA graph warmup complete
CUDA Graph id 1900 reused
ggml_backend_cuda_graph_compute: CUDA graph warmup complete
CUDA Graph id 1902 reused
ggml_backend_cuda_graph_compute: CUDA graph warmup complete
CUDA Graph id 1904 reused
ggml_backend_cuda_graph_compute: CUDA graph warmup complete
CUDA Graph id 1906 reused
ggml_backend_cuda_graph_compute: CUDA graph warmup complete
CUDA Graph id 1908 reused
ggml_backend_cuda_graph_compute: CUDA graph warmup complete
CUDA Graph id 1910 reused
ggml_backend_cuda_graph_compute: CUDA graph warmup complete
CUDA Graph id 1814 reused
CUDA Graph id 1816 reused
CUDA Graph id 1818 reused
CUDA Graph id 1820 reused
CUDA Graph id 1822 reused
CUDA Graph id 1824 reused
CUDA Graph id 1826 reused
CUDA Graph id 1828 reused
CUDA Graph id 1830 reused
CUDA Graph id 1832 reused
CUDA Graph id 1834 reused
CUDA Graph id 1836 reused
CUDA Graph id 1838 reused
CUDA Graph id 1840 reused
CUDA Graph id 1842 reused
CUDA Graph id 1844 reused
CUDA Graph id 1846 reused
CUDA Graph id 1848 reused
CUDA Graph id 1850 reused
CUDA Graph id 1852 reused
CUDA Graph id 1854 reused
CUDA Graph id 1856 reused
CUDA Graph id 1858 reused
CUDA Graph id 1860 reused
CUDA Graph id 1862 reused
CUDA Graph id 1864 reused
CUDA Graph id 1866 reused
CUDA Graph id 1868 reused
CUDA Graph id 1870 reused
CUDA Graph id 1872 reused
CUDA Graph id 1874 reused
CUDA Graph id 1876 reused
CUDA Graph id 1878 reused
CUDA Graph id 1880 reused
CUDA Graph id 1882 reused
CUDA Graph id 1884 reused
CUDA Graph id 1886 reused
CUDA Graph id 1888 reused
CUDA Graph id 1890 reused
CUDA Graph id 1892 reused
CUDA Graph id 1894 reused
CUDA Graph id 1896 reused
CUDA Graph id 1898 reused
CUDA Graph id 1900 reused
CUDA Graph id 1902 reused
CUDA Graph id 1904 reused
CUDA Graph id 1906 reused
CUDA Graph id 1908 reused
CUDA Graph id 1910 reused
CUDA Graph id 1814 reused
CUDA Graph id 1816 reused
CUDA Graph id 1818 reused
CUDA Graph id 1820 reused
CUDA Graph id 1822 reused
CUDA Graph id 1824 reused
CUDA Graph id 1826 reused
CUDA Graph id 1828 reused
CUDA Graph id 1830 reused
CUDA Graph id 1832 reused
CUDA Graph id 1834 reused
CUDA Graph id 1836 reused
CUDA Graph id 1838 reused
CUDA Graph id 1840 reused
CUDA Graph id 1842 reused
CUDA Graph id 1844 reused
CUDA Graph id 1846 reused
CUDA Graph id 1848 reused
CUDA Graph id 1850 reused
CUDA Graph id 1852 reused
CUDA Graph id 1854 reused
CUDA Graph id 1856 reused
CUDA Graph id 1858 reused
CUDA Graph id 1860 reused
CUDA Graph id 1862 reused
CUDA Graph id 1864 reused
CUDA Graph id 1866 reused
CUDA Graph id 1868 reused
CUDA Graph id 1870 reused
CUDA Graph id 1872 reused
CUDA Graph id 1874 reused
CUDA Graph id 1876 reused
CUDA Graph id 1878 reused
CUDA Graph id 1880 reused
CUDA Graph id 1882 reused
CUDA Graph id 1884 reused
CUDA Graph id 1886 reused
CUDA Graph id 1888 reused
CUDA Graph id 1890 reused
CUDA Graph id 1892 reused
CUDA Graph id 1894 reused
CUDA Graph id 1896 reused
CUDA Graph id 1898 reused
CUDA Graph id 1900 reused
CUDA Graph id 1902 reused
CUDA Graph id 1904 reused
CUDA Graph id 1906 reused
CUDA Graph id 1908 reused
CUDA Graph id 1910 reused
CUDA Graph id 1814 reused
CUDA Graph id 1816 reused
CUDA Graph id 1818 reused
CUDA Graph id 1820 reused
CUDA Graph id 1822 reused
CUDA Graph id 1824 reused
CUDA Graph id 1826 reused
CUDA Graph id 1828 reused
CUDA Graph id 1830 reused
CUDA Graph id 1832 reused
CUDA Graph id 1834 reused
CUDA Graph id 1836 reused
CUDA Graph id 1838 reused
CUDA Graph id 1840 reused
CUDA Graph id 1842 reused
CUDA Graph id 1844 reused
CUDA Graph id 1846 reused
CUDA Graph id 1848 reused
CUDA Graph id 1850 reused
CUDA Graph id 1852 reused
CUDA Graph id 1854 reused
CUDA Graph id 1856 reused
CUDA Graph id 1858 reused
CUDA Graph id 1860 reused
CUDA Graph id 1862 reused
CUDA Graph id 1864 reused
CUDA Graph id 1866 reused
CUDA Graph id 1868 reused
CUDA Graph id 1870 reused
CUDA Graph id 1872 reused
CUDA Graph id 1874 reused
CUDA Graph id 1876 reused
CUDA Graph id 1878 reused
CUDA Graph id 1880 reused
CUDA Graph id 1882 reused
CUDA Graph id 1884 reused
CUDA Graph id 1886 reused
CUDA Graph id 1888 reused
CUDA Graph id 1890 reused
CUDA Graph id 1892 reused
CUDA Graph id 1894 reused
CUDA Graph id 1896 reused
CUDA Graph id 1898 reused
CUDA Graph id 1900 reused
CUDA Graph id 1902 reused
CUDA Graph id 1904 reused
CUDA Graph id 1906 reused
CUDA Graph id 1908 reused
CUDA Graph id 1910 reused
CUDA Graph id 1814 reused
CUDA Graph id 1816 reused
CUDA Graph id 1818 reused
CUDA Graph id 1820 reused
CUDA Graph id 1822 reused
CUDA Graph id 1824 reused
CUDA Graph id 1826 reused
CUDA Graph id 1828 reused
CUDA Graph id 1830 reused
CUDA Graph id 1832 reused
CUDA Graph id 1834 reused
CUDA Graph id 1836 reused
CUDA Graph id 1838 reused
CUDA Graph id 1840 reused
CUDA Graph id 1842 reused
CUDA Graph id 1844 reused
CUDA Graph id 1846 reused
CUDA Graph id 1848 reused
CUDA Graph id 1850 reused
CUDA Graph id 1852 reused
CUDA Graph id 1854 reused
CUDA Graph id 1856 reused
CUDA Graph id 1858 reused
CUDA Graph id 1860 reused
CUDA Graph id 1862 reused
CUDA Graph id 1864 reused
CUDA Graph id 1866 reused
CUDA Graph id 1868 reused
CUDA Graph id 1870 reused
CUDA Graph id 1872 reused
CUDA Graph id 1874 reused
CUDA Graph id 1876 reused
CUDA Graph id 1878 reused
CUDA Graph id 1880 reused
CUDA Graph id 1882 reused
CUDA Graph id 1884 reused
CUDA Graph id 1886 reused
CUDA Graph id 1888 reused
CUDA Graph id 1890 reused
CUDA Graph id 1892 reused
CUDA Graph id 1894 reused
CUDA Graph id 1896 reused
CUDA Graph id 1898 reused
CUDA Graph id 1900 reused
CUDA Graph id 1902 reused
CUDA Graph id 1904 reused
CUDA Graph id 1906 reused
CUDA Graph id 1908 reused
CUDA Graph id 1910 reused
CUDA Graph id 1814 reused
CUDA Graph id 1816 reused
CUDA Graph id 1818 reused
CUDA Graph id 1820 reused
CUDA Graph id 1822 reused
CUDA Graph id 1824 reused
CUDA Graph id 1826 reused
CUDA Graph id 1828 reused
CUDA Graph id 1830 reused
CUDA Graph id 1832 reused
CUDA Graph id 1834 reused
CUDA Graph id 1836 reused
CUDA Graph id 1838 reused
CUDA Graph id 1840 reused
CUDA Graph id 1842 reused
CUDA Graph id 1844 reused
CUDA Graph id 1846 reused
CUDA Graph id 1848 reused
CUDA Graph id 1850 reused
CUDA Graph id 1852 reused
CUDA Graph id 1854 reused
CUDA Graph id 1856 reused
CUDA Graph id 1858 reused
CUDA Graph id 1860 reused
CUDA Graph id 1862 reused
CUDA Graph id 1864 reused
CUDA Graph id 1866 reused
CUDA Graph id 1868 reused
CUDA Graph id 1870 reused
CUDA Graph id 1872 reused
CUDA Graph id 1874 reused
CUDA Graph id 1876 reused
CUDA Graph id 1878 reused
CUDA Graph id 1880 reused
CUDA Graph id 1882 reused
CUDA Graph id 1884 reused
CUDA Graph id 1886 reused
CUDA Graph id 1888 reused
CUDA Graph id 1890 reused
CUDA Graph id 1892 reused
CUDA Graph id 1894 reused
CUDA Graph id 1896 reused
CUDA Graph id 1898 reused
CUDA Graph id 1900 reused
CUDA Graph id 1902 reused
CUDA Graph id 1904 reused
CUDA Graph id 1906 reused
CUDA Graph id 1908 reused
CUDA Graph id 1910 reused
CUDA Graph id 1814 reused
CUDA Graph id 1816 reused
CUDA Graph id 1818 reused
CUDA Graph id 1820 reused
CUDA Graph id 1822 reused
CUDA Graph id 1824 reused
CUDA Graph id 1826 reused
CUDA Graph id 1828 reused
CUDA Graph id 1830 reused
CUDA Graph id 1832 reused
CUDA Graph id 1834 reused
CUDA Graph id 1836 reused
CUDA Graph id 1838 reused
CUDA Graph id 1840 reused
CUDA Graph id 1842 reused
CUDA Graph id 1844 reused
CUDA Graph id 1846 reused
CUDA Graph id 1848 reused
CUDA Graph id 1850 reused
CUDA Graph id 1852 reused
CUDA Graph id 1854 reused
CUDA Graph id 1856 reused
CUDA Graph id 1858 reused
CUDA Graph id 1860 reused
CUDA Graph id 1862 reused
CUDA Graph id 1864 reused
CUDA Graph id 1866 reused
CUDA Graph id 1868 reused
CUDA Graph id 1870 reused
CUDA Graph id 1872 reused
CUDA Graph id 1874 reused
CUDA Graph id 1876 reused
CUDA Graph id 1878 reused
CUDA Graph id 1880 reused
CUDA Graph id 1882 reused
CUDA Graph id 1884 reused
CUDA Graph id 1886 reused
CUDA Graph id 1888 reused
CUDA Graph id 1890 reused
CUDA Graph id 1892 reused
CUDA Graph id 1894 reused
CUDA Graph id 1896 reused
CUDA Graph id 1898 reused
CUDA Graph id 1900 reused
CUDA Graph id 1902 reused
CUDA Graph id 1904 reused
CUDA Graph id 1906 reused
CUDA Graph id 1908 reused
CUDA Graph id 1910 reused
CUDA Graph id 1814 reused
CUDA Graph id 1816 reused
CUDA Graph id 1818 reused
CUDA Graph id 1820 reused
CUDA Graph id 1822 reused
CUDA Graph id 1824 reused
CUDA Graph id 1826 reused
CUDA Graph id 1828 reused
CUDA Graph id 1830 reused
CUDA Graph id 1832 reused
CUDA Graph id 1834 reused
CUDA Graph id 1836 reused
CUDA Graph id 1838 reused
CUDA Graph id 1840 reused
CUDA Graph id 1842 reused
CUDA Graph id 1844 reused
CUDA Graph id 1846 reused
CUDA Graph id 1848 reused
CUDA Graph id 1850 reused
CUDA Graph id 1852 reused
CUDA Graph id 1854 reused
CUDA Graph id 1856 reused
CUDA Graph id 1858 reused
CUDA Graph id 1860 reused
CUDA Graph id 1862 reused
CUDA Graph id 1864 reused
CUDA Graph id 1866 reused
CUDA Graph id 1868 reused
CUDA Graph id 1870 reused
CUDA Graph id 1872 reused
CUDA Graph id 1874 reused
CUDA Graph id 1876 reused
CUDA Graph id 1878 reused
CUDA Graph id 1880 reused
CUDA Graph id 1882 reused
CUDA Graph id 1884 reused
CUDA Graph id 1886 reused
CUDA Graph id 1888 reused
CUDA Graph id 1890 reused
CUDA Graph id 1892 reused
CUDA Graph id 1894 reused
CUDA Graph id 1896 reused
CUDA Graph id 1898 reused
CUDA Graph id 1900 reused
CUDA Graph id 1902 reused
CUDA Graph id 1904 reused
CUDA Graph id 1906 reused
CUDA Graph id 1908 reused
CUDA Graph id 1910 reused
CUDA Graph id 1814 reused
CUDA Graph id 1816 reused
CUDA Graph id 1818 reused
CUDA Graph id 1820 reused
CUDA Graph id 1822 reused
CUDA Graph id 1824 reused
CUDA Graph id 1826 reused
CUDA Graph id 1828 reused
CUDA Graph id 1830 reused
CUDA Graph id 1832 reused
CUDA Graph id 1834 reused
CUDA Graph id 1836 reused
CUDA Graph id 1838 reused
CUDA Graph id 1840 reused
CUDA Graph id 1842 reused
CUDA Graph id 1844 reused
CUDA Graph id 1846 reused
CUDA Graph id 1848 reused
CUDA Graph id 1850 reused
CUDA Graph id 1852 reused
CUDA Graph id 1854 reused
CUDA Graph id 1856 reused
CUDA Graph id 1858 reused
CUDA Graph id 1860 reused
CUDA Graph id 1862 reused
CUDA Graph id 1864 reused
CUDA Graph id 1866 reused
CUDA Graph id 1868 reused
CUDA Graph id 1870 reused
CUDA Graph id 1872 reused
CUDA Graph id 1874 reused
CUDA Graph id 1876 reused
CUDA Graph id 1878 reused
CUDA Graph id 1880 reused
CUDA Graph id 1882 reused
CUDA Graph id 1884 reused
CUDA Graph id 1886 reused
CUDA Graph id 1888 reused
CUDA Graph id 1890 reused
CUDA Graph id 1892 reused
CUDA Graph id 1894 reused
CUDA Graph id 1896 reused
CUDA Graph id 1898 reused
CUDA Graph id 1900 reused
CUDA Graph id 1902 reused
CUDA Graph id 1904 reused
CUDA Graph id 1906 reused
CUDA Graph id 1908 reused
CUDA Graph id 1910 reused
CUDA Graph id 1814 reused
CUDA Graph id 1816 reused
CUDA Graph id 1818 reused
CUDA Graph id 1820 reused
CUDA Graph id 1822 reused
CUDA Graph id 1824 reused
CUDA Graph id 1826 reused
CUDA Graph id 1828 reused
CUDA Graph id 1830 reused
CUDA Graph id 1832 reused
CUDA Graph id 1834 reused
CUDA Graph id 1836 reused
CUDA Graph id 1838 reused
CUDA Graph id 1840 reused
CUDA Graph id 1842 reused
CUDA Graph id 1844 reused
CUDA Graph id 1846 reused
CUDA Graph id 1848 reused
CUDA Graph id 1850 reused
CUDA Graph id 1852 reused
CUDA Graph id 1854 reused
CUDA Graph id 1856 reused
CUDA Graph id 1858 reused
CUDA Graph id 1860 reused
CUDA Graph id 1862 reused
CUDA Graph id 1864 reused
CUDA Graph id 1866 reused
CUDA Graph id 1868 reused
CUDA Graph id 1870 reused
CUDA Graph id 1872 reused
CUDA Graph id 1874 reused
CUDA Graph id 1876 reused
CUDA Graph id 1878 reused
CUDA Graph id 1880 reused
CUDA Graph id 1882 reused
CUDA Graph id 1884 reused
CUDA Graph id 1886 reused
CUDA Graph id 1888 reused
CUDA Graph id 1890 reused
CUDA Graph id 1892 reused
CUDA Graph id 1894 reused
CUDA Graph id 1896 reused
CUDA Graph id 1898 reused
CUDA Graph id 1900 reused
CUDA Graph id 1902 reused
CUDA Graph id 1904 reused
CUDA Graph id 1906 reused
CUDA Graph id 1908 reused
CUDA Graph id 1910 reused
CUDA Graph id 1814 reused
CUDA Graph id 1816 reused
CUDA Graph id 1818 reused
CUDA Graph id 1820 reused
CUDA Graph id 1822 reused
CUDA Graph id 1824 reused
CUDA Graph id 1826 reused
CUDA Graph id 1828 reused
CUDA Graph id 1830 reused
CUDA Graph id 1832 reused
CUDA Graph id 1834 reused
CUDA Graph id 1836 reused
CUDA Graph id 1838 reused
CUDA Graph id 1840 reused
CUDA Graph id 1842 reused
CUDA Graph id 1844 reused
CUDA Graph id 1846 reused
CUDA Graph id 1848 reused
CUDA Graph id 1850 reused
CUDA Graph id 1852 reused
CUDA Graph id 1854 reused
CUDA Graph id 1856 reused
CUDA Graph id 1858 reused
CUDA Graph id 1860 reused
CUDA Graph id 1862 reused
CUDA Graph id 1864 reused
CUDA Graph id 1866 reused
CUDA Graph id 1868 reused
CUDA Graph id 1870 reused
CUDA Graph id 1872 reused
CUDA Graph id 1874 reused
CUDA Graph id 1876 reused
CUDA Graph id 1878 reused
CUDA Graph id 1880 reused
CUDA Graph id 1882 reused
CUDA Graph id 1884 reused
CUDA Graph id 1886 reused
CUDA Graph id 1888 reused
CUDA Graph id 1890 reused
CUDA Graph id 1892 reused
CUDA Graph id 1894 reused
CUDA Graph id 1896 reused
CUDA Graph id 1898 reused
CUDA Graph id 1900 reused
CUDA Graph id 1902 reused
CUDA Graph id 1904 reused
CUDA Graph id 1906 reused
CUDA Graph id 1908 reused
CUDA Graph id 1910 reused
CUDA Graph id 1814 reused
CUDA Graph id 1816 reused
CUDA Graph id 1818 reused
CUDA Graph id 1820 reused
CUDA Graph id 1822 reused
CUDA Graph id 1824 reused
CUDA Graph id 1826 reused
CUDA Graph id 1828 reused
CUDA Graph id 1830 reused
CUDA Graph id 1832 reused
CUDA Graph id 1834 reused
CUDA Graph id 1836 reused
CUDA Graph id 1838 reused
CUDA Graph id 1840 reused
CUDA Graph id 1842 reused
CUDA Graph id 1844 reused
CUDA Graph id 1846 reused
CUDA Graph id 1848 reused
CUDA Graph id 1850 reused
CUDA Graph id 1852 reused
CUDA Graph id 1854 reused
CUDA Graph id 1856 reused
CUDA Graph id 1858 reused
CUDA Graph id 1860 reused
CUDA Graph id 1862 reused
CUDA Graph id 1864 reused
CUDA Graph id 1866 reused
CUDA Graph id 1868 reused
CUDA Graph id 1870 reused
CUDA Graph id 1872 reused
CUDA Graph id 1874 reused
CUDA Graph id 1876 reused
CUDA Graph id 1878 reused
CUDA Graph id 1880 reused
CUDA Graph id 1882 reused
CUDA Graph id 1884 reused
CUDA Graph id 1886 reused
CUDA Graph id 1888 reused
CUDA Graph id 1890 reused
CUDA Graph id 1892 reused
CUDA Graph id 1894 reused
CUDA Graph id 1896 reused
CUDA Graph id 1898 reused
CUDA Graph id 1900 reused
CUDA Graph id 1902 reused
CUDA Graph id 1904 reused
CUDA Graph id 1906 reused
CUDA Graph id 1908 reused
CUDA Graph id 1910 reused
CUDA Graph id 1814 reused
CUDA Graph id 1816 reused
CUDA Graph id 1818 reused
CUDA Graph id 1820 reused
CUDA Graph id 1822 reused
CUDA Graph id 1824 reused
CUDA Graph id 1826 reused
CUDA Graph id 1828 reused
CUDA Graph id 1830 reused
CUDA Graph id 1832 reused
CUDA Graph id 1834 reused
CUDA Graph id 1836 reused
CUDA Graph id 1838 reused
CUDA Graph id 1840 reused
CUDA Graph id 1842 reused
CUDA Graph id 1844 reused
CUDA Graph id 1846 reused
CUDA Graph id 1848 reused
CUDA Graph id 1850 reused
CUDA Graph id 1852 reused
CUDA Graph id 1854 reused
CUDA Graph id 1856 reused
CUDA Graph id 1858 reused
CUDA Graph id 1860 reused
CUDA Graph id 1862 reused
CUDA Graph id 1864 reused
CUDA Graph id 1866 reused
CUDA Graph id 1868 reused
CUDA Graph id 1870 reused
CUDA Graph id 1872 reused
CUDA Graph id 1874 reused
CUDA Graph id 1876 reused
CUDA Graph id 1878 reused
CUDA Graph id 1880 reused
CUDA Graph id 1882 reused
CUDA Graph id 1884 reused
CUDA Graph id 1886 reused
CUDA Graph id 1888 reused
CUDA Graph id 1890 reused
CUDA Graph id 1892 reused
CUDA Graph id 1894 reused
CUDA Graph id 1896 reused
CUDA Graph id 1898 reused
CUDA Graph id 1900 reused
CUDA Graph id 1902 reused
CUDA Graph id 1904 reused
CUDA Graph id 1906 reused
CUDA Graph id 1908 reused
CUDA Graph id 1910 reused
CUDA Graph id 1814 reused
CUDA Graph id 1816 reused
CUDA Graph id 1818 reused
CUDA Graph id 1820 reused
CUDA Graph id 1822 reused
CUDA Graph id 1824 reused
CUDA Graph id 1826 reused
CUDA Graph id 1828 reused
CUDA Graph id 1830 reused
CUDA Graph id 1832 reused
CUDA Graph id 1834 reused
CUDA Graph id 1836 reused
CUDA Graph id 1838 reused
CUDA Graph id 1840 reused
CUDA Graph id 1842 reused
CUDA Graph id 1844 reused
CUDA Graph id 1846 reused
CUDA Graph id 1848 reused
CUDA Graph id 1850 reused
CUDA Graph id 1852 reused
CUDA Graph id 1854 reused
CUDA Graph id 1856 reused
CUDA Graph id 1858 reused
CUDA Graph id 1860 reused
CUDA Graph id 1862 reused
CUDA Graph id 1864 reused
CUDA Graph id 1866 reused
CUDA Graph id 1868 reused
CUDA Graph id 1870 reused
CUDA Graph id 1872 reused
CUDA Graph id 1874 reused
CUDA Graph id 1876 reused
CUDA Graph id 1878 reused
CUDA Graph id 1880 reused
CUDA Graph id 1882 reused
CUDA Graph id 1884 reused
CUDA Graph id 1886 reused
CUDA Graph id 1888 reused
CUDA Graph id 1890 reused
CUDA Graph id 1892 reused
CUDA Graph id 1894 reused
CUDA Graph id 1896 reused
CUDA Graph id 1898 reused
CUDA Graph id 1900 reused
CUDA Graph id 1902 reused
CUDA Graph id 1904 reused
CUDA Graph id 1906 reused
CUDA Graph id 1908 reused
CUDA Graph id 1910 reused
CUDA Graph id 1814 reused
CUDA Graph id 1816 reused
CUDA Graph id 1818 reused
CUDA Graph id 1820 reused
CUDA Graph id 1822 reused
CUDA Graph id 1824 reused
CUDA Graph id 1826 reused
CUDA Graph id 1828 reused
CUDA Graph id 1830 reused
CUDA Graph id 1832 reused
CUDA Graph id 1834 reused
CUDA Graph id 1836 reused
CUDA Graph id 1838 reused
CUDA Graph id 1840 reused
CUDA Graph id 1842 reused
CUDA Graph id 1844 reused
CUDA Graph id 1846 reused
CUDA Graph id 1848 reused
CUDA Graph id 1850 reused
CUDA Graph id 1852 reused
CUDA Graph id 1854 reused
CUDA Graph id 1856 reused
CUDA Graph id 1858 reused
CUDA Graph id 1860 reused
CUDA Graph id 1862 reused
CUDA Graph id 1864 reused
CUDA Graph id 1866 reused
CUDA Graph id 1868 reused
CUDA Graph id 1870 reused
CUDA Graph id 1872 reused
CUDA Graph id 1874 reused
CUDA Graph id 1876 reused
CUDA Graph id 1878 reused
CUDA Graph id 1880 reused
CUDA Graph id 1882 reused
CUDA Graph id 1884 reused
CUDA Graph id 1886 reused
CUDA Graph id 1888 reused
CUDA Graph id 1890 reused
CUDA Graph id 1892 reused
CUDA Graph id 1894 reused
CUDA Graph id 1896 reused
CUDA Graph id 1898 reused
CUDA Graph id 1900 reused
CUDA Graph id 1902 reused
CUDA Graph id 1904 reused
CUDA Graph id 1906 reused
CUDA Graph id 1908 reused
CUDA Graph id 1910 reused
CUDA Graph id 1814 reused
CUDA Graph id 1816 reused
CUDA Graph id 1818 reused
CUDA Graph id 1820 reused
CUDA Graph id 1822 reused
CUDA Graph id 1824 reused
CUDA Graph id 1826 reused
CUDA Graph id 1828 reused
CUDA Graph id 1830 reused
CUDA Graph id 1832 reused
CUDA Graph id 1834 reused
CUDA Graph id 1836 reused
CUDA Graph id 1838 reused
CUDA Graph id 1840 reused
CUDA Graph id 1842 reused
CUDA Graph id 1844 reused
CUDA Graph id 1846 reused
CUDA Graph id 1848 reused
CUDA Graph id 1850 reused
CUDA Graph id 1852 reused
CUDA Graph id 1854 reused
CUDA Graph id 1856 reused
CUDA Graph id 1858 reused
CUDA Graph id 1860 reused
CUDA Graph id 1862 reused
CUDA Graph id 1864 reused
CUDA Graph id 1866 reused
CUDA Graph id 1868 reused
CUDA Graph id 1870 reused
CUDA Graph id 1872 reused
CUDA Graph id 1874 reused
CUDA Graph id 1876 reused
CUDA Graph id 1878 reused
CUDA Graph id 1880 reused
CUDA Graph id 1882 reused
CUDA Graph id 1884 reused
CUDA Graph id 1886 reused
CUDA Graph id 1888 reused
CUDA Graph id 1890 reused
CUDA Graph id 1892 reused
CUDA Graph id 1894 reused
CUDA Graph id 1896 reused
CUDA Graph id 1898 reused
CUDA Graph id 1900 reused
CUDA Graph id 1902 reused
CUDA Graph id 1904 reused
CUDA Graph id 1906 reused
CUDA Graph id 1908 reused
CUDA Graph id 1910 reused
CUDA Graph id 1814 reused
CUDA Graph id 1816 reused
CUDA Graph id 1818 reused
CUDA Graph id 1820 reused
CUDA Graph id 1822 reused
CUDA Graph id 1824 reused
CUDA Graph id 1826 reused
CUDA Graph id 1828 reused
CUDA Graph id 1830 reused
CUDA Graph id 1832 reused
CUDA Graph id 1834 reused
CUDA Graph id 1836 reused
CUDA Graph id 1838 reused
CUDA Graph id 1840 reused
CUDA Graph id 1842 reused
CUDA Graph id 1844 reused
CUDA Graph id 1846 reused
CUDA Graph id 1848 reused
CUDA Graph id 1850 reused
CUDA Graph id 1852 reused
CUDA Graph id 1854 reused
CUDA Graph id 1856 reused
CUDA Graph id 1858 reused
CUDA Graph id 1860 reused
CUDA Graph id 1862 reused
CUDA Graph id 1864 reused
CUDA Graph id 1866 reused
CUDA Graph id 1868 reused
CUDA Graph id 1870 reused
CUDA Graph id 1872 reused
CUDA Graph id 1874 reused
CUDA Graph id 1876 reused
CUDA Graph id 1878 reused
CUDA Graph id 1880 reused
CUDA Graph id 1882 reused
CUDA Graph id 1884 reused
CUDA Graph id 1886 reused
CUDA Graph id 1888 reused
CUDA Graph id 1890 reused
CUDA Graph id 1892 reused
CUDA Graph id 1894 reused
CUDA Graph id 1896 reused
CUDA Graph id 1898 reused
CUDA Graph id 1900 reused
CUDA Graph id 1902 reused
CUDA Graph id 1904 reused
CUDA Graph id 1906 reused
CUDA Graph id 1908 reused
CUDA Graph id 1910 reused
CUDA Graph id 1814 reused
CUDA Graph id 1816 reused
CUDA Graph id 1818 reused
CUDA Graph id 1820 reused
CUDA Graph id 1822 reused
CUDA Graph id 1824 reused
CUDA Graph id 1826 reused
CUDA Graph id 1828 reused
CUDA Graph id 1830 reused
CUDA Graph id 1832 reused
CUDA Graph id 1834 reused
CUDA Graph id 1836 reused
CUDA Graph id 1838 reused
CUDA Graph id 1840 reused
CUDA Graph id 1842 reused
CUDA Graph id 1844 reused
CUDA Graph id 1846 reused
CUDA Graph id 1848 reused
CUDA Graph id 1850 reused
CUDA Graph id 1852 reused
CUDA Graph id 1854 reused
CUDA Graph id 1856 reused
CUDA Graph id 1858 reused
CUDA Graph id 1860 reused
CUDA Graph id 1862 reused
CUDA Graph id 1864 reused
CUDA Graph id 1866 reused
CUDA Graph id 1868 reused
CUDA Graph id 1870 reused
CUDA Graph id 1872 reused
CUDA Graph id 1874 reused
CUDA Graph id 1876 reused
CUDA Graph id 1878 reused
CUDA Graph id 1880 reused
CUDA Graph id 1882 reused
CUDA Graph id 1884 reused
CUDA Graph id 1886 reused
CUDA Graph id 1888 reused
CUDA Graph id 1890 reused
CUDA Graph id 1892 reused
CUDA Graph id 1894 reused
CUDA Graph id 1896 reused
CUDA Graph id 1898 reused
CUDA Graph id 1900 reused
CUDA Graph id 1902 reused
CUDA Graph id 1904 reused
CUDA Graph id 1906 reused
CUDA Graph id 1908 reused
CUDA Graph id 1910 reused
CUDA Graph id 1814 reused
CUDA Graph id 1816 reused
CUDA Graph id 1818 reused
CUDA Graph id 1820 reused
CUDA Graph id 1822 reused
CUDA Graph id 1824 reused
CUDA Graph id 1826 reused
CUDA Graph id 1828 reused
CUDA Graph id 1830 reused
CUDA Graph id 1832 reused
CUDA Graph id 1834 reused
CUDA Graph id 1836 reused
CUDA Graph id 1838 reused
CUDA Graph id 1840 reused
CUDA Graph id 1842 reused
CUDA Graph id 1844 reused
CUDA Graph id 1846 reused
CUDA Graph id 1848 reused
CUDA Graph id 1850 reused
CUDA Graph id 1852 reused
CUDA Graph id 1854 reused
CUDA Graph id 1856 reused
CUDA Graph id 1858 reused
CUDA Graph id 1860 reused
CUDA Graph id 1862 reused
CUDA Graph id 1864 reused
CUDA Graph id 1866 reused
CUDA Graph id 1868 reused
CUDA Graph id 1870 reused
CUDA Graph id 1872 reused
CUDA Graph id 1874 reused
CUDA Graph id 1876 reused
CUDA Graph id 1878 reused
CUDA Graph id 1880 reused
CUDA Graph id 1882 reused
CUDA Graph id 1884 reused
CUDA Graph id 1886 reused
CUDA Graph id 1888 reused
CUDA Graph id 1890 reused
CUDA Graph id 1892 reused
CUDA Graph id 1894 reused
CUDA Graph id 1896 reused
CUDA Graph id 1898 reused
CUDA Graph id 1900 reused
CUDA Graph id 1902 reused
CUDA Graph id 1904 reused
CUDA Graph id 1906 reused
CUDA Graph id 1908 reused
CUDA Graph id 1910 reused
CUDA Graph id 1814 reused
CUDA Graph id 1816 reused
CUDA Graph id 1818 reused
CUDA Graph id 1820 reused
CUDA Graph id 1822 reused
CUDA Graph id 1824 reused
CUDA Graph id 1826 reused
CUDA Graph id 1828 reused
CUDA Graph id 1830 reused
CUDA Graph id 1832 reused
CUDA Graph id 1834 reused
CUDA Graph id 1836 reused
CUDA Graph id 1838 reused
CUDA Graph id 1840 reused
CUDA Graph id 1842 reused
CUDA Graph id 1844 reused
CUDA Graph id 1846 reused
CUDA Graph id 1848 reused
CUDA Graph id 1850 reused
CUDA Graph id 1852 reused
CUDA Graph id 1854 reused
CUDA Graph id 1856 reused
CUDA Graph id 1858 reused
CUDA Graph id 1860 reused
CUDA Graph id 1862 reused
CUDA Graph id 1864 reused
CUDA Graph id 1866 reused
CUDA Graph id 1868 reused
CUDA Graph id 1870 reused
CUDA Graph id 1872 reused
CUDA Graph id 1874 reused
CUDA Graph id 1876 reused
CUDA Graph id 1878 reused
CUDA Graph id 1880 reused
CUDA Graph id 1882 reused
CUDA Graph id 1884 reused
CUDA Graph id 1886 reused
CUDA Graph id 1888 reused
CUDA Graph id 1890 reused
CUDA Graph id 1892 reused
CUDA Graph id 1894 reused
CUDA Graph id 1896 reused
CUDA Graph id 1898 reused
CUDA Graph id 1900 reused
CUDA Graph id 1902 reused
CUDA Graph id 1904 reused
CUDA Graph id 1906 reused
CUDA Graph id 1908 reused
CUDA Graph id 1910 reused
CUDA Graph id 1814 reused
CUDA Graph id 1816 reused
CUDA Graph id 1818 reused
CUDA Graph id 1820 reused
CUDA Graph id 1822 reused
CUDA Graph id 1824 reused
CUDA Graph id 1826 reused
CUDA Graph id 1828 reused
CUDA Graph id 1830 reused
CUDA Graph id 1832 reused
CUDA Graph id 1834 reused
CUDA Graph id 1836 reused
CUDA Graph id 1838 reused
CUDA Graph id 1840 reused
CUDA Graph id 1842 reused
CUDA Graph id 1844 reused
CUDA Graph id 1846 reused
CUDA Graph id 1848 reused
CUDA Graph id 1850 reused
CUDA Graph id 1852 reused
CUDA Graph id 1854 reused
CUDA Graph id 1856 reused
CUDA Graph id 1858 reused
CUDA Graph id 1860 reused
CUDA Graph id 1862 reused
CUDA Graph id 1864 reused
CUDA Graph id 1866 reused
CUDA Graph id 1868 reused
CUDA Graph id 1870 reused
CUDA Graph id 1872 reused
CUDA Graph id 1874 reused
CUDA Graph id 1876 reused
CUDA Graph id 1878 reused
CUDA Graph id 1880 reused
CUDA Graph id 1882 reused
CUDA Graph id 1884 reused
CUDA Graph id 1886 reused
CUDA Graph id 1888 reused
CUDA Graph id 1890 reused
CUDA Graph id 1892 reused
CUDA Graph id 1894 reused
CUDA Graph id 1896 reused
CUDA Graph id 1898 reused
CUDA Graph id 1900 reused
CUDA Graph id 1902 reused
CUDA Graph id 1904 reused
CUDA Graph id 1906 reused
CUDA Graph id 1908 reused
CUDA Graph id 1910 reused
CUDA Graph id 1814 reused
CUDA Graph id 1816 reused
CUDA Graph id 1818 reused
CUDA Graph id 1820 reused
CUDA Graph id 1822 reused
CUDA Graph id 1824 reused
CUDA Graph id 1826 reused
CUDA Graph id 1828 reused
CUDA Graph id 1830 reused
CUDA Graph id 1832 reused
CUDA Graph id 1834 reused
CUDA Graph id 1836 reused
CUDA Graph id 1838 reused
CUDA Graph id 1840 reused
CUDA Graph id 1842 reused
CUDA Graph id 1844 reused
CUDA Graph id 1846 reused
CUDA Graph id 1848 reused
CUDA Graph id 1850 reused
CUDA Graph id 1852 reused
CUDA Graph id 1854 reused
CUDA Graph id 1856 reused
CUDA Graph id 1858 reused
CUDA Graph id 1860 reused
CUDA Graph id 1862 reused
CUDA Graph id 1864 reused
CUDA Graph id 1866 reused
CUDA Graph id 1868 reused
CUDA Graph id 1870 reused
CUDA Graph id 1872 reused
CUDA Graph id 1874 reused
CUDA Graph id 1876 reused
CUDA Graph id 1878 reused
CUDA Graph id 1880 reused
CUDA Graph id 1882 reused
CUDA Graph id 1884 reused
CUDA Graph id 1886 reused
CUDA Graph id 1888 reused
CUDA Graph id 1890 reused
CUDA Graph id 1892 reused
CUDA Graph id 1894 reused
CUDA Graph id 1896 reused
CUDA Graph id 1898 reused
CUDA Graph id 1900 reused
CUDA Graph id 1902 reused
CUDA Graph id 1904 reused
CUDA Graph id 1906 reused
CUDA Graph id 1908 reused
CUDA Graph id 1910 reused
CUDA Graph id 1814 reused
CUDA Graph id 1816 reused
CUDA Graph id 1818 reused
CUDA Graph id 1820 reused
CUDA Graph id 1822 reused
CUDA Graph id 1824 reused
CUDA Graph id 1826 reused
CUDA Graph id 1828 reused
CUDA Graph id 1830 reused
CUDA Graph id 1832 reused
CUDA Graph id 1834 reused
CUDA Graph id 1836 reused
CUDA Graph id 1838 reused
CUDA Graph id 1840 reused
CUDA Graph id 1842 reused
CUDA Graph id 1844 reused
CUDA Graph id 1846 reused
CUDA Graph id 1848 reused
CUDA Graph id 1850 reused
CUDA Graph id 1852 reused
CUDA Graph id 1854 reused
CUDA Graph id 1856 reused
CUDA Graph id 1858 reused
CUDA Graph id 1860 reused
CUDA Graph id 1862 reused
CUDA Graph id 1864 reused
CUDA Graph id 1866 reused
CUDA Graph id 1868 reused
CUDA Graph id 1870 reused
CUDA Graph id 1872 reused
CUDA Graph id 1874 reused
CUDA Graph id 1876 reused
CUDA Graph id 1878 reused
CUDA Graph id 1880 reused
CUDA Graph id 1882 reused
CUDA Graph id 1884 reused
CUDA Graph id 1886 reused
CUDA Graph id 1888 reused
CUDA Graph id 1890 reused
CUDA Graph id 1892 reused
CUDA Graph id 1894 reused
CUDA Graph id 1896 reused
CUDA Graph id 1898 reused
CUDA Graph id 1900 reused
CUDA Graph id 1902 reused
CUDA Graph id 1904 reused
CUDA Graph id 1906 reused
CUDA Graph id 1908 reused
CUDA Graph id 1910 reused
CUDA Graph id 1814 reused
CUDA Graph id 1816 reused
CUDA Graph id 1818 reused
CUDA Graph id 1820 reused
CUDA Graph id 1822 reused
CUDA Graph id 1824 reused
CUDA Graph id 1826 reused
CUDA Graph id 1828 reused
CUDA Graph id 1830 reused
CUDA Graph id 1832 reused
CUDA Graph id 1834 reused
CUDA Graph id 1836 reused
CUDA Graph id 1838 reused
CUDA Graph id 1840 reused
CUDA Graph id 1842 reused
CUDA Graph id 1844 reused
CUDA Graph id 1846 reused
CUDA Graph id 1848 reused
CUDA Graph id 1850 reused
CUDA Graph id 1852 reused
CUDA Graph id 1854 reused
CUDA Graph id 1856 reused
CUDA Graph id 1858 reused
CUDA Graph id 1860 reused
CUDA Graph id 1862 reused
CUDA Graph id 1864 reused
CUDA Graph id 1866 reused
CUDA Graph id 1868 reused
CUDA Graph id 1870 reused
CUDA Graph id 1872 reused
CUDA Graph id 1874 reused
CUDA Graph id 1876 reused
CUDA Graph id 1878 reused
CUDA Graph id 1880 reused
CUDA Graph id 1882 reused
CUDA Graph id 1884 reused
CUDA Graph id 1886 reused
CUDA Graph id 1888 reused
CUDA Graph id 1890 reused
CUDA Graph id 1892 reused
CUDA Graph id 1894 reused
CUDA Graph id 1896 reused
CUDA Graph id 1898 reused
CUDA Graph id 1900 reused
CUDA Graph id 1902 reused
CUDA Graph id 1904 reused
CUDA Graph id 1906 reused
CUDA Graph id 1908 reused
CUDA Graph id 1910 reused
CUDA Graph id 1814 reused
CUDA Graph id 1816 reused
CUDA Graph id 1818 reused
CUDA Graph id 1820 reused
CUDA Graph id 1822 reused
CUDA Graph id 1824 reused
CUDA Graph id 1826 reused
CUDA Graph id 1828 reused
CUDA Graph id 1830 reused
CUDA Graph id 1832 reused
CUDA Graph id 1834 reused
CUDA Graph id 1836 reused
CUDA Graph id 1838 reused
CUDA Graph id 1840 reused
CUDA Graph id 1842 reused
CUDA Graph id 1844 reused
CUDA Graph id 1846 reused
CUDA Graph id 1848 reused
CUDA Graph id 1850 reused
CUDA Graph id 1852 reused
CUDA Graph id 1854 reused
CUDA Graph id 1856 reused
CUDA Graph id 1858 reused
CUDA Graph id 1860 reused
CUDA Graph id 1862 reused
CUDA Graph id 1864 reused
CUDA Graph id 1866 reused
CUDA Graph id 1868 reused
CUDA Graph id 1870 reused
CUDA Graph id 1872 reused
CUDA Graph id 1874 reused
CUDA Graph id 1876 reused
CUDA Graph id 1878 reused
CUDA Graph id 1880 reused
CUDA Graph id 1882 reused
CUDA Graph id 1884 reused
CUDA Graph id 1886 reused
CUDA Graph id 1888 reused
CUDA Graph id 1890 reused
CUDA Graph id 1892 reused
CUDA Graph id 1894 reused
CUDA Graph id 1896 reused
CUDA Graph id 1898 reused
CUDA Graph id 1900 reused
CUDA Graph id 1902 reused
CUDA Graph id 1904 reused
CUDA Graph id 1906 reused
CUDA Graph id 1908 reused
CUDA Graph id 1910 reused
CUDA Graph id 1814 reused
CUDA Graph id 1816 reused
CUDA Graph id 1818 reused
CUDA Graph id 1820 reused
CUDA Graph id 1822 reused
CUDA Graph id 1824 reused
CUDA Graph id 1826 reused
CUDA Graph id 1828 reused
CUDA Graph id 1830 reused
CUDA Graph id 1832 reused
CUDA Graph id 1834 reused
CUDA Graph id 1836 reused
CUDA Graph id 1838 reused
CUDA Graph id 1840 reused
CUDA Graph id 1842 reused
CUDA Graph id 1844 reused
CUDA Graph id 1846 reused
CUDA Graph id 1848 reused
CUDA Graph id 1850 reused
CUDA Graph id 1852 reused
CUDA Graph id 1854 reused
CUDA Graph id 1856 reused
CUDA Graph id 1858 reused
CUDA Graph id 1860 reused
CUDA Graph id 1862 reused
CUDA Graph id 1864 reused
CUDA Graph id 1866 reused
CUDA Graph id 1868 reused
CUDA Graph id 1870 reused
CUDA Graph id 1872 reused
CUDA Graph id 1874 reused
CUDA Graph id 1876 reused
CUDA Graph id 1878 reused
CUDA Graph id 1880 reused
CUDA Graph id 1882 reused
CUDA Graph id 1884 reused
CUDA Graph id 1886 reused
CUDA Graph id 1888 reused
CUDA Graph id 1890 reused
CUDA Graph id 1892 reused
CUDA Graph id 1894 reused
CUDA Graph id 1896 reused
CUDA Graph id 1898 reused
CUDA Graph id 1900 reused
CUDA Graph id 1902 reused
CUDA Graph id 1904 reused
CUDA Graph id 1906 reused
CUDA Graph id 1908 reused
CUDA Graph id 1910 reused
CUDA Graph id 1814 reused
CUDA Graph id 1816 reused
CUDA Graph id 1818 reused
CUDA Graph id 1820 reused
CUDA Graph id 1822 reused
CUDA Graph id 1824 reused
CUDA Graph id 1826 reused
CUDA Graph id 1828 reused
CUDA Graph id 1830 reused
CUDA Graph id 1832 reused
CUDA Graph id 1834 reused
CUDA Graph id 1836 reused
CUDA Graph id 1838 reused
CUDA Graph id 1840 reused
CUDA Graph id 1842 reused
CUDA Graph id 1844 reused
CUDA Graph id 1846 reused
CUDA Graph id 1848 reused
CUDA Graph id 1850 reused
CUDA Graph id 1852 reused
CUDA Graph id 1854 reused
CUDA Graph id 1856 reused
CUDA Graph id 1858 reused
CUDA Graph id 1860 reused
CUDA Graph id 1862 reused
CUDA Graph id 1864 reused
CUDA Graph id 1866 reused
CUDA Graph id 1868 reused
CUDA Graph id 1870 reused
CUDA Graph id 1872 reused
CUDA Graph id 1874 reused
CUDA Graph id 1876 reused
CUDA Graph id 1878 reused
CUDA Graph id 1880 reused
CUDA Graph id 1882 reused
CUDA Graph id 1884 reused
CUDA Graph id 1886 reused
CUDA Graph id 1888 reused
CUDA Graph id 1890 reused
CUDA Graph id 1892 reused
CUDA Graph id 1894 reused
CUDA Graph id 1896 reused
CUDA Graph id 1898 reused
CUDA Graph id 1900 reused
CUDA Graph id 1902 reused
CUDA Graph id 1904 reused
CUDA Graph id 1906 reused
CUDA Graph id 1908 reused
CUDA Graph id 1910 reused
CUDA Graph id 1814 reused
CUDA Graph id 1816 reused
CUDA Graph id 1818 reused
CUDA Graph id 1820 reused
CUDA Graph id 1822 reused
CUDA Graph id 1824 reused
CUDA Graph id 1826 reused
CUDA Graph id 1828 reused
CUDA Graph id 1830 reused
CUDA Graph id 1832 reused
CUDA Graph id 1834 reused
CUDA Graph id 1836 reused
CUDA Graph id 1838 reused
CUDA Graph id 1840 reused
CUDA Graph id 1842 reused
CUDA Graph id 1844 reused
CUDA Graph id 1846 reused
CUDA Graph id 1848 reused
CUDA Graph id 1850 reused
CUDA Graph id 1852 reused
CUDA Graph id 1854 reused
CUDA Graph id 1856 reused
CUDA Graph id 1858 reused
CUDA Graph id 1860 reused
CUDA Graph id 1862 reused
CUDA Graph id 1864 reused
CUDA Graph id 1866 reused
CUDA Graph id 1868 reused
CUDA Graph id 1870 reused
CUDA Graph id 1872 reused
CUDA Graph id 1874 reused
CUDA Graph id 1876 reused
CUDA Graph id 1878 reused
CUDA Graph id 1880 reused
CUDA Graph id 1882 reused
CUDA Graph id 1884 reused
CUDA Graph id 1886 reused
CUDA Graph id 1888 reused
CUDA Graph id 1890 reused
CUDA Graph id 1892 reused
CUDA Graph id 1894 reused
CUDA Graph id 1896 reused
CUDA Graph id 1898 reused
CUDA Graph id 1900 reused
CUDA Graph id 1902 reused
CUDA Graph id 1904 reused
CUDA Graph id 1906 reused
CUDA Graph id 1908 reused
CUDA Graph id 1910 reused
CUDA Graph id 1814 reused
CUDA Graph id 1816 reused
CUDA Graph id 1818 reused
CUDA Graph id 1820 reused
CUDA Graph id 1822 reused
CUDA Graph id 1824 reused
CUDA Graph id 1826 reused
CUDA Graph id 1828 reused
CUDA Graph id 1830 reused
CUDA Graph id 1832 reused
CUDA Graph id 1834 reused
CUDA Graph id 1836 reused
CUDA Graph id 1838 reused
CUDA Graph id 1840 reused
CUDA Graph id 1842 reused
CUDA Graph id 1844 reused
CUDA Graph id 1846 reused
CUDA Graph id 1848 reused
CUDA Graph id 1850 reused
CUDA Graph id 1852 reused
CUDA Graph id 1854 reused
CUDA Graph id 1856 reused
CUDA Graph id 1858 reused
CUDA Graph id 1860 reused
CUDA Graph id 1862 reused
CUDA Graph id 1864 reused
CUDA Graph id 1866 reused
CUDA Graph id 1868 reused
CUDA Graph id 1870 reused
CUDA Graph id 1872 reused
CUDA Graph id 1874 reused
CUDA Graph id 1876 reused
CUDA Graph id 1878 reused
CUDA Graph id 1880 reused
CUDA Graph id 1882 reused
CUDA Graph id 1884 reused
CUDA Graph id 1886 reused
CUDA Graph id 1888 reused
CUDA Graph id 1890 reused
CUDA Graph id 1892 reused
CUDA Graph id 1894 reused
CUDA Graph id 1896 reused
CUDA Graph id 1898 reused
CUDA Graph id 1900 reused
CUDA Graph id 1902 reused
CUDA Graph id 1904 reused
CUDA Graph id 1906 reused
CUDA Graph id 1908 reused
CUDA Graph id 1910 reused
CUDA Graph id 1814 reused
CUDA Graph id 1816 reused
CUDA Graph id 1818 reused
CUDA Graph id 1820 reused
CUDA Graph id 1822 reused
CUDA Graph id 1824 reused
CUDA Graph id 1826 reused
CUDA Graph id 1828 reused
CUDA Graph id 1830 reused
CUDA Graph id 1832 reused
CUDA Graph id 1834 reused
CUDA Graph id 1836 reused
CUDA Graph id 1838 reused
CUDA Graph id 1840 reused
CUDA Graph id 1842 reused
CUDA Graph id 1844 reused
CUDA Graph id 1846 reused
CUDA Graph id 1848 reused
CUDA Graph id 1850 reused
CUDA Graph id 1852 reused
CUDA Graph id 1854 reused
CUDA Graph id 1856 reused
CUDA Graph id 1858 reused
CUDA Graph id 1860 reused
CUDA Graph id 1862 reused
CUDA Graph id 1864 reused
CUDA Graph id 1866 reused
CUDA Graph id 1868 reused
CUDA Graph id 1870 reused
CUDA Graph id 1872 reused
CUDA Graph id 1874 reused
CUDA Graph id 1876 reused
CUDA Graph id 1878 reused
CUDA Graph id 1880 reused
CUDA Graph id 1882 reused
CUDA Graph id 1884 reused
CUDA Graph id 1886 reused
CUDA Graph id 1888 reused
CUDA Graph id 1890 reused
CUDA Graph id 1892 reused
CUDA Graph id 1894 reused
CUDA Graph id 1896 reused
CUDA Graph id 1898 reused
CUDA Graph id 1900 reused
CUDA Graph id 1902 reused
CUDA Graph id 1904 reused
CUDA Graph id 1906 reused
CUDA Graph id 1908 reused
CUDA Graph id 1910 reused
ggml_backend_cuda_graph_compute: CUDA graph warmup reset
ggml_backend_cuda_graph_compute: CUDA graph warmup complete
ggml_backend_cuda_graph_compute: CUDA graph warmup reset
CUDA Graph id 2497 reused
ggml_backend_cuda_graph_compute: CUDA graph warmup complete
CUDA Graph id 2499 reused
ggml_backend_cuda_graph_compute: CUDA graph warmup complete
CUDA Graph id 2501 reused
ggml_backend_cuda_graph_compute: CUDA graph warmup complete
CUDA Graph id 2503 reused
ggml_backend_cuda_graph_compute: CUDA graph warmup complete
CUDA Graph id 2505 reused
ggml_backend_cuda_graph_compute: CUDA graph warmup complete
CUDA Graph id 2507 reused
ggml_backend_cuda_graph_compute: CUDA graph warmup complete
CUDA Graph id 2509 reused
ggml_backend_cuda_graph_compute: CUDA graph warmup complete
CUDA Graph id 2511 reused
ggml_backend_cuda_graph_compute: CUDA graph warmup complete
CUDA Graph id 2513 reused
ggml_backend_cuda_graph_compute: CUDA graph warmup complete
CUDA Graph id 2515 reused
ggml_backend_cuda_graph_compute: CUDA graph warmup complete
CUDA Graph id 2517 reused
ggml_backend_cuda_graph_compute: CUDA graph warmup complete
CUDA Graph id 2519 reused
ggml_backend_cuda_graph_compute: CUDA graph warmup complete
CUDA Graph id 2521 reused
ggml_backend_cuda_graph_compute: CUDA graph warmup complete
CUDA Graph id 2523 reused
ggml_backend_cuda_graph_compute: CUDA graph warmup complete
CUDA Graph id 2525 reused
ggml_backend_cuda_graph_compute: CUDA graph warmup complete
CUDA Graph id 2527 reused
ggml_backend_cuda_graph_compute: CUDA graph warmup complete
CUDA Graph id 2529 reused
ggml_backend_cuda_graph_compute: CUDA graph warmup complete
CUDA Graph id 2531 reused
ggml_backend_cuda_graph_compute: CUDA graph warmup complete
CUDA Graph id 2533 reused
ggml_backend_cuda_graph_compute: CUDA graph warmup complete
CUDA Graph id 2535 reused
ggml_backend_cuda_graph_compute: CUDA graph warmup complete
CUDA Graph id 2537 reused
ggml_backend_cuda_graph_compute: CUDA graph warmup complete
CUDA Graph id 2539 reused
ggml_backend_cuda_graph_compute: CUDA graph warmup complete
CUDA Graph id 2541 reused
ggml_backend_cuda_graph_compute: CUDA graph warmup complete
CUDA Graph id 2543 reused
ggml_backend_cuda_graph_compute: CUDA graph warmup complete
CUDA Graph id 2545 reused
ggml_backend_cuda_graph_compute: CUDA graph warmup complete
CUDA Graph id 2547 reused
ggml_backend_cuda_graph_compute: CUDA graph warmup complete
CUDA Graph id 2549 reused
ggml_backend_cuda_graph_compute: CUDA graph warmup complete
CUDA Graph id 2551 reused
ggml_backend_cuda_graph_compute: CUDA graph warmup complete
CUDA Graph id 2553 reused
ggml_backend_cuda_graph_compute: CUDA graph warmup complete
CUDA Graph id 2555 reused
ggml_backend_cuda_graph_compute: CUDA graph warmup complete
CUDA Graph id 2557 reused
ggml_backend_cuda_graph_compute: CUDA graph warmup complete
CUDA Graph id 2559 reused
ggml_backend_cuda_graph_compute: CUDA graph warmup complete
CUDA Graph id 2561 reused
ggml_backend_cuda_graph_compute: CUDA graph warmup complete
CUDA Graph id 2563 reused
ggml_backend_cuda_graph_compute: CUDA graph warmup complete
CUDA Graph id 2565 reused
ggml_backend_cuda_graph_compute: CUDA graph warmup complete
CUDA Graph id 2567 reused
ggml_backend_cuda_graph_compute: CUDA graph warmup complete
CUDA Graph id 2569 reused
ggml_backend_cuda_graph_compute: CUDA graph warmup complete
CUDA Graph id 2571 reused
ggml_backend_cuda_graph_compute: CUDA graph warmup complete
CUDA Graph id 2573 reused
ggml_backend_cuda_graph_compute: CUDA graph warmup complete
CUDA Graph id 2575 reused
ggml_backend_cuda_graph_compute: CUDA graph warmup complete
CUDA Graph id 2577 reused
ggml_backend_cuda_graph_compute: CUDA graph warmup complete
CUDA Graph id 2579 reused
ggml_backend_cuda_graph_compute: CUDA graph warmup complete
CUDA Graph id 2581 reused
ggml_backend_cuda_graph_compute: CUDA graph warmup complete
CUDA Graph id 2583 reused
ggml_backend_cuda_graph_compute: CUDA graph warmup complete
CUDA Graph id 2585 reused
ggml_backend_cuda_graph_compute: CUDA graph warmup complete
CUDA Graph id 2587 reused
ggml_backend_cuda_graph_compute: CUDA graph warmup complete
CUDA Graph id 2589 reused
ggml_backend_cuda_graph_compute: CUDA graph warmup complete
CUDA Graph id 2591 reused
ggml_backend_cuda_graph_compute: CUDA graph warmup complete
CUDA Graph id 2593 reused
ggml_backend_cuda_graph_compute: CUDA graph warmup complete
CUDA Graph id 2497 reused
CUDA Graph id 2499 reused
CUDA Graph id 2501 reused
CUDA Graph id 2503 reused
CUDA Graph id 2505 reused
CUDA Graph id 2507 reused
CUDA Graph id 2509 reused
CUDA Graph id 2511 reused
CUDA Graph id 2513 reused
CUDA Graph id 2515 reused
CUDA Graph id 2517 reused
CUDA Graph id 2519 reused
CUDA Graph id 2521 reused
CUDA Graph id 2523 reused
CUDA Graph id 2525 reused
CUDA Graph id 2527 reused
CUDA Graph id 2529 reused
CUDA Graph id 2531 reused
CUDA Graph id 2533 reused
CUDA Graph id 2535 reused
CUDA Graph id 2537 reused
CUDA Graph id 2539 reused
CUDA Graph id 2541 reused
CUDA Graph id 2543 reused
CUDA Graph id 2545 reused
CUDA Graph id 2547 reused
CUDA Graph id 2549 reused
CUDA Graph id 2551 reused
CUDA Graph id 2553 reused
CUDA Graph id 2555 reused
CUDA Graph id 2557 reused
CUDA Graph id 2559 reused
CUDA Graph id 2561 reused
CUDA Graph id 2563 reused
CUDA Graph id 2565 reused
CUDA Graph id 2567 reused
CUDA Graph id 2569 reused
CUDA Graph id 2571 reused
CUDA Graph id 2573 reused
CUDA Graph id 2575 reused
CUDA Graph id 2577 reused
CUDA Graph id 2579 reused
CUDA Graph id 2581 reused
CUDA Graph id 2583 reused
CUDA Graph id 2585 reused
CUDA Graph id 2587 reused
CUDA Graph id 2589 reused
CUDA Graph id 2591 reused
CUDA Graph id 2593 reused
CUDA Graph id 2497 reused
CUDA Graph id 2499 reused
CUDA Graph id 2501 reused
CUDA Graph id 2503 reused
CUDA Graph id 2505 reused
CUDA Graph id 2507 reused
CUDA Graph id 2509 reused
CUDA Graph id 2511 reused
CUDA Graph id 2513 reused
CUDA Graph id 2515 reused
CUDA Graph id 2517 reused
CUDA Graph id 2519 reused
CUDA Graph id 2521 reused
CUDA Graph id 2523 reused
CUDA Graph id 2525 reused
CUDA Graph id 2527 reused
CUDA Graph id 2529 reused
CUDA Graph id 2531 reused
CUDA Graph id 2533 reused
CUDA Graph id 2535 reused
CUDA Graph id 2537 reused
CUDA Graph id 2539 reused
CUDA Graph id 2541 reused
CUDA Graph id 2543 reused
CUDA Graph id 2545 reused
CUDA Graph id 2547 reused
CUDA Graph id 2549 reused
CUDA Graph id 2551 reused
CUDA Graph id 2553 reused
CUDA Graph id 2555 reused
CUDA Graph id 2557 reused
CUDA Graph id 2559 reused
CUDA Graph id 2561 reused
CUDA Graph id 2563 reused
CUDA Graph id 2565 reused
CUDA Graph id 2567 reused
CUDA Graph id 2569 reused
CUDA Graph id 2571 reused
CUDA Graph id 2573 reused
CUDA Graph id 2575 reused
CUDA Graph id 2577 reused
CUDA Graph id 2579 reused
CUDA Graph id 2581 reused
CUDA Graph id 2583 reused
CUDA Graph id 2585 reused
CUDA Graph id 2587 reused
CUDA Graph id 2589 reused
CUDA Graph id 2591 reused
CUDA Graph id 2593 reused
CUDA Graph id 2497 reused
CUDA Graph id 2499 reused
CUDA Graph id 2501 reused
CUDA Graph id 2503 reused
CUDA Graph id 2505 reused
CUDA Graph id 2507 reused
CUDA Graph id 2509 reused
CUDA Graph id 2511 reused
CUDA Graph id 2513 reused
CUDA Graph id 2515 reused
CUDA Graph id 2517 reused
CUDA Graph id 2519 reused
CUDA Graph id 2521 reused
CUDA Graph id 2523 reused
CUDA Graph id 2525 reused
CUDA Graph id 2527 reused
CUDA Graph id 2529 reused
CUDA Graph id 2531 reused
CUDA Graph id 2533 reused
CUDA Graph id 2535 reused
CUDA Graph id 2537 reused
CUDA Graph id 2539 reused
CUDA Graph id 2541 reused
CUDA Graph id 2543 reused
CUDA Graph id 2545 reused
CUDA Graph id 2547 reused
CUDA Graph id 2549 reused
CUDA Graph id 2551 reused
CUDA Graph id 2553 reused
CUDA Graph id 2555 reused
CUDA Graph id 2557 reused
CUDA Graph id 2559 reused
CUDA Graph id 2561 reused
CUDA Graph id 2563 reused
CUDA Graph id 2565 reused
CUDA Graph id 2567 reused
CUDA Graph id 2569 reused
CUDA Graph id 2571 reused
CUDA Graph id 2573 reused
CUDA Graph id 2575 reused
CUDA Graph id 2577 reused
CUDA Graph id 2579 reused
CUDA Graph id 2581 reused
CUDA Graph id 2583 reused
CUDA Graph id 2585 reused
CUDA Graph id 2587 reused
CUDA Graph id 2589 reused
CUDA Graph id 2591 reused
CUDA Graph id 2593 reused
CUDA Graph id 2497 reused
CUDA Graph id 2499 reused
CUDA Graph id 2501 reused
CUDA Graph id 2503 reused
CUDA Graph id 2505 reused
CUDA Graph id 2507 reused
CUDA Graph id 2509 reused
CUDA Graph id 2511 reused
CUDA Graph id 2513 reused
CUDA Graph id 2515 reused
CUDA Graph id 2517 reused
CUDA Graph id 2519 reused
CUDA Graph id 2521 reused
CUDA Graph id 2523 reused
CUDA Graph id 2525 reused
CUDA Graph id 2527 reused
CUDA Graph id 2529 reused
CUDA Graph id 2531 reused
CUDA Graph id 2533 reused
CUDA Graph id 2535 reused
CUDA Graph id 2537 reused
CUDA Graph id 2539 reused
CUDA Graph id 2541 reused
CUDA Graph id 2543 reused
CUDA Graph id 2545 reused
CUDA Graph id 2547 reused
CUDA Graph id 2549 reused
CUDA Graph id 2551 reused
CUDA Graph id 2553 reused
CUDA Graph id 2555 reused
CUDA Graph id 2557 reused
CUDA Graph id 2559 reused
CUDA Graph id 2561 reused
CUDA Graph id 2563 reused
CUDA Graph id 2565 reused
CUDA Graph id 2567 reused
CUDA Graph id 2569 reused
CUDA Graph id 2571 reused
CUDA Graph id 2573 reused
CUDA Graph id 2575 reused
CUDA Graph id 2577 reused
CUDA Graph id 2579 reused
CUDA Graph id 2581 reused
CUDA Graph id 2583 reused
CUDA Graph id 2585 reused
CUDA Graph id 2587 reused
CUDA Graph id 2589 reused
CUDA Graph id 2591 reused
CUDA Graph id 2593 reused
CUDA Graph id 2497 reused
CUDA Graph id 2499 reused
CUDA Graph id 2501 reused
CUDA Graph id 2503 reused
CUDA Graph id 2505 reused
CUDA Graph id 2507 reused
CUDA Graph id 2509 reused
CUDA Graph id 2511 reused
CUDA Graph id 2513 reused
CUDA Graph id 2515 reused
CUDA Graph id 2517 reused
CUDA Graph id 2519 reused
CUDA Graph id 2521 reused
CUDA Graph id 2523 reused
CUDA Graph id 2525 reused
CUDA Graph id 2527 reused
CUDA Graph id 2529 reused
CUDA Graph id 2531 reused
CUDA Graph id 2533 reused
CUDA Graph id 2535 reused
CUDA Graph id 2537 reused
CUDA Graph id 2539 reused
CUDA Graph id 2541 reused
CUDA Graph id 2543 reused
CUDA Graph id 2545 reused
CUDA Graph id 2547 reused
CUDA Graph id 2549 reused
CUDA Graph id 2551 reused
CUDA Graph id 2553 reused
CUDA Graph id 2555 reused
CUDA Graph id 2557 reused
CUDA Graph id 2559 reused
CUDA Graph id 2561 reused
CUDA Graph id 2563 reused
CUDA Graph id 2565 reused
CUDA Graph id 2567 reused
CUDA Graph id 2569 reused
CUDA Graph id 2571 reused
CUDA Graph id 2573 reused
CUDA Graph id 2575 reused
CUDA Graph id 2577 reused
CUDA Graph id 2579 reused
CUDA Graph id 2581 reused
CUDA Graph id 2583 reused
CUDA Graph id 2585 reused
CUDA Graph id 2587 reused
CUDA Graph id 2589 reused
CUDA Graph id 2591 reused
CUDA Graph id 2593 reused
CUDA Graph id 2497 reused
CUDA Graph id 2499 reused
CUDA Graph id 2501 reused
CUDA Graph id 2503 reused
CUDA Graph id 2505 reused
CUDA Graph id 2507 reused
CUDA Graph id 2509 reused
CUDA Graph id 2511 reused
CUDA Graph id 2513 reused
CUDA Graph id 2515 reused
CUDA Graph id 2517 reused
CUDA Graph id 2519 reused
CUDA Graph id 2521 reused
CUDA Graph id 2523 reused
CUDA Graph id 2525 reused
CUDA Graph id 2527 reused
CUDA Graph id 2529 reused
CUDA Graph id 2531 reused
CUDA Graph id 2533 reused
CUDA Graph id 2535 reused
CUDA Graph id 2537 reused
CUDA Graph id 2539 reused
CUDA Graph id 2541 reused
CUDA Graph id 2543 reused
CUDA Graph id 2545 reused
CUDA Graph id 2547 reused
CUDA Graph id 2549 reused
CUDA Graph id 2551 reused
CUDA Graph id 2553 reused
CUDA Graph id 2555 reused
CUDA Graph id 2557 reused
CUDA Graph id 2559 reused
CUDA Graph id 2561 reused
CUDA Graph id 2563 reused
CUDA Graph id 2565 reused
CUDA Graph id 2567 reused
CUDA Graph id 2569 reused
CUDA Graph id 2571 reused
CUDA Graph id 2573 reused
CUDA Graph id 2575 reused
CUDA Graph id 2577 reused
CUDA Graph id 2579 reused
CUDA Graph id 2581 reused
CUDA Graph id 2583 reused
CUDA Graph id 2585 reused
CUDA Graph id 2587 reused
CUDA Graph id 2589 reused
CUDA Graph id 2591 reused
CUDA Graph id 2593 reused
CUDA Graph id 2497 reused
CUDA Graph id 2499 reused
CUDA Graph id 2501 reused
CUDA Graph id 2503 reused
CUDA Graph id 2505 reused
CUDA Graph id 2507 reused
CUDA Graph id 2509 reused
CUDA Graph id 2511 reused
CUDA Graph id 2513 reused
CUDA Graph id 2515 reused
CUDA Graph id 2517 reused
CUDA Graph id 2519 reused
CUDA Graph id 2521 reused
CUDA Graph id 2523 reused
CUDA Graph id 2525 reused
CUDA Graph id 2527 reused
CUDA Graph id 2529 reused
CUDA Graph id 2531 reused
CUDA Graph id 2533 reused
CUDA Graph id 2535 reused
CUDA Graph id 2537 reused
CUDA Graph id 2539 reused
CUDA Graph id 2541 reused
CUDA Graph id 2543 reused
CUDA Graph id 2545 reused
CUDA Graph id 2547 reused
CUDA Graph id 2549 reused
CUDA Graph id 2551 reused
CUDA Graph id 2553 reused
CUDA Graph id 2555 reused
CUDA Graph id 2557 reused
CUDA Graph id 2559 reused
CUDA Graph id 2561 reused
CUDA Graph id 2563 reused
CUDA Graph id 2565 reused
CUDA Graph id 2567 reused
CUDA Graph id 2569 reused
CUDA Graph id 2571 reused
CUDA Graph id 2573 reused
CUDA Graph id 2575 reused
CUDA Graph id 2577 reused
CUDA Graph id 2579 reused
CUDA Graph id 2581 reused
CUDA Graph id 2583 reused
CUDA Graph id 2585 reused
CUDA Graph id 2587 reused
CUDA Graph id 2589 reused
CUDA Graph id 2591 reused
CUDA Graph id 2593 reused
CUDA Graph id 2497 reused
CUDA Graph id 2499 reused
CUDA Graph id 2501 reused
CUDA Graph id 2503 reused
CUDA Graph id 2505 reused
CUDA Graph id 2507 reused
CUDA Graph id 2509 reused
CUDA Graph id 2511 reused
CUDA Graph id 2513 reused
CUDA Graph id 2515 reused
CUDA Graph id 2517 reused
CUDA Graph id 2519 reused
CUDA Graph id 2521 reused
CUDA Graph id 2523 reused
CUDA Graph id 2525 reused
CUDA Graph id 2527 reused
CUDA Graph id 2529 reused
CUDA Graph id 2531 reused
CUDA Graph id 2533 reused
CUDA Graph id 2535 reused
CUDA Graph id 2537 reused
CUDA Graph id 2539 reused
CUDA Graph id 2541 reused
CUDA Graph id 2543 reused
CUDA Graph id 2545 reused
CUDA Graph id 2547 reused
CUDA Graph id 2549 reused
CUDA Graph id 2551 reused
CUDA Graph id 2553 reused
CUDA Graph id 2555 reused
CUDA Graph id 2557 reused
CUDA Graph id 2559 reused
CUDA Graph id 2561 reused
CUDA Graph id 2563 reused
CUDA Graph id 2565 reused
CUDA Graph id 2567 reused
CUDA Graph id 2569 reused
CUDA Graph id 2571 reused
CUDA Graph id 2573 reused
CUDA Graph id 2575 reused
CUDA Graph id 2577 reused
CUDA Graph id 2579 reused
CUDA Graph id 2581 reused
CUDA Graph id 2583 reused
CUDA Graph id 2585 reused
CUDA Graph id 2587 reused
CUDA Graph id 2589 reused
CUDA Graph id 2591 reused
CUDA Graph id 2593 reused
CUDA Graph id 2497 reused
CUDA Graph id 2499 reused
CUDA Graph id 2501 reused
CUDA Graph id 2503 reused
CUDA Graph id 2505 reused
CUDA Graph id 2507 reused
CUDA Graph id 2509 reused
CUDA Graph id 2511 reused
CUDA Graph id 2513 reused
CUDA Graph id 2515 reused
CUDA Graph id 2517 reused
CUDA Graph id 2519 reused
CUDA Graph id 2521 reused
CUDA Graph id 2523 reused
CUDA Graph id 2525 reused
CUDA Graph id 2527 reused
CUDA Graph id 2529 reused
CUDA Graph id 2531 reused
CUDA Graph id 2533 reused
CUDA Graph id 2535 reused
CUDA Graph id 2537 reused
CUDA Graph id 2539 reused
CUDA Graph id 2541 reused
CUDA Graph id 2543 reused
CUDA Graph id 2545 reused
CUDA Graph id 2547 reused
CUDA Graph id 2549 reused
CUDA Graph id 2551 reused
CUDA Graph id 2553 reused
CUDA Graph id 2555 reused
CUDA Graph id 2557 reused
CUDA Graph id 2559 reused
CUDA Graph id 2561 reused
CUDA Graph id 2563 reused
CUDA Graph id 2565 reused
CUDA Graph id 2567 reused
CUDA Graph id 2569 reused
CUDA Graph id 2571 reused
CUDA Graph id 2573 reused
CUDA Graph id 2575 reused
CUDA Graph id 2577 reused
CUDA Graph id 2579 reused
CUDA Graph id 2581 reused
CUDA Graph id 2583 reused
CUDA Graph id 2585 reused
CUDA Graph id 2587 reused
CUDA Graph id 2589 reused
CUDA Graph id 2591 reused
CUDA Graph id 2593 reused
CUDA Graph id 2497 reused
CUDA Graph id 2499 reused
CUDA Graph id 2501 reused
CUDA Graph id 2503 reused
CUDA Graph id 2505 reused
CUDA Graph id 2507 reused
CUDA Graph id 2509 reused
CUDA Graph id 2511 reused
CUDA Graph id 2513 reused
CUDA Graph id 2515 reused
CUDA Graph id 2517 reused
CUDA Graph id 2519 reused
CUDA Graph id 2521 reused
CUDA Graph id 2523 reused
CUDA Graph id 2525 reused
CUDA Graph id 2527 reused
CUDA Graph id 2529 reused
CUDA Graph id 2531 reused
CUDA Graph id 2533 reused
CUDA Graph id 2535 reused
CUDA Graph id 2537 reused
CUDA Graph id 2539 reused
CUDA Graph id 2541 reused
CUDA Graph id 2543 reused
CUDA Graph id 2545 reused
CUDA Graph id 2547 reused
CUDA Graph id 2549 reused
CUDA Graph id 2551 reused
CUDA Graph id 2553 reused
CUDA Graph id 2555 reused
CUDA Graph id 2557 reused
CUDA Graph id 2559 reused
CUDA Graph id 2561 reused
CUDA Graph id 2563 reused
CUDA Graph id 2565 reused
CUDA Graph id 2567 reused
CUDA Graph id 2569 reused
CUDA Graph id 2571 reused
CUDA Graph id 2573 reused
CUDA Graph id 2575 reused
CUDA Graph id 2577 reused
CUDA Graph id 2579 reused
CUDA Graph id 2581 reused
CUDA Graph id 2583 reused
CUDA Graph id 2585 reused
CUDA Graph id 2587 reused
CUDA Graph id 2589 reused
CUDA Graph id 2591 reused
CUDA Graph id 2593 reused
CUDA Graph id 2497 reused
CUDA Graph id 2499 reused
CUDA Graph id 2501 reused
CUDA Graph id 2503 reused
CUDA Graph id 2505 reused
CUDA Graph id 2507 reused
CUDA Graph id 2509 reused
CUDA Graph id 2511 reused
CUDA Graph id 2513 reused
CUDA Graph id 2515 reused
CUDA Graph id 2517 reused
CUDA Graph id 2519 reused
CUDA Graph id 2521 reused
CUDA Graph id 2523 reused
CUDA Graph id 2525 reused
CUDA Graph id 2527 reused
CUDA Graph id 2529 reused
CUDA Graph id 2531 reused
CUDA Graph id 2533 reused
CUDA Graph id 2535 reused
CUDA Graph id 2537 reused
CUDA Graph id 2539 reused
CUDA Graph id 2541 reused
CUDA Graph id 2543 reused
CUDA Graph id 2545 reused
CUDA Graph id 2547 reused
CUDA Graph id 2549 reused
CUDA Graph id 2551 reused
CUDA Graph id 2553 reused
CUDA Graph id 2555 reused
CUDA Graph id 2557 reused
CUDA Graph id 2559 reused
CUDA Graph id 2561 reused
CUDA Graph id 2563 reused
CUDA Graph id 2565 reused
CUDA Graph id 2567 reused
CUDA Graph id 2569 reused
CUDA Graph id 2571 reused
CUDA Graph id 2573 reused
CUDA Graph id 2575 reused
CUDA Graph id 2577 reused
CUDA Graph id 2579 reused
CUDA Graph id 2581 reused
CUDA Graph id 2583 reused
CUDA Graph id 2585 reused
CUDA Graph id 2587 reused
CUDA Graph id 2589 reused
CUDA Graph id 2591 reused
CUDA Graph id 2593 reused
CUDA Graph id 2497 reused
CUDA Graph id 2499 reused
CUDA Graph id 2501 reused
CUDA Graph id 2503 reused
CUDA Graph id 2505 reused
CUDA Graph id 2507 reused
CUDA Graph id 2509 reused
CUDA Graph id 2511 reused
CUDA Graph id 2513 reused
CUDA Graph id 2515 reused
CUDA Graph id 2517 reused
CUDA Graph id 2519 reused
CUDA Graph id 2521 reused
CUDA Graph id 2523 reused
CUDA Graph id 2525 reused
CUDA Graph id 2527 reused
CUDA Graph id 2529 reused
CUDA Graph id 2531 reused
CUDA Graph id 2533 reused
CUDA Graph id 2535 reused
CUDA Graph id 2537 reused
CUDA Graph id 2539 reused
CUDA Graph id 2541 reused
CUDA Graph id 2543 reused
CUDA Graph id 2545 reused
CUDA Graph id 2547 reused
CUDA Graph id 2549 reused
CUDA Graph id 2551 reused
CUDA Graph id 2553 reused
CUDA Graph id 2555 reused
CUDA Graph id 2557 reused
CUDA Graph id 2559 reused
CUDA Graph id 2561 reused
CUDA Graph id 2563 reused
CUDA Graph id 2565 reused
CUDA Graph id 2567 reused
CUDA Graph id 2569 reused
CUDA Graph id 2571 reused
CUDA Graph id 2573 reused
CUDA Graph id 2575 reused
CUDA Graph id 2577 reused
CUDA Graph id 2579 reused
CUDA Graph id 2581 reused
CUDA Graph id 2583 reused
CUDA Graph id 2585 reused
CUDA Graph id 2587 reused
CUDA Graph id 2589 reused
CUDA Graph id 2591 reused
CUDA Graph id 2593 reused
CUDA Graph id 2497 reused
CUDA Graph id 2499 reused
CUDA Graph id 2501 reused
CUDA Graph id 2503 reused
CUDA Graph id 2505 reused
CUDA Graph id 2507 reused
CUDA Graph id 2509 reused
CUDA Graph id 2511 reused
CUDA Graph id 2513 reused
CUDA Graph id 2515 reused
CUDA Graph id 2517 reused
CUDA Graph id 2519 reused
CUDA Graph id 2521 reused
CUDA Graph id 2523 reused
CUDA Graph id 2525 reused
CUDA Graph id 2527 reused
CUDA Graph id 2529 reused
CUDA Graph id 2531 reused
CUDA Graph id 2533 reused
CUDA Graph id 2535 reused
CUDA Graph id 2537 reused
CUDA Graph id 2539 reused
CUDA Graph id 2541 reused
CUDA Graph id 2543 reused
CUDA Graph id 2545 reused
CUDA Graph id 2547 reused
CUDA Graph id 2549 reused
CUDA Graph id 2551 reused
CUDA Graph id 2553 reused
CUDA Graph id 2555 reused
CUDA Graph id 2557 reused
CUDA Graph id 2559 reused
CUDA Graph id 2561 reused
CUDA Graph id 2563 reused
CUDA Graph id 2565 reused
CUDA Graph id 2567 reused
CUDA Graph id 2569 reused
CUDA Graph id 2571 reused
CUDA Graph id 2573 reused
CUDA Graph id 2575 reused
CUDA Graph id 2577 reused
CUDA Graph id 2579 reused
CUDA Graph id 2581 reused
CUDA Graph id 2583 reused
CUDA Graph id 2585 reused
CUDA Graph id 2587 reused
CUDA Graph id 2589 reused
CUDA Graph id 2591 reused
CUDA Graph id 2593 reused
CUDA Graph id 2497 reused
CUDA Graph id 2499 reused
CUDA Graph id 2501 reused
CUDA Graph id 2503 reused
CUDA Graph id 2505 reused
CUDA Graph id 2507 reused
CUDA Graph id 2509 reused
CUDA Graph id 2511 reused
CUDA Graph id 2513 reused
CUDA Graph id 2515 reused
CUDA Graph id 2517 reused
CUDA Graph id 2519 reused
CUDA Graph id 2521 reused
CUDA Graph id 2523 reused
CUDA Graph id 2525 reused
CUDA Graph id 2527 reused
CUDA Graph id 2529 reused
CUDA Graph id 2531 reused
CUDA Graph id 2533 reused
CUDA Graph id 2535 reused
CUDA Graph id 2537 reused
CUDA Graph id 2539 reused
CUDA Graph id 2541 reused
CUDA Graph id 2543 reused
CUDA Graph id 2545 reused
CUDA Graph id 2547 reused
CUDA Graph id 2549 reused
CUDA Graph id 2551 reused
CUDA Graph id 2553 reused
CUDA Graph id 2555 reused
CUDA Graph id 2557 reused
CUDA Graph id 2559 reused
CUDA Graph id 2561 reused
CUDA Graph id 2563 reused
CUDA Graph id 2565 reused
CUDA Graph id 2567 reused
CUDA Graph id 2569 reused
CUDA Graph id 2571 reused
CUDA Graph id 2573 reused
CUDA Graph id 2575 reused
CUDA Graph id 2577 reused
CUDA Graph id 2579 reused
CUDA Graph id 2581 reused
CUDA Graph id 2583 reused
CUDA Graph id 2585 reused
CUDA Graph id 2587 reused
CUDA Graph id 2589 reused
CUDA Graph id 2591 reused
CUDA Graph id 2593 reused
CUDA Graph id 2497 reused
CUDA Graph id 2499 reused
CUDA Graph id 2501 reused
CUDA Graph id 2503 reused
CUDA Graph id 2505 reused
CUDA Graph id 2507 reused
CUDA Graph id 2509 reused
CUDA Graph id 2511 reused
CUDA Graph id 2513 reused
CUDA Graph id 2515 reused
CUDA Graph id 2517 reused
CUDA Graph id 2519 reused
CUDA Graph id 2521 reused
CUDA Graph id 2523 reused
CUDA Graph id 2525 reused
CUDA Graph id 2527 reused
CUDA Graph id 2529 reused
CUDA Graph id 2531 reused
CUDA Graph id 2533 reused
CUDA Graph id 2535 reused
CUDA Graph id 2537 reused
CUDA Graph id 2539 reused
CUDA Graph id 2541 reused
CUDA Graph id 2543 reused
CUDA Graph id 2545 reused
CUDA Graph id 2547 reused
CUDA Graph id 2549 reused
CUDA Graph id 2551 reused
CUDA Graph id 2553 reused
CUDA Graph id 2555 reused
CUDA Graph id 2557 reused
CUDA Graph id 2559 reused
CUDA Graph id 2561 reused
CUDA Graph id 2563 reused
CUDA Graph id 2565 reused
CUDA Graph id 2567 reused
CUDA Graph id 2569 reused
CUDA Graph id 2571 reused
CUDA Graph id 2573 reused
CUDA Graph id 2575 reused
CUDA Graph id 2577 reused
CUDA Graph id 2579 reused
CUDA Graph id 2581 reused
CUDA Graph id 2583 reused
CUDA Graph id 2585 reused
CUDA Graph id 2587 reused
CUDA Graph id 2589 reused
CUDA Graph id 2591 reused
CUDA Graph id 2593 reused
CUDA Graph id 2497 reused
CUDA Graph id 2499 reused
CUDA Graph id 2501 reused
CUDA Graph id 2503 reused
CUDA Graph id 2505 reused
CUDA Graph id 2507 reused
CUDA Graph id 2509 reused
CUDA Graph id 2511 reused
CUDA Graph id 2513 reused
CUDA Graph id 2515 reused
CUDA Graph id 2517 reused
CUDA Graph id 2519 reused
CUDA Graph id 2521 reused
CUDA Graph id 2523 reused
CUDA Graph id 2525 reused
CUDA Graph id 2527 reused
CUDA Graph id 2529 reused
CUDA Graph id 2531 reused
CUDA Graph id 2533 reused
CUDA Graph id 2535 reused
CUDA Graph id 2537 reused
CUDA Graph id 2539 reused
CUDA Graph id 2541 reused
CUDA Graph id 2543 reused
CUDA Graph id 2545 reused
CUDA Graph id 2547 reused
CUDA Graph id 2549 reused
CUDA Graph id 2551 reused
CUDA Graph id 2553 reused
CUDA Graph id 2555 reused
CUDA Graph id 2557 reused
CUDA Graph id 2559 reused
CUDA Graph id 2561 reused
CUDA Graph id 2563 reused
CUDA Graph id 2565 reused
CUDA Graph id 2567 reused
CUDA Graph id 2569 reused
CUDA Graph id 2571 reused
CUDA Graph id 2573 reused
CUDA Graph id 2575 reused
CUDA Graph id 2577 reused
CUDA Graph id 2579 reused
CUDA Graph id 2581 reused
CUDA Graph id 2583 reused
CUDA Graph id 2585 reused
CUDA Graph id 2587 reused
CUDA Graph id 2589 reused
CUDA Graph id 2591 reused
CUDA Graph id 2593 reused
CUDA Graph id 2497 reused
CUDA Graph id 2499 reused
CUDA Graph id 2501 reused
CUDA Graph id 2503 reused
CUDA Graph id 2505 reused
CUDA Graph id 2507 reused
CUDA Graph id 2509 reused
CUDA Graph id 2511 reused
CUDA Graph id 2513 reused
CUDA Graph id 2515 reused
CUDA Graph id 2517 reused
CUDA Graph id 2519 reused
CUDA Graph id 2521 reused
CUDA Graph id 2523 reused
CUDA Graph id 2525 reused
CUDA Graph id 2527 reused
CUDA Graph id 2529 reused
CUDA Graph id 2531 reused
CUDA Graph id 2533 reused
CUDA Graph id 2535 reused
CUDA Graph id 2537 reused
CUDA Graph id 2539 reused
CUDA Graph id 2541 reused
CUDA Graph id 2543 reused
CUDA Graph id 2545 reused
CUDA Graph id 2547 reused
CUDA Graph id 2549 reused
CUDA Graph id 2551 reused
CUDA Graph id 2553 reused
CUDA Graph id 2555 reused
CUDA Graph id 2557 reused
CUDA Graph id 2559 reused
CUDA Graph id 2561 reused
CUDA Graph id 2563 reused
CUDA Graph id 2565 reused
CUDA Graph id 2567 reused
CUDA Graph id 2569 reused
CUDA Graph id 2571 reused
CUDA Graph id 2573 reused
CUDA Graph id 2575 reused
CUDA Graph id 2577 reused
CUDA Graph id 2579 reused
CUDA Graph id 2581 reused
CUDA Graph id 2583 reused
CUDA Graph id 2585 reused
CUDA Graph id 2587 reused
CUDA Graph id 2589 reused
CUDA Graph id 2591 reused
CUDA Graph id 2593 reused
CUDA Graph id 2497 reused
CUDA Graph id 2499 reused
CUDA Graph id 2501 reused
CUDA Graph id 2503 reused
CUDA Graph id 2505 reused
CUDA Graph id 2507 reused
CUDA Graph id 2509 reused
CUDA Graph id 2511 reused
CUDA Graph id 2513 reused
CUDA Graph id 2515 reused
CUDA Graph id 2517 reused
CUDA Graph id 2519 reused
CUDA Graph id 2521 reused
CUDA Graph id 2523 reused
CUDA Graph id 2525 reused
CUDA Graph id 2527 reused
CUDA Graph id 2529 reused
CUDA Graph id 2531 reused
CUDA Graph id 2533 reused
CUDA Graph id 2535 reused
CUDA Graph id 2537 reused
CUDA Graph id 2539 reused
CUDA Graph id 2541 reused
CUDA Graph id 2543 reused
CUDA Graph id 2545 reused
CUDA Graph id 2547 reused
CUDA Graph id 2549 reused
CUDA Graph id 2551 reused
CUDA Graph id 2553 reused
CUDA Graph id 2555 reused
CUDA Graph id 2557 reused
CUDA Graph id 2559 reused
CUDA Graph id 2561 reused
CUDA Graph id 2563 reused
CUDA Graph id 2565 reused
CUDA Graph id 2567 reused
CUDA Graph id 2569 reused
CUDA Graph id 2571 reused
CUDA Graph id 2573 reused
CUDA Graph id 2575 reused
CUDA Graph id 2577 reused
CUDA Graph id 2579 reused
CUDA Graph id 2581 reused
CUDA Graph id 2583 reused
CUDA Graph id 2585 reused
CUDA Graph id 2587 reused
CUDA Graph id 2589 reused
CUDA Graph id 2591 reused
CUDA Graph id 2593 reused
CUDA Graph id 2497 reused
CUDA Graph id 2499 reused
CUDA Graph id 2501 reused
CUDA Graph id 2503 reused
CUDA Graph id 2505 reused
CUDA Graph id 2507 reused
CUDA Graph id 2509 reused
CUDA Graph id 2511 reused
CUDA Graph id 2513 reused
CUDA Graph id 2515 reused
CUDA Graph id 2517 reused
CUDA Graph id 2519 reused
CUDA Graph id 2521 reused
CUDA Graph id 2523 reused
CUDA Graph id 2525 reused
CUDA Graph id 2527 reused
CUDA Graph id 2529 reused
CUDA Graph id 2531 reused
CUDA Graph id 2533 reused
CUDA Graph id 2535 reused
CUDA Graph id 2537 reused
CUDA Graph id 2539 reused
CUDA Graph id 2541 reused
CUDA Graph id 2543 reused
CUDA Graph id 2545 reused
CUDA Graph id 2547 reused
CUDA Graph id 2549 reused
CUDA Graph id 2551 reused
CUDA Graph id 2553 reused
CUDA Graph id 2555 reused
CUDA Graph id 2557 reused
CUDA Graph id 2559 reused
CUDA Graph id 2561 reused
CUDA Graph id 2563 reused
CUDA Graph id 2565 reused
CUDA Graph id 2567 reused
CUDA Graph id 2569 reused
CUDA Graph id 2571 reused
CUDA Graph id 2573 reused
CUDA Graph id 2575 reused
CUDA Graph id 2577 reused
CUDA Graph id 2579 reused
CUDA Graph id 2581 reused
CUDA Graph id 2583 reused
CUDA Graph id 2585 reused
CUDA Graph id 2587 reused
CUDA Graph id 2589 reused
CUDA Graph id 2591 reused
CUDA Graph id 2593 reused
CUDA Graph id 2497 reused
CUDA Graph id 2499 reused
CUDA Graph id 2501 reused
CUDA Graph id 2503 reused
CUDA Graph id 2505 reused
CUDA Graph id 2507 reused
CUDA Graph id 2509 reused
CUDA Graph id 2511 reused
CUDA Graph id 2513 reused
CUDA Graph id 2515 reused
CUDA Graph id 2517 reused
CUDA Graph id 2519 reused
CUDA Graph id 2521 reused
CUDA Graph id 2523 reused
CUDA Graph id 2525 reused
CUDA Graph id 2527 reused
CUDA Graph id 2529 reused
CUDA Graph id 2531 reused
CUDA Graph id 2533 reused
CUDA Graph id 2535 reused
CUDA Graph id 2537 reused
CUDA Graph id 2539 reused
CUDA Graph id 2541 reused
CUDA Graph id 2543 reused
CUDA Graph id 2545 reused
CUDA Graph id 2547 reused
CUDA Graph id 2549 reused
CUDA Graph id 2551 reused
CUDA Graph id 2553 reused
CUDA Graph id 2555 reused
CUDA Graph id 2557 reused
CUDA Graph id 2559 reused
CUDA Graph id 2561 reused
CUDA Graph id 2563 reused
CUDA Graph id 2565 reused
CUDA Graph id 2567 reused
CUDA Graph id 2569 reused
CUDA Graph id 2571 reused
CUDA Graph id 2573 reused
CUDA Graph id 2575 reused
CUDA Graph id 2577 reused
CUDA Graph id 2579 reused
CUDA Graph id 2581 reused
CUDA Graph id 2583 reused
CUDA Graph id 2585 reused
CUDA Graph id 2587 reused
CUDA Graph id 2589 reused
CUDA Graph id 2591 reused
CUDA Graph id 2593 reused
CUDA Graph id 2497 reused
CUDA Graph id 2499 reused
CUDA Graph id 2501 reused
CUDA Graph id 2503 reused
CUDA Graph id 2505 reused
CUDA Graph id 2507 reused
CUDA Graph id 2509 reused
CUDA Graph id 2511 reused
CUDA Graph id 2513 reused
CUDA Graph id 2515 reused
CUDA Graph id 2517 reused
CUDA Graph id 2519 reused
CUDA Graph id 2521 reused
CUDA Graph id 2523 reused
CUDA Graph id 2525 reused
CUDA Graph id 2527 reused
CUDA Graph id 2529 reused
CUDA Graph id 2531 reused
CUDA Graph id 2533 reused
CUDA Graph id 2535 reused
CUDA Graph id 2537 reused
CUDA Graph id 2539 reused
CUDA Graph id 2541 reused
CUDA Graph id 2543 reused
CUDA Graph id 2545 reused
CUDA Graph id 2547 reused
CUDA Graph id 2549 reused
CUDA Graph id 2551 reused
CUDA Graph id 2553 reused
CUDA Graph id 2555 reused
CUDA Graph id 2557 reused
CUDA Graph id 2559 reused
CUDA Graph id 2561 reused
CUDA Graph id 2563 reused
CUDA Graph id 2565 reused
CUDA Graph id 2567 reused
CUDA Graph id 2569 reused
CUDA Graph id 2571 reused
CUDA Graph id 2573 reused
CUDA Graph id 2575 reused
CUDA Graph id 2577 reused
CUDA Graph id 2579 reused
CUDA Graph id 2581 reused
CUDA Graph id 2583 reused
CUDA Graph id 2585 reused
CUDA Graph id 2587 reused
CUDA Graph id 2589 reused
CUDA Graph id 2591 reused
CUDA Graph id 2593 reused
CUDA Graph id 2497 reused
CUDA Graph id 2499 reused
CUDA Graph id 2501 reused
CUDA Graph id 2503 reused
CUDA Graph id 2505 reused
CUDA Graph id 2507 reused
CUDA Graph id 2509 reused
CUDA Graph id 2511 reused
CUDA Graph id 2513 reused
CUDA Graph id 2515 reused
CUDA Graph id 2517 reused
CUDA Graph id 2519 reused
CUDA Graph id 2521 reused
CUDA Graph id 2523 reused
CUDA Graph id 2525 reused
CUDA Graph id 2527 reused
CUDA Graph id 2529 reused
CUDA Graph id 2531 reused
CUDA Graph id 2533 reused
CUDA Graph id 2535 reused
CUDA Graph id 2537 reused
CUDA Graph id 2539 reused
CUDA Graph id 2541 reused
CUDA Graph id 2543 reused
CUDA Graph id 2545 reused
CUDA Graph id 2547 reused
CUDA Graph id 2549 reused
CUDA Graph id 2551 reused
CUDA Graph id 2553 reused
CUDA Graph id 2555 reused
CUDA Graph id 2557 reused
CUDA Graph id 2559 reused
CUDA Graph id 2561 reused
CUDA Graph id 2563 reused
CUDA Graph id 2565 reused
CUDA Graph id 2567 reused
CUDA Graph id 2569 reused
CUDA Graph id 2571 reused
CUDA Graph id 2573 reused
CUDA Graph id 2575 reused
CUDA Graph id 2577 reused
CUDA Graph id 2579 reused
CUDA Graph id 2581 reused
CUDA Graph id 2583 reused
CUDA Graph id 2585 reused
CUDA Graph id 2587 reused
CUDA Graph id 2589 reused
CUDA Graph id 2591 reused
CUDA Graph id 2593 reused
CUDA Graph id 2497 reused
CUDA Graph id 2499 reused
CUDA Graph id 2501 reused
CUDA Graph id 2503 reused
CUDA Graph id 2505 reused
CUDA Graph id 2507 reused
CUDA Graph id 2509 reused
CUDA Graph id 2511 reused
CUDA Graph id 2513 reused
CUDA Graph id 2515 reused
CUDA Graph id 2517 reused
CUDA Graph id 2519 reused
CUDA Graph id 2521 reused
CUDA Graph id 2523 reused
CUDA Graph id 2525 reused
CUDA Graph id 2527 reused
CUDA Graph id 2529 reused
CUDA Graph id 2531 reused
CUDA Graph id 2533 reused
CUDA Graph id 2535 reused
CUDA Graph id 2537 reused
CUDA Graph id 2539 reused
CUDA Graph id 2541 reused
CUDA Graph id 2543 reused
CUDA Graph id 2545 reused
CUDA Graph id 2547 reused
CUDA Graph id 2549 reused
CUDA Graph id 2551 reused
CUDA Graph id 2553 reused
CUDA Graph id 2555 reused
CUDA Graph id 2557 reused
CUDA Graph id 2559 reused
CUDA Graph id 2561 reused
CUDA Graph id 2563 reused
CUDA Graph id 2565 reused
CUDA Graph id 2567 reused
CUDA Graph id 2569 reused
CUDA Graph id 2571 reused
CUDA Graph id 2573 reused
CUDA Graph id 2575 reused
CUDA Graph id 2577 reused
CUDA Graph id 2579 reused
CUDA Graph id 2581 reused
CUDA Graph id 2583 reused
CUDA Graph id 2585 reused
CUDA Graph id 2587 reused
CUDA Graph id 2589 reused
CUDA Graph id 2591 reused
CUDA Graph id 2593 reused
CUDA Graph id 2497 reused
CUDA Graph id 2499 reused
CUDA Graph id 2501 reused
CUDA Graph id 2503 reused
CUDA Graph id 2505 reused
CUDA Graph id 2507 reused
CUDA Graph id 2509 reused
CUDA Graph id 2511 reused
CUDA Graph id 2513 reused
CUDA Graph id 2515 reused
CUDA Graph id 2517 reused
CUDA Graph id 2519 reused
CUDA Graph id 2521 reused
CUDA Graph id 2523 reused
CUDA Graph id 2525 reused
CUDA Graph id 2527 reused
CUDA Graph id 2529 reused
CUDA Graph id 2531 reused
CUDA Graph id 2533 reused
CUDA Graph id 2535 reused
CUDA Graph id 2537 reused
CUDA Graph id 2539 reused
CUDA Graph id 2541 reused
CUDA Graph id 2543 reused
CUDA Graph id 2545 reused
CUDA Graph id 2547 reused
CUDA Graph id 2549 reused
CUDA Graph id 2551 reused
CUDA Graph id 2553 reused
CUDA Graph id 2555 reused
CUDA Graph id 2557 reused
CUDA Graph id 2559 reused
CUDA Graph id 2561 reused
CUDA Graph id 2563 reused
CUDA Graph id 2565 reused
CUDA Graph id 2567 reused
CUDA Graph id 2569 reused
CUDA Graph id 2571 reused
CUDA Graph id 2573 reused
CUDA Graph id 2575 reused
CUDA Graph id 2577 reused
CUDA Graph id 2579 reused
CUDA Graph id 2581 reused
CUDA Graph id 2583 reused
CUDA Graph id 2585 reused
CUDA Graph id 2587 reused
CUDA Graph id 2589 reused
CUDA Graph id 2591 reused
CUDA Graph id 2593 reused
CUDA Graph id 2497 reused
CUDA Graph id 2499 reused
CUDA Graph id 2501 reused
CUDA Graph id 2503 reused
CUDA Graph id 2505 reused
CUDA Graph id 2507 reused
CUDA Graph id 2509 reused
CUDA Graph id 2511 reused
CUDA Graph id 2513 reused
CUDA Graph id 2515 reused
CUDA Graph id 2517 reused
CUDA Graph id 2519 reused
CUDA Graph id 2521 reused
CUDA Graph id 2523 reused
CUDA Graph id 2525 reused
CUDA Graph id 2527 reused
CUDA Graph id 2529 reused
CUDA Graph id 2531 reused
CUDA Graph id 2533 reused
CUDA Graph id 2535 reused
CUDA Graph id 2537 reused
CUDA Graph id 2539 reused
CUDA Graph id 2541 reused
CUDA Graph id 2543 reused
CUDA Graph id 2545 reused
CUDA Graph id 2547 reused
CUDA Graph id 2549 reused
CUDA Graph id 2551 reused
CUDA Graph id 2553 reused
CUDA Graph id 2555 reused
CUDA Graph id 2557 reused
CUDA Graph id 2559 reused
CUDA Graph id 2561 reused
CUDA Graph id 2563 reused
CUDA Graph id 2565 reused
CUDA Graph id 2567 reused
CUDA Graph id 2569 reused
CUDA Graph id 2571 reused
CUDA Graph id 2573 reused
CUDA Graph id 2575 reused
CUDA Graph id 2577 reused
CUDA Graph id 2579 reused
CUDA Graph id 2581 reused
CUDA Graph id 2583 reused
CUDA Graph id 2585 reused
CUDA Graph id 2587 reused
CUDA Graph id 2589 reused
CUDA Graph id 2591 reused
CUDA Graph id 2593 reused
CUDA Graph id 2497 reused
CUDA Graph id 2499 reused
CUDA Graph id 2501 reused
CUDA Graph id 2503 reused
CUDA Graph id 2505 reused
CUDA Graph id 2507 reused
CUDA Graph id 2509 reused
CUDA Graph id 2511 reused
CUDA Graph id 2513 reused
CUDA Graph id 2515 reused
CUDA Graph id 2517 reused
CUDA Graph id 2519 reused
CUDA Graph id 2521 reused
CUDA Graph id 2523 reused
CUDA Graph id 2525 reused
CUDA Graph id 2527 reused
CUDA Graph id 2529 reused
CUDA Graph id 2531 reused
CUDA Graph id 2533 reused
CUDA Graph id 2535 reused
CUDA Graph id 2537 reused
CUDA Graph id 2539 reused
CUDA Graph id 2541 reused
CUDA Graph id 2543 reused
CUDA Graph id 2545 reused
CUDA Graph id 2547 reused
CUDA Graph id 2549 reused
CUDA Graph id 2551 reused
CUDA Graph id 2553 reused
CUDA Graph id 2555 reused
CUDA Graph id 2557 reused
CUDA Graph id 2559 reused
CUDA Graph id 2561 reused
CUDA Graph id 2563 reused
CUDA Graph id 2565 reused
CUDA Graph id 2567 reused
CUDA Graph id 2569 reused
CUDA Graph id 2571 reused
CUDA Graph id 2573 reused
CUDA Graph id 2575 reused
CUDA Graph id 2577 reused
CUDA Graph id 2579 reused
CUDA Graph id 2581 reused
CUDA Graph id 2583 reused
CUDA Graph id 2585 reused
CUDA Graph id 2587 reused
CUDA Graph id 2589 reused
CUDA Graph id 2591 reused
CUDA Graph id 2593 reused
CUDA Graph id 2497 reused
CUDA Graph id 2499 reused
CUDA Graph id 2501 reused
CUDA Graph id 2503 reused
CUDA Graph id 2505 reused
CUDA Graph id 2507 reused
CUDA Graph id 2509 reused
CUDA Graph id 2511 reused
CUDA Graph id 2513 reused
CUDA Graph id 2515 reused
CUDA Graph id 2517 reused
CUDA Graph id 2519 reused
CUDA Graph id 2521 reused
CUDA Graph id 2523 reused
CUDA Graph id 2525 reused
CUDA Graph id 2527 reused
CUDA Graph id 2529 reused
CUDA Graph id 2531 reused
CUDA Graph id 2533 reused
CUDA Graph id 2535 reused
CUDA Graph id 2537 reused
CUDA Graph id 2539 reused
CUDA Graph id 2541 reused
CUDA Graph id 2543 reused
CUDA Graph id 2545 reused
CUDA Graph id 2547 reused
CUDA Graph id 2549 reused
CUDA Graph id 2551 reused
CUDA Graph id 2553 reused
CUDA Graph id 2555 reused
CUDA Graph id 2557 reused
CUDA Graph id 2559 reused
CUDA Graph id 2561 reused
CUDA Graph id 2563 reused
CUDA Graph id 2565 reused
CUDA Graph id 2567 reused
CUDA Graph id 2569 reused
CUDA Graph id 2571 reused
CUDA Graph id 2573 reused
CUDA Graph id 2575 reused
CUDA Graph id 2577 reused
CUDA Graph id 2579 reused
CUDA Graph id 2581 reused
CUDA Graph id 2583 reused
CUDA Graph id 2585 reused
CUDA Graph id 2587 reused
CUDA Graph id 2589 reused
CUDA Graph id 2591 reused
CUDA Graph id 2593 reused
CUDA Graph id 2497 reused
CUDA Graph id 2499 reused
CUDA Graph id 2501 reused
CUDA Graph id 2503 reused
CUDA Graph id 2505 reused
CUDA Graph id 2507 reused
CUDA Graph id 2509 reused
CUDA Graph id 2511 reused
CUDA Graph id 2513 reused
CUDA Graph id 2515 reused
CUDA Graph id 2517 reused
CUDA Graph id 2519 reused
CUDA Graph id 2521 reused
CUDA Graph id 2523 reused
CUDA Graph id 2525 reused
CUDA Graph id 2527 reused
CUDA Graph id 2529 reused
CUDA Graph id 2531 reused
CUDA Graph id 2533 reused
CUDA Graph id 2535 reused
CUDA Graph id 2537 reused
CUDA Graph id 2539 reused
CUDA Graph id 2541 reused
CUDA Graph id 2543 reused
CUDA Graph id 2545 reused
CUDA Graph id 2547 reused
CUDA Graph id 2549 reused
CUDA Graph id 2551 reused
CUDA Graph id 2553 reused
CUDA Graph id 2555 reused
CUDA Graph id 2557 reused
CUDA Graph id 2559 reused
CUDA Graph id 2561 reused
CUDA Graph id 2563 reused
CUDA Graph id 2565 reused
CUDA Graph id 2567 reused
CUDA Graph id 2569 reused
CUDA Graph id 2571 reused
CUDA Graph id 2573 reused
CUDA Graph id 2575 reused
CUDA Graph id 2577 reused
CUDA Graph id 2579 reused
CUDA Graph id 2581 reused
CUDA Graph id 2583 reused
CUDA Graph id 2585 reused
CUDA Graph id 2587 reused
CUDA Graph id 2589 reused
CUDA Graph id 2591 reused
CUDA Graph id 2593 reused
CUDA Graph id 2497 reused
CUDA Graph id 2499 reused
CUDA Graph id 2501 reused
CUDA Graph id 2503 reused
CUDA Graph id 2505 reused
CUDA Graph id 2507 reused
CUDA Graph id 2509 reused
CUDA Graph id 2511 reused
CUDA Graph id 2513 reused
CUDA Graph id 2515 reused
CUDA Graph id 2517 reused
CUDA Graph id 2519 reused
CUDA Graph id 2521 reused
CUDA Graph id 2523 reused
CUDA Graph id 2525 reused
CUDA Graph id 2527 reused
CUDA Graph id 2529 reused
CUDA Graph id 2531 reused
CUDA Graph id 2533 reused
CUDA Graph id 2535 reused
CUDA Graph id 2537 reused
CUDA Graph id 2539 reused
CUDA Graph id 2541 reused
CUDA Graph id 2543 reused
CUDA Graph id 2545 reused
CUDA Graph id 2547 reused
CUDA Graph id 2549 reused
CUDA Graph id 2551 reused
CUDA Graph id 2553 reused
CUDA Graph id 2555 reused
CUDA Graph id 2557 reused
CUDA Graph id 2559 reused
CUDA Graph id 2561 reused
CUDA Graph id 2563 reused
CUDA Graph id 2565 reused
CUDA Graph id 2567 reused
CUDA Graph id 2569 reused
CUDA Graph id 2571 reused
CUDA Graph id 2573 reused
CUDA Graph id 2575 reused
CUDA Graph id 2577 reused
CUDA Graph id 2579 reused
CUDA Graph id 2581 reused
CUDA Graph id 2583 reused
CUDA Graph id 2585 reused
CUDA Graph id 2587 reused
CUDA Graph id 2589 reused
CUDA Graph id 2591 reused
CUDA Graph id 2593 reused
ggml_backend_cuda_graph_compute: CUDA graph warmup reset
ggml_backend_cuda_graph_compute: CUDA graph warmup reset
ggml_backend_cuda_graph_compute: CUDA graph warmup complete
ggml_backend_cuda_graph_compute: CUDA graph warmup reset
ggml_backend_cuda_graph_compute: CUDA graph warmup reset
ggml_backend_cuda_graph_compute: CUDA graph warmup reset
ggml_backend_cuda_graph_compute: CUDA graph warmup reset
ggml_backend_cuda_graph_compute: CUDA graph warmup reset
ggml_backend_cuda_graph_compute: CUDA graph warmup reset
ggml_backend_cuda_graph_compute: CUDA graph warmup reset
ggml_backend_cuda_graph_compute: CUDA graph warmup reset
ggml_backend_cuda_graph_compute: CUDA graph warmup reset
ggml_backend_cuda_graph_compute: CUDA graph warmup reset
ggml_backend_cuda_graph_compute: CUDA graph warmup reset
ggml_backend_cuda_graph_compute: CUDA graph warmup reset
ggml_backend_cuda_graph_compute: CUDA graph warmup reset
ggml_backend_cuda_graph_compute: CUDA graph warmup reset
ggml_backend_cuda_graph_compute: CUDA graph warmup reset
ggml_backend_cuda_graph_compute: CUDA graph warmup reset
ggml_backend_cuda_graph_compute: CUDA graph warmup reset
ggml_backend_cuda_graph_compute: CUDA graph warmup reset
ggml_backend_cuda_graph_compute: CUDA graph warmup reset
ggml_backend_cuda_graph_compute: CUDA graph warmup reset
ggml_backend_cuda_graph_compute: CUDA graph warmup reset
ggml_backend_cuda_graph_compute: CUDA graph warmup reset
ggml_backend_cuda_graph_compute: CUDA graph warmup reset
ggml_backend_cuda_graph_compute: CUDA graph warmup reset
ggml_backend_cuda_graph_compute: CUDA graph warmup reset
ggml_backend_cuda_graph_compute: CUDA graph warmup reset
ggml_backend_cuda_graph_compute: CUDA graph warmup reset
ggml_backend_cuda_graph_compute: CUDA graph warmup reset
ggml_backend_cuda_graph_compute: CUDA graph warmup reset
ggml_backend_cuda_graph_compute: CUDA graph warmup reset
ggml_backend_cuda_graph_compute: CUDA graph warmup reset
ggml_backend_cuda_graph_compute: CUDA graph warmup reset
ggml_backend_cuda_graph_compute: CUDA graph warmup reset
ggml_backend_cuda_graph_compute: CUDA graph warmup reset
ggml_backend_cuda_graph_compute: CUDA graph warmup reset
ggml_backend_cuda_graph_compute: CUDA graph warmup reset
ggml_backend_cuda_graph_compute: CUDA graph warmup reset
ggml_backend_cuda_graph_compute: CUDA graph warmup reset
ggml_backend_cuda_graph_compute: CUDA graph warmup reset
ggml_backend_cuda_graph_compute: CUDA graph warmup reset
ggml_backend_cuda_graph_compute: CUDA graph warmup reset
ggml_backend_cuda_graph_compute: CUDA graph warmup reset
ggml_backend_cuda_graph_compute: CUDA graph warmup reset
ggml_backend_cuda_graph_compute: CUDA graph warmup reset
ggml_backend_cuda_graph_compute: CUDA graph warmup reset
ggml_backend_cuda_graph_compute: CUDA graph warmup reset
ggml_backend_cuda_graph_compute: CUDA graph warmup reset
ggml_backend_cuda_graph_compute: CUDA graph warmup reset
CUDA Graph id 3034 reused
ggml_backend_cuda_graph_compute: CUDA graph warmup complete
CUDA Graph id 3036 reused
ggml_backend_cuda_graph_compute: CUDA graph warmup complete
CUDA Graph id 3038 reused
ggml_backend_cuda_graph_compute: CUDA graph warmup complete
CUDA Graph id 3040 reused
ggml_backend_cuda_graph_compute: CUDA graph warmup complete
CUDA Graph id 3042 reused
ggml_backend_cuda_graph_compute: CUDA graph warmup complete
CUDA Graph id 3044 reused
ggml_backend_cuda_graph_compute: CUDA graph warmup complete
CUDA Graph id 3046 reused
ggml_backend_cuda_graph_compute: CUDA graph warmup complete
CUDA Graph id 3048 reused
ggml_backend_cuda_graph_compute: CUDA graph warmup complete
CUDA Graph id 3050 reused
ggml_backend_cuda_graph_compute: CUDA graph warmup complete
CUDA Graph id 3052 reused
ggml_backend_cuda_graph_compute: CUDA graph warmup complete
CUDA Graph id 3054 reused
ggml_backend_cuda_graph_compute: CUDA graph warmup complete
CUDA Graph id 3056 reused
ggml_backend_cuda_graph_compute: CUDA graph warmup complete
CUDA Graph id 3058 reused
ggml_backend_cuda_graph_compute: CUDA graph warmup complete
CUDA Graph id 3060 reused
ggml_backend_cuda_graph_compute: CUDA graph warmup complete
CUDA Graph id 3062 reused
ggml_backend_cuda_graph_compute: CUDA graph warmup complete
CUDA Graph id 3064 reused
ggml_backend_cuda_graph_compute: CUDA graph warmup complete
CUDA Graph id 3066 reused
ggml_backend_cuda_graph_compute: CUDA graph warmup complete
CUDA Graph id 3068 reused
ggml_backend_cuda_graph_compute: CUDA graph warmup complete
CUDA Graph id 3070 reused
ggml_backend_cuda_graph_compute: CUDA graph warmup complete
CUDA Graph id 3072 reused
ggml_backend_cuda_graph_compute: CUDA graph warmup complete
CUDA Graph id 3074 reused
ggml_backend_cuda_graph_compute: CUDA graph warmup complete
CUDA Graph id 3076 reused
ggml_backend_cuda_graph_compute: CUDA graph warmup complete
CUDA Graph id 3078 reused
ggml_backend_cuda_graph_compute: CUDA graph warmup complete
CUDA Graph id 3080 reused
ggml_backend_cuda_graph_compute: CUDA graph warmup complete
CUDA Graph id 3082 reused
ggml_backend_cuda_graph_compute: CUDA graph warmup complete
CUDA Graph id 3084 reused
ggml_backend_cuda_graph_compute: CUDA graph warmup complete
CUDA Graph id 3086 reused
ggml_backend_cuda_graph_compute: CUDA graph warmup complete
CUDA Graph id 3088 reused
ggml_backend_cuda_graph_compute: CUDA graph warmup complete
CUDA Graph id 3090 reused
ggml_backend_cuda_graph_compute: CUDA graph warmup complete
CUDA Graph id 3092 reused
ggml_backend_cuda_graph_compute: CUDA graph warmup complete
CUDA Graph id 3094 reused
ggml_backend_cuda_graph_compute: CUDA graph warmup complete
CUDA Graph id 3096 reused
ggml_backend_cuda_graph_compute: CUDA graph warmup complete
CUDA Graph id 3098 reused
ggml_backend_cuda_graph_compute: CUDA graph warmup complete
CUDA Graph id 3100 reused
ggml_backend_cuda_graph_compute: CUDA graph warmup complete
CUDA Graph id 3102 reused
ggml_backend_cuda_graph_compute: CUDA graph warmup complete
CUDA Graph id 3104 reused
ggml_backend_cuda_graph_compute: CUDA graph warmup complete
CUDA Graph id 3106 reused
ggml_backend_cuda_graph_compute: CUDA graph warmup complete
CUDA Graph id 3108 reused
ggml_backend_cuda_graph_compute: CUDA graph warmup complete
CUDA Graph id 3110 reused
ggml_backend_cuda_graph_compute: CUDA graph warmup complete
CUDA Graph id 3112 reused
ggml_backend_cuda_graph_compute: CUDA graph warmup complete
CUDA Graph id 3114 reused
ggml_backend_cuda_graph_compute: CUDA graph warmup complete
CUDA Graph id 3116 reused
ggml_backend_cuda_graph_compute: CUDA graph warmup complete
CUDA Graph id 3118 reused
ggml_backend_cuda_graph_compute: CUDA graph warmup complete
CUDA Graph id 3120 reused
ggml_backend_cuda_graph_compute: CUDA graph warmup complete
CUDA Graph id 3122 reused
ggml_backend_cuda_graph_compute: CUDA graph warmup complete
CUDA Graph id 3124 reused
ggml_backend_cuda_graph_compute: CUDA graph warmup complete
CUDA Graph id 3126 reused
ggml_backend_cuda_graph_compute: CUDA graph warmup complete
CUDA Graph id 3128 reused
ggml_backend_cuda_graph_compute: CUDA graph warmup complete
CUDA Graph id 3130 reused
ggml_backend_cuda_graph_compute: CUDA graph warmup complete
CUDA Graph id 3034 reused
CUDA Graph id 3036 reused
CUDA Graph id 3038 reused
CUDA Graph id 3040 reused
CUDA Graph id 3042 reused
CUDA Graph id 3044 reused
CUDA Graph id 3046 reused
CUDA Graph id 3048 reused
CUDA Graph id 3050 reused
CUDA Graph id 3052 reused
CUDA Graph id 3054 reused
CUDA Graph id 3056 reused
CUDA Graph id 3058 reused
CUDA Graph id 3060 reused
CUDA Graph id 3062 reused
CUDA Graph id 3064 reused
CUDA Graph id 3066 reused
CUDA Graph id 3068 reused
CUDA Graph id 3070 reused
CUDA Graph id 3072 reused
CUDA Graph id 3074 reused
CUDA Graph id 3076 reused
CUDA Graph id 3078 reused
CUDA Graph id 3080 reused
CUDA Graph id 3082 reused
CUDA Graph id 3084 reused
CUDA Graph id 3086 reused
CUDA Graph id 3088 reused
CUDA Graph id 3090 reused
CUDA Graph id 3092 reused
CUDA Graph id 3094 reused
CUDA Graph id 3096 reused
CUDA Graph id 3098 reused
CUDA Graph id 3100 reused
CUDA Graph id 3102 reused
CUDA Graph id 3104 reused
CUDA Graph id 3106 reused
CUDA Graph id 3108 reused
CUDA Graph id 3110 reused
CUDA Graph id 3112 reused
CUDA Graph id 3114 reused
CUDA Graph id 3116 reused
CUDA Graph id 3118 reused
CUDA Graph id 3120 reused
CUDA Graph id 3122 reused
CUDA Graph id 3124 reused
CUDA Graph id 3126 reused
CUDA Graph id 3128 reused
CUDA Graph id 3130 reused
CUDA Graph id 3034 reused
CUDA Graph id 3036 reused
CUDA Graph id 3038 reused
CUDA Graph id 3040 reused
CUDA Graph id 3042 reused
CUDA Graph id 3044 reused
CUDA Graph id 3046 reused
CUDA Graph id 3048 reused
CUDA Graph id 3050 reused
CUDA Graph id 3052 reused
CUDA Graph id 3054 reused
CUDA Graph id 3056 reused
CUDA Graph id 3058 reused
CUDA Graph id 3060 reused
CUDA Graph id 3062 reused
CUDA Graph id 3064 reused
CUDA Graph id 3066 reused
CUDA Graph id 3068 reused
CUDA Graph id 3070 reused
CUDA Graph id 3072 reused
CUDA Graph id 3074 reused
CUDA Graph id 3076 reused
CUDA Graph id 3078 reused
CUDA Graph id 3080 reused
CUDA Graph id 3082 reused
CUDA Graph id 3084 reused
CUDA Graph id 3086 reused
CUDA Graph id 3088 reused
CUDA Graph id 3090 reused
CUDA Graph id 3092 reused
CUDA Graph id 3094 reused
CUDA Graph id 3096 reused
CUDA Graph id 3098 reused
CUDA Graph id 3100 reused
CUDA Graph id 3102 reused
CUDA Graph id 3104 reused
CUDA Graph id 3106 reused
CUDA Graph id 3108 reused
CUDA Graph id 3110 reused
CUDA Graph id 3112 reused
CUDA Graph id 3114 reused
CUDA Graph id 3116 reused
CUDA Graph id 3118 reused
CUDA Graph id 3120 reused
CUDA Graph id 3122 reused
CUDA Graph id 3124 reused
CUDA Graph id 3126 reused
CUDA Graph id 3128 reused
CUDA Graph id 3130 reused
CUDA Graph id 3034 reused
CUDA Graph id 3036 reused
CUDA Graph id 3038 reused
CUDA Graph id 3040 reused
CUDA Graph id 3042 reused
CUDA Graph id 3044 reused
CUDA Graph id 3046 reused
CUDA Graph id 3048 reused
CUDA Graph id 3050 reused
CUDA Graph id 3052 reused
CUDA Graph id 3054 reused
CUDA Graph id 3056 reused
CUDA Graph id 3058 reused
CUDA Graph id 3060 reused
CUDA Graph id 3062 reused
CUDA Graph id 3064 reused
CUDA Graph id 3066 reused
CUDA Graph id 3068 reused
CUDA Graph id 3070 reused
CUDA Graph id 3072 reused
CUDA Graph id 3074 reused
CUDA Graph id 3076 reused
CUDA Graph id 3078 reused
CUDA Graph id 3080 reused
CUDA Graph id 3082 reused
CUDA Graph id 3084 reused
CUDA Graph id 3086 reused
CUDA Graph id 3088 reused
CUDA Graph id 3090 reused
CUDA Graph id 3092 reused
CUDA Graph id 3094 reused
CUDA Graph id 3096 reused
CUDA Graph id 3098 reused
CUDA Graph id 3100 reused
CUDA Graph id 3102 reused
CUDA Graph id 3104 reused
CUDA Graph id 3106 reused
CUDA Graph id 3108 reused
CUDA Graph id 3110 reused
CUDA Graph id 3112 reused
CUDA Graph id 3114 reused
CUDA Graph id 3116 reused
CUDA Graph id 3118 reused
CUDA Graph id 3120 reused
CUDA Graph id 3122 reused
CUDA Graph id 3124 reused
CUDA Graph id 3126 reused
CUDA Graph id 3128 reused
CUDA Graph id 3130 reused
CUDA Graph id 3034 reused
CUDA Graph id 3036 reused
CUDA Graph id 3038 reused
CUDA Graph id 3040 reused
CUDA Graph id 3042 reused
CUDA Graph id 3044 reused
CUDA Graph id 3046 reused
CUDA Graph id 3048 reused
CUDA Graph id 3050 reused
CUDA Graph id 3052 reused
CUDA Graph id 3054 reused
CUDA Graph id 3056 reused
CUDA Graph id 3058 reused
CUDA Graph id 3060 reused
CUDA Graph id 3062 reused
CUDA Graph id 3064 reused
CUDA Graph id 3066 reused
CUDA Graph id 3068 reused
CUDA Graph id 3070 reused
CUDA Graph id 3072 reused
CUDA Graph id 3074 reused
CUDA Graph id 3076 reused
CUDA Graph id 3078 reused
CUDA Graph id 3080 reused
CUDA Graph id 3082 reused
CUDA Graph id 3084 reused
CUDA Graph id 3086 reused
CUDA Graph id 3088 reused
CUDA Graph id 3090 reused
CUDA Graph id 3092 reused
CUDA Graph id 3094 reused
CUDA Graph id 3096 reused
CUDA Graph id 3098 reused
CUDA Graph id 3100 reused
CUDA Graph id 3102 reused
CUDA Graph id 3104 reused
CUDA Graph id 3106 reused
CUDA Graph id 3108 reused
CUDA Graph id 3110 reused
CUDA Graph id 3112 reused
CUDA Graph id 3114 reused
CUDA Graph id 3116 reused
CUDA Graph id 3118 reused
CUDA Graph id 3120 reused
CUDA Graph id 3122 reused
CUDA Graph id 3124 reused
CUDA Graph id 3126 reused
CUDA Graph id 3128 reused
CUDA Graph id 3130 reused
CUDA Graph id 3034 reused
CUDA Graph id 3036 reused
CUDA Graph id 3038 reused
CUDA Graph id 3040 reused
CUDA Graph id 3042 reused
CUDA Graph id 3044 reused
CUDA Graph id 3046 reused
CUDA Graph id 3048 reused
CUDA Graph id 3050 reused
CUDA Graph id 3052 reused
CUDA Graph id 3054 reused
CUDA Graph id 3056 reused
CUDA Graph id 3058 reused
CUDA Graph id 3060 reused
CUDA Graph id 3062 reused
CUDA Graph id 3064 reused
CUDA Graph id 3066 reused
CUDA Graph id 3068 reused
CUDA Graph id 3070 reused
CUDA Graph id 3072 reused
CUDA Graph id 3074 reused
CUDA Graph id 3076 reused
CUDA Graph id 3078 reused
CUDA Graph id 3080 reused
CUDA Graph id 3082 reused
CUDA Graph id 3084 reused
CUDA Graph id 3086 reused
CUDA Graph id 3088 reused
CUDA Graph id 3090 reused
CUDA Graph id 3092 reused
CUDA Graph id 3094 reused
CUDA Graph id 3096 reused
CUDA Graph id 3098 reused
CUDA Graph id 3100 reused
CUDA Graph id 3102 reused
CUDA Graph id 3104 reused
CUDA Graph id 3106 reused
CUDA Graph id 3108 reused
CUDA Graph id 3110 reused
CUDA Graph id 3112 reused
CUDA Graph id 3114 reused
CUDA Graph id 3116 reused
CUDA Graph id 3118 reused
CUDA Graph id 3120 reused
CUDA Graph id 3122 reused
CUDA Graph id 3124 reused
CUDA Graph id 3126 reused
CUDA Graph id 3128 reused
CUDA Graph id 3130 reused
CUDA Graph id 3034 reused
CUDA Graph id 3036 reused
CUDA Graph id 3038 reused
CUDA Graph id 3040 reused
CUDA Graph id 3042 reused
CUDA Graph id 3044 reused
CUDA Graph id 3046 reused
CUDA Graph id 3048 reused
CUDA Graph id 3050 reused
CUDA Graph id 3052 reused
CUDA Graph id 3054 reused
CUDA Graph id 3056 reused
CUDA Graph id 3058 reused
CUDA Graph id 3060 reused
CUDA Graph id 3062 reused
CUDA Graph id 3064 reused
CUDA Graph id 3066 reused
CUDA Graph id 3068 reused
CUDA Graph id 3070 reused
CUDA Graph id 3072 reused
CUDA Graph id 3074 reused
CUDA Graph id 3076 reused
CUDA Graph id 3078 reused
CUDA Graph id 3080 reused
CUDA Graph id 3082 reused
CUDA Graph id 3084 reused
CUDA Graph id 3086 reused
CUDA Graph id 3088 reused
CUDA Graph id 3090 reused
CUDA Graph id 3092 reused
CUDA Graph id 3094 reused
CUDA Graph id 3096 reused
CUDA Graph id 3098 reused
CUDA Graph id 3100 reused
CUDA Graph id 3102 reused
CUDA Graph id 3104 reused
CUDA Graph id 3106 reused
CUDA Graph id 3108 reused
CUDA Graph id 3110 reused
CUDA Graph id 3112 reused
CUDA Graph id 3114 reused
CUDA Graph id 3116 reused
CUDA Graph id 3118 reused
CUDA Graph id 3120 reused
CUDA Graph id 3122 reused
CUDA Graph id 3124 reused
CUDA Graph id 3126 reused
CUDA Graph id 3128 reused
CUDA Graph id 3130 reused
CUDA Graph id 3034 reused
CUDA Graph id 3036 reused
CUDA Graph id 3038 reused
CUDA Graph id 3040 reused
CUDA Graph id 3042 reused
CUDA Graph id 3044 reused
CUDA Graph id 3046 reused
CUDA Graph id 3048 reused
CUDA Graph id 3050 reused
CUDA Graph id 3052 reused
CUDA Graph id 3054 reused
CUDA Graph id 3056 reused
CUDA Graph id 3058 reused
CUDA Graph id 3060 reused
CUDA Graph id 3062 reused
CUDA Graph id 3064 reused
CUDA Graph id 3066 reused
CUDA Graph id 3068 reused
CUDA Graph id 3070 reused
CUDA Graph id 3072 reused
CUDA Graph id 3074 reused
CUDA Graph id 3076 reused
CUDA Graph id 3078 reused
CUDA Graph id 3080 reused
CUDA Graph id 3082 reused
CUDA Graph id 3084 reused
CUDA Graph id 3086 reused
CUDA Graph id 3088 reused
CUDA Graph id 3090 reused
CUDA Graph id 3092 reused
CUDA Graph id 3094 reused
CUDA Graph id 3096 reused
CUDA Graph id 3098 reused
CUDA Graph id 3100 reused
CUDA Graph id 3102 reused
CUDA Graph id 3104 reused
CUDA Graph id 3106 reused
CUDA Graph id 3108 reused
CUDA Graph id 3110 reused
CUDA Graph id 3112 reused
CUDA Graph id 3114 reused
CUDA Graph id 3116 reused
CUDA Graph id 3118 reused
CUDA Graph id 3120 reused
CUDA Graph id 3122 reused
CUDA Graph id 3124 reused
CUDA Graph id 3126 reused
CUDA Graph id 3128 reused
CUDA Graph id 3130 reused
CUDA Graph id 3034 reused
CUDA Graph id 3036 reused
CUDA Graph id 3038 reused
CUDA Graph id 3040 reused
CUDA Graph id 3042 reused
CUDA Graph id 3044 reused
CUDA Graph id 3046 reused
CUDA Graph id 3048 reused
CUDA Graph id 3050 reused
CUDA Graph id 3052 reused
CUDA Graph id 3054 reused
CUDA Graph id 3056 reused
CUDA Graph id 3058 reused
CUDA Graph id 3060 reused
CUDA Graph id 3062 reused
CUDA Graph id 3064 reused
CUDA Graph id 3066 reused
CUDA Graph id 3068 reused
CUDA Graph id 3070 reused
CUDA Graph id 3072 reused
CUDA Graph id 3074 reused
CUDA Graph id 3076 reused
CUDA Graph id 3078 reused
CUDA Graph id 3080 reused
CUDA Graph id 3082 reused
CUDA Graph id 3084 reused
CUDA Graph id 3086 reused
CUDA Graph id 3088 reused
CUDA Graph id 3090 reused
CUDA Graph id 3092 reused
CUDA Graph id 3094 reused
CUDA Graph id 3096 reused
CUDA Graph id 3098 reused
CUDA Graph id 3100 reused
CUDA Graph id 3102 reused
CUDA Graph id 3104 reused
CUDA Graph id 3106 reused
CUDA Graph id 3108 reused
CUDA Graph id 3110 reused
CUDA Graph id 3112 reused
CUDA Graph id 3114 reused
CUDA Graph id 3116 reused
CUDA Graph id 3118 reused
CUDA Graph id 3120 reused
CUDA Graph id 3122 reused
CUDA Graph id 3124 reused
CUDA Graph id 3126 reused
CUDA Graph id 3128 reused
CUDA Graph id 3130 reused
CUDA Graph id 3034 reused
CUDA Graph id 3036 reused
CUDA Graph id 3038 reused
CUDA Graph id 3040 reused
CUDA Graph id 3042 reused
CUDA Graph id 3044 reused
CUDA Graph id 3046 reused
CUDA Graph id 3048 reused
CUDA Graph id 3050 reused
CUDA Graph id 3052 reused
CUDA Graph id 3054 reused
CUDA Graph id 3056 reused
CUDA Graph id 3058 reused
CUDA Graph id 3060 reused
CUDA Graph id 3062 reused
CUDA Graph id 3064 reused
CUDA Graph id 3066 reused
CUDA Graph id 3068 reused
CUDA Graph id 3070 reused
CUDA Graph id 3072 reused
CUDA Graph id 3074 reused
CUDA Graph id 3076 reused
CUDA Graph id 3078 reused
CUDA Graph id 3080 reused
CUDA Graph id 3082 reused
CUDA Graph id 3084 reused
CUDA Graph id 3086 reused
CUDA Graph id 3088 reused
CUDA Graph id 3090 reused
CUDA Graph id 3092 reused
CUDA Graph id 3094 reused
CUDA Graph id 3096 reused
CUDA Graph id 3098 reused
CUDA Graph id 3100 reused
CUDA Graph id 3102 reused
CUDA Graph id 3104 reused
CUDA Graph id 3106 reused
CUDA Graph id 3108 reused
CUDA Graph id 3110 reused
CUDA Graph id 3112 reused
CUDA Graph id 3114 reused
CUDA Graph id 3116 reused
CUDA Graph id 3118 reused
CUDA Graph id 3120 reused
CUDA Graph id 3122 reused
CUDA Graph id 3124 reused
CUDA Graph id 3126 reused
CUDA Graph id 3128 reused
CUDA Graph id 3130 reused
CUDA Graph id 3034 reused
CUDA Graph id 3036 reused
CUDA Graph id 3038 reused
CUDA Graph id 3040 reused
CUDA Graph id 3042 reused
CUDA Graph id 3044 reused
CUDA Graph id 3046 reused
CUDA Graph id 3048 reused
CUDA Graph id 3050 reused
CUDA Graph id 3052 reused
CUDA Graph id 3054 reused
CUDA Graph id 3056 reused
CUDA Graph id 3058 reused
CUDA Graph id 3060 reused
CUDA Graph id 3062 reused
CUDA Graph id 3064 reused
CUDA Graph id 3066 reused
CUDA Graph id 3068 reused
CUDA Graph id 3070 reused
CUDA Graph id 3072 reused
CUDA Graph id 3074 reused
CUDA Graph id 3076 reused
CUDA Graph id 3078 reused
CUDA Graph id 3080 reused
CUDA Graph id 3082 reused
CUDA Graph id 3084 reused
CUDA Graph id 3086 reused
CUDA Graph id 3088 reused
CUDA Graph id 3090 reused
CUDA Graph id 3092 reused
CUDA Graph id 3094 reused
CUDA Graph id 3096 reused
CUDA Graph id 3098 reused
CUDA Graph id 3100 reused
CUDA Graph id 3102 reused
CUDA Graph id 3104 reused
CUDA Graph id 3106 reused
CUDA Graph id 3108 reused
CUDA Graph id 3110 reused
CUDA Graph id 3112 reused
CUDA Graph id 3114 reused
CUDA Graph id 3116 reused
CUDA Graph id 3118 reused
CUDA Graph id 3120 reused
CUDA Graph id 3122 reused
CUDA Graph id 3124 reused
CUDA Graph id 3126 reused
CUDA Graph id 3128 reused
CUDA Graph id 3130 reused
CUDA Graph id 3034 reused
CUDA Graph id 3036 reused
CUDA Graph id 3038 reused
CUDA Graph id 3040 reused
CUDA Graph id 3042 reused
CUDA Graph id 3044 reused
CUDA Graph id 3046 reused
CUDA Graph id 3048 reused
CUDA Graph id 3050 reused
CUDA Graph id 3052 reused
CUDA Graph id 3054 reused
CUDA Graph id 3056 reused
CUDA Graph id 3058 reused
CUDA Graph id 3060 reused
CUDA Graph id 3062 reused
CUDA Graph id 3064 reused
CUDA Graph id 3066 reused
CUDA Graph id 3068 reused
CUDA Graph id 3070 reused
CUDA Graph id 3072 reused
CUDA Graph id 3074 reused
CUDA Graph id 3076 reused
CUDA Graph id 3078 reused
CUDA Graph id 3080 reused
CUDA Graph id 3082 reused
CUDA Graph id 3084 reused
CUDA Graph id 3086 reused
CUDA Graph id 3088 reused
CUDA Graph id 3090 reused
CUDA Graph id 3092 reused
CUDA Graph id 3094 reused
CUDA Graph id 3096 reused
CUDA Graph id 3098 reused
CUDA Graph id 3100 reused
CUDA Graph id 3102 reused
CUDA Graph id 3104 reused
CUDA Graph id 3106 reused
CUDA Graph id 3108 reused
CUDA Graph id 3110 reused
CUDA Graph id 3112 reused
CUDA Graph id 3114 reused
CUDA Graph id 3116 reused
CUDA Graph id 3118 reused
CUDA Graph id 3120 reused
CUDA Graph id 3122 reused
CUDA Graph id 3124 reused
CUDA Graph id 3126 reused
CUDA Graph id 3128 reused
CUDA Graph id 3130 reused
CUDA Graph id 3034 reused
CUDA Graph id 3036 reused
CUDA Graph id 3038 reused
CUDA Graph id 3040 reused
CUDA Graph id 3042 reused
CUDA Graph id 3044 reused
CUDA Graph id 3046 reused
CUDA Graph id 3048 reused
CUDA Graph id 3050 reused
CUDA Graph id 3052 reused
CUDA Graph id 3054 reused
CUDA Graph id 3056 reused
CUDA Graph id 3058 reused
CUDA Graph id 3060 reused
CUDA Graph id 3062 reused
CUDA Graph id 3064 reused
CUDA Graph id 3066 reused
CUDA Graph id 3068 reused
CUDA Graph id 3070 reused
CUDA Graph id 3072 reused
CUDA Graph id 3074 reused
CUDA Graph id 3076 reused
CUDA Graph id 3078 reused
CUDA Graph id 3080 reused
CUDA Graph id 3082 reused
CUDA Graph id 3084 reused
CUDA Graph id 3086 reused
CUDA Graph id 3088 reused
CUDA Graph id 3090 reused
CUDA Graph id 3092 reused
CUDA Graph id 3094 reused
CUDA Graph id 3096 reused
CUDA Graph id 3098 reused
CUDA Graph id 3100 reused
CUDA Graph id 3102 reused
CUDA Graph id 3104 reused
CUDA Graph id 3106 reused
CUDA Graph id 3108 reused
CUDA Graph id 3110 reused
CUDA Graph id 3112 reused
CUDA Graph id 3114 reused
CUDA Graph id 3116 reused
CUDA Graph id 3118 reused
CUDA Graph id 3120 reused
CUDA Graph id 3122 reused
CUDA Graph id 3124 reused
CUDA Graph id 3126 reused
CUDA Graph id 3128 reused
CUDA Graph id 3130 reused
CUDA Graph id 3034 reused
CUDA Graph id 3036 reused
CUDA Graph id 3038 reused
CUDA Graph id 3040 reused
CUDA Graph id 3042 reused
CUDA Graph id 3044 reused
CUDA Graph id 3046 reused
CUDA Graph id 3048 reused
CUDA Graph id 3050 reused
CUDA Graph id 3052 reused
CUDA Graph id 3054 reused
CUDA Graph id 3056 reused
CUDA Graph id 3058 reused
CUDA Graph id 3060 reused
CUDA Graph id 3062 reused
CUDA Graph id 3064 reused
CUDA Graph id 3066 reused
CUDA Graph id 3068 reused
CUDA Graph id 3070 reused
CUDA Graph id 3072 reused
CUDA Graph id 3074 reused
CUDA Graph id 3076 reused
CUDA Graph id 3078 reused
CUDA Graph id 3080 reused
CUDA Graph id 3082 reused
CUDA Graph id 3084 reused
CUDA Graph id 3086 reused
CUDA Graph id 3088 reused
CUDA Graph id 3090 reused
CUDA Graph id 3092 reused
CUDA Graph id 3094 reused
CUDA Graph id 3096 reused
CUDA Graph id 3098 reused
CUDA Graph id 3100 reused
CUDA Graph id 3102 reused
CUDA Graph id 3104 reused
CUDA Graph id 3106 reused
CUDA Graph id 3108 reused
CUDA Graph id 3110 reused
CUDA Graph id 3112 reused
CUDA Graph id 3114 reused
CUDA Graph id 3116 reused
CUDA Graph id 3118 reused
CUDA Graph id 3120 reused
CUDA Graph id 3122 reused
CUDA Graph id 3124 reused
CUDA Graph id 3126 reused
CUDA Graph id 3128 reused
CUDA Graph id 3130 reused
CUDA Graph id 3034 reused
CUDA Graph id 3036 reused
CUDA Graph id 3038 reused
CUDA Graph id 3040 reused
CUDA Graph id 3042 reused
CUDA Graph id 3044 reused
CUDA Graph id 3046 reused
CUDA Graph id 3048 reused
CUDA Graph id 3050 reused
CUDA Graph id 3052 reused
CUDA Graph id 3054 reused
CUDA Graph id 3056 reused
CUDA Graph id 3058 reused
CUDA Graph id 3060 reused
CUDA Graph id 3062 reused
CUDA Graph id 3064 reused
CUDA Graph id 3066 reused
CUDA Graph id 3068 reused
CUDA Graph id 3070 reused
CUDA Graph id 3072 reused
CUDA Graph id 3074 reused
CUDA Graph id 3076 reused
CUDA Graph id 3078 reused
CUDA Graph id 3080 reused
CUDA Graph id 3082 reused
CUDA Graph id 3084 reused
CUDA Graph id 3086 reused
CUDA Graph id 3088 reused
CUDA Graph id 3090 reused
CUDA Graph id 3092 reused
CUDA Graph id 3094 reused
CUDA Graph id 3096 reused
CUDA Graph id 3098 reused
CUDA Graph id 3100 reused
CUDA Graph id 3102 reused
CUDA Graph id 3104 reused
CUDA Graph id 3106 reused
CUDA Graph id 3108 reused
CUDA Graph id 3110 reused
CUDA Graph id 3112 reused
CUDA Graph id 3114 reused
CUDA Graph id 3116 reused
CUDA Graph id 3118 reused
CUDA Graph id 3120 reused
CUDA Graph id 3122 reused
CUDA Graph id 3124 reused
CUDA Graph id 3126 reused
CUDA Graph id 3128 reused
CUDA Graph id 3130 reused
CUDA Graph id 3034 reused
CUDA Graph id 3036 reused
CUDA Graph id 3038 reused
CUDA Graph id 3040 reused
CUDA Graph id 3042 reused
CUDA Graph id 3044 reused
CUDA Graph id 3046 reused
CUDA Graph id 3048 reused
CUDA Graph id 3050 reused
CUDA Graph id 3052 reused
CUDA Graph id 3054 reused
CUDA Graph id 3056 reused
CUDA Graph id 3058 reused
CUDA Graph id 3060 reused
CUDA Graph id 3062 reused
CUDA Graph id 3064 reused
CUDA Graph id 3066 reused
CUDA Graph id 3068 reused
CUDA Graph id 3070 reused
CUDA Graph id 3072 reused
CUDA Graph id 3074 reused
CUDA Graph id 3076 reused
CUDA Graph id 3078 reused
CUDA Graph id 3080 reused
CUDA Graph id 3082 reused
CUDA Graph id 3084 reused
CUDA Graph id 3086 reused
CUDA Graph id 3088 reused
CUDA Graph id 3090 reused
CUDA Graph id 3092 reused
CUDA Graph id 3094 reused
CUDA Graph id 3096 reused
CUDA Graph id 3098 reused
CUDA Graph id 3100 reused
CUDA Graph id 3102 reused
CUDA Graph id 3104 reused
CUDA Graph id 3106 reused
CUDA Graph id 3108 reused
CUDA Graph id 3110 reused
CUDA Graph id 3112 reused
CUDA Graph id 3114 reused
CUDA Graph id 3116 reused
CUDA Graph id 3118 reused
CUDA Graph id 3120 reused
CUDA Graph id 3122 reused
CUDA Graph id 3124 reused
CUDA Graph id 3126 reused
CUDA Graph id 3128 reused
CUDA Graph id 3130 reused
CUDA Graph id 3034 reused
CUDA Graph id 3036 reused
CUDA Graph id 3038 reused
CUDA Graph id 3040 reused
CUDA Graph id 3042 reused
CUDA Graph id 3044 reused
CUDA Graph id 3046 reused
CUDA Graph id 3048 reused
CUDA Graph id 3050 reused
CUDA Graph id 3052 reused
CUDA Graph id 3054 reused
CUDA Graph id 3056 reused
CUDA Graph id 3058 reused
CUDA Graph id 3060 reused
CUDA Graph id 3062 reused
CUDA Graph id 3064 reused
CUDA Graph id 3066 reused
CUDA Graph id 3068 reused
CUDA Graph id 3070 reused
CUDA Graph id 3072 reused
CUDA Graph id 3074 reused
CUDA Graph id 3076 reused
CUDA Graph id 3078 reused
CUDA Graph id 3080 reused
CUDA Graph id 3082 reused
CUDA Graph id 3084 reused
CUDA Graph id 3086 reused
CUDA Graph id 3088 reused
CUDA Graph id 3090 reused
CUDA Graph id 3092 reused
CUDA Graph id 3094 reused
CUDA Graph id 3096 reused
CUDA Graph id 3098 reused
CUDA Graph id 3100 reused
CUDA Graph id 3102 reused
CUDA Graph id 3104 reused
CUDA Graph id 3106 reused
CUDA Graph id 3108 reused
CUDA Graph id 3110 reused
CUDA Graph id 3112 reused
CUDA Graph id 3114 reused
CUDA Graph id 3116 reused
CUDA Graph id 3118 reused
CUDA Graph id 3120 reused
CUDA Graph id 3122 reused
CUDA Graph id 3124 reused
CUDA Graph id 3126 reused
CUDA Graph id 3128 reused
CUDA Graph id 3130 reused
CUDA Graph id 3034 reused
CUDA Graph id 3036 reused
CUDA Graph id 3038 reused
CUDA Graph id 3040 reused
CUDA Graph id 3042 reused
CUDA Graph id 3044 reused
CUDA Graph id 3046 reused
CUDA Graph id 3048 reused
CUDA Graph id 3050 reused
CUDA Graph id 3052 reused
CUDA Graph id 3054 reused
CUDA Graph id 3056 reused
CUDA Graph id 3058 reused
CUDA Graph id 3060 reused
CUDA Graph id 3062 reused
CUDA Graph id 3064 reused
CUDA Graph id 3066 reused
CUDA Graph id 3068 reused
CUDA Graph id 3070 reused
CUDA Graph id 3072 reused
CUDA Graph id 3074 reused
CUDA Graph id 3076 reused
CUDA Graph id 3078 reused
CUDA Graph id 3080 reused
CUDA Graph id 3082 reused
CUDA Graph id 3084 reused
CUDA Graph id 3086 reused
CUDA Graph id 3088 reused
CUDA Graph id 3090 reused
CUDA Graph id 3092 reused
CUDA Graph id 3094 reused
CUDA Graph id 3096 reused
CUDA Graph id 3098 reused
CUDA Graph id 3100 reused
CUDA Graph id 3102 reused
CUDA Graph id 3104 reused
CUDA Graph id 3106 reused
CUDA Graph id 3108 reused
CUDA Graph id 3110 reused
CUDA Graph id 3112 reused
CUDA Graph id 3114 reused
CUDA Graph id 3116 reused
CUDA Graph id 3118 reused
CUDA Graph id 3120 reused
CUDA Graph id 3122 reused
CUDA Graph id 3124 reused
CUDA Graph id 3126 reused
CUDA Graph id 3128 reused
CUDA Graph id 3130 reused
CUDA Graph id 3034 reused
CUDA Graph id 3036 reused
CUDA Graph id 3038 reused
CUDA Graph id 3040 reused
CUDA Graph id 3042 reused
CUDA Graph id 3044 reused
CUDA Graph id 3046 reused
CUDA Graph id 3048 reused
CUDA Graph id 3050 reused
CUDA Graph id 3052 reused
CUDA Graph id 3054 reused
CUDA Graph id 3056 reused
CUDA Graph id 3058 reused
CUDA Graph id 3060 reused
CUDA Graph id 3062 reused
CUDA Graph id 3064 reused
CUDA Graph id 3066 reused
CUDA Graph id 3068 reused
CUDA Graph id 3070 reused
CUDA Graph id 3072 reused
CUDA Graph id 3074 reused
CUDA Graph id 3076 reused
CUDA Graph id 3078 reused
CUDA Graph id 3080 reused
CUDA Graph id 3082 reused
CUDA Graph id 3084 reused
CUDA Graph id 3086 reused
CUDA Graph id 3088 reused
CUDA Graph id 3090 reused
CUDA Graph id 3092 reused
CUDA Graph id 3094 reused
CUDA Graph id 3096 reused
CUDA Graph id 3098 reused
CUDA Graph id 3100 reused
CUDA Graph id 3102 reused
CUDA Graph id 3104 reused
CUDA Graph id 3106 reused
CUDA Graph id 3108 reused
CUDA Graph id 3110 reused
CUDA Graph id 3112 reused
CUDA Graph id 3114 reused
CUDA Graph id 3116 reused
CUDA Graph id 3118 reused
CUDA Graph id 3120 reused
CUDA Graph id 3122 reused
CUDA Graph id 3124 reused
CUDA Graph id 3126 reused
CUDA Graph id 3128 reused
CUDA Graph id 3130 reused
CUDA Graph id 3034 reused
CUDA Graph id 3036 reused
CUDA Graph id 3038 reused
CUDA Graph id 3040 reused
CUDA Graph id 3042 reused
CUDA Graph id 3044 reused
CUDA Graph id 3046 reused
CUDA Graph id 3048 reused
CUDA Graph id 3050 reused
CUDA Graph id 3052 reused
CUDA Graph id 3054 reused
CUDA Graph id 3056 reused
CUDA Graph id 3058 reused
CUDA Graph id 3060 reused
CUDA Graph id 3062 reused
CUDA Graph id 3064 reused
CUDA Graph id 3066 reused
CUDA Graph id 3068 reused
CUDA Graph id 3070 reused
CUDA Graph id 3072 reused
CUDA Graph id 3074 reused
CUDA Graph id 3076 reused
CUDA Graph id 3078 reused
CUDA Graph id 3080 reused
CUDA Graph id 3082 reused
CUDA Graph id 3084 reused
CUDA Graph id 3086 reused
CUDA Graph id 3088 reused
CUDA Graph id 3090 reused
CUDA Graph id 3092 reused
CUDA Graph id 3094 reused
CUDA Graph id 3096 reused
CUDA Graph id 3098 reused
CUDA Graph id 3100 reused
CUDA Graph id 3102 reused
CUDA Graph id 3104 reused
CUDA Graph id 3106 reused
CUDA Graph id 3108 reused
CUDA Graph id 3110 reused
CUDA Graph id 3112 reused
CUDA Graph id 3114 reused
CUDA Graph id 3116 reused
CUDA Graph id 3118 reused
CUDA Graph id 3120 reused
CUDA Graph id 3122 reused
CUDA Graph id 3124 reused
CUDA Graph id 3126 reused
CUDA Graph id 3128 reused
CUDA Graph id 3130 reused
CUDA Graph id 3034 reused
CUDA Graph id 3036 reused
CUDA Graph id 3038 reused
CUDA Graph id 3040 reused
CUDA Graph id 3042 reused
CUDA Graph id 3044 reused
CUDA Graph id 3046 reused
CUDA Graph id 3048 reused
CUDA Graph id 3050 reused
CUDA Graph id 3052 reused
CUDA Graph id 3054 reused
CUDA Graph id 3056 reused
CUDA Graph id 3058 reused
CUDA Graph id 3060 reused
CUDA Graph id 3062 reused
CUDA Graph id 3064 reused
CUDA Graph id 3066 reused
CUDA Graph id 3068 reused
CUDA Graph id 3070 reused
CUDA Graph id 3072 reused
CUDA Graph id 3074 reused
CUDA Graph id 3076 reused
CUDA Graph id 3078 reused
CUDA Graph id 3080 reused
CUDA Graph id 3082 reused
CUDA Graph id 3084 reused
CUDA Graph id 3086 reused
CUDA Graph id 3088 reused
CUDA Graph id 3090 reused
CUDA Graph id 3092 reused
CUDA Graph id 3094 reused
CUDA Graph id 3096 reused
CUDA Graph id 3098 reused
CUDA Graph id 3100 reused
CUDA Graph id 3102 reused
CUDA Graph id 3104 reused
CUDA Graph id 3106 reused
CUDA Graph id 3108 reused
CUDA Graph id 3110 reused
CUDA Graph id 3112 reused
CUDA Graph id 3114 reused
CUDA Graph id 3116 reused
CUDA Graph id 3118 reused
CUDA Graph id 3120 reused
CUDA Graph id 3122 reused
CUDA Graph id 3124 reused
CUDA Graph id 3126 reused
CUDA Graph id 3128 reused
CUDA Graph id 3130 reused
CUDA Graph id 3034 reused
CUDA Graph id 3036 reused
CUDA Graph id 3038 reused
CUDA Graph id 3040 reused
CUDA Graph id 3042 reused
CUDA Graph id 3044 reused
CUDA Graph id 3046 reused
CUDA Graph id 3048 reused
CUDA Graph id 3050 reused
CUDA Graph id 3052 reused
CUDA Graph id 3054 reused
CUDA Graph id 3056 reused
CUDA Graph id 3058 reused
CUDA Graph id 3060 reused
CUDA Graph id 3062 reused
CUDA Graph id 3064 reused
CUDA Graph id 3066 reused
CUDA Graph id 3068 reused
CUDA Graph id 3070 reused
CUDA Graph id 3072 reused
CUDA Graph id 3074 reused
CUDA Graph id 3076 reused
CUDA Graph id 3078 reused
CUDA Graph id 3080 reused
CUDA Graph id 3082 reused
CUDA Graph id 3084 reused
CUDA Graph id 3086 reused
CUDA Graph id 3088 reused
CUDA Graph id 3090 reused
CUDA Graph id 3092 reused
CUDA Graph id 3094 reused
CUDA Graph id 3096 reused
CUDA Graph id 3098 reused
CUDA Graph id 3100 reused
CUDA Graph id 3102 reused
CUDA Graph id 3104 reused
CUDA Graph id 3106 reused
CUDA Graph id 3108 reused
CUDA Graph id 3110 reused
CUDA Graph id 3112 reused
CUDA Graph id 3114 reused
CUDA Graph id 3116 reused
CUDA Graph id 3118 reused
CUDA Graph id 3120 reused
CUDA Graph id 3122 reused
CUDA Graph id 3124 reused
CUDA Graph id 3126 reused
CUDA Graph id 3128 reused
CUDA Graph id 3130 reused
CUDA Graph id 3034 reused
CUDA Graph id 3036 reused
CUDA Graph id 3038 reused
CUDA Graph id 3040 reused
CUDA Graph id 3042 reused
CUDA Graph id 3044 reused
CUDA Graph id 3046 reused
CUDA Graph id 3048 reused
CUDA Graph id 3050 reused
CUDA Graph id 3052 reused
CUDA Graph id 3054 reused
CUDA Graph id 3056 reused
CUDA Graph id 3058 reused
CUDA Graph id 3060 reused
CUDA Graph id 3062 reused
CUDA Graph id 3064 reused
CUDA Graph id 3066 reused
CUDA Graph id 3068 reused
CUDA Graph id 3070 reused
CUDA Graph id 3072 reused
CUDA Graph id 3074 reused
CUDA Graph id 3076 reused
CUDA Graph id 3078 reused
CUDA Graph id 3080 reused
CUDA Graph id 3082 reused
CUDA Graph id 3084 reused
CUDA Graph id 3086 reused
CUDA Graph id 3088 reused
CUDA Graph id 3090 reused
CUDA Graph id 3092 reused
CUDA Graph id 3094 reused
CUDA Graph id 3096 reused
CUDA Graph id 3098 reused
CUDA Graph id 3100 reused
CUDA Graph id 3102 reused
CUDA Graph id 3104 reused
CUDA Graph id 3106 reused
CUDA Graph id 3108 reused
CUDA Graph id 3110 reused
CUDA Graph id 3112 reused
CUDA Graph id 3114 reused
CUDA Graph id 3116 reused
CUDA Graph id 3118 reused
CUDA Graph id 3120 reused
CUDA Graph id 3122 reused
CUDA Graph id 3124 reused
CUDA Graph id 3126 reused
CUDA Graph id 3128 reused
CUDA Graph id 3130 reused
CUDA Graph id 3034 reused
CUDA Graph id 3036 reused
CUDA Graph id 3038 reused
CUDA Graph id 3040 reused
CUDA Graph id 3042 reused
CUDA Graph id 3044 reused
CUDA Graph id 3046 reused
CUDA Graph id 3048 reused
CUDA Graph id 3050 reused
CUDA Graph id 3052 reused
CUDA Graph id 3054 reused
CUDA Graph id 3056 reused
CUDA Graph id 3058 reused
CUDA Graph id 3060 reused
CUDA Graph id 3062 reused
CUDA Graph id 3064 reused
CUDA Graph id 3066 reused
CUDA Graph id 3068 reused
CUDA Graph id 3070 reused
CUDA Graph id 3072 reused
CUDA Graph id 3074 reused
CUDA Graph id 3076 reused
CUDA Graph id 3078 reused
CUDA Graph id 3080 reused
CUDA Graph id 3082 reused
CUDA Graph id 3084 reused
CUDA Graph id 3086 reused
CUDA Graph id 3088 reused
CUDA Graph id 3090 reused
CUDA Graph id 3092 reused
CUDA Graph id 3094 reused
CUDA Graph id 3096 reused
CUDA Graph id 3098 reused
CUDA Graph id 3100 reused
CUDA Graph id 3102 reused
CUDA Graph id 3104 reused
CUDA Graph id 3106 reused
CUDA Graph id 3108 reused
CUDA Graph id 3110 reused
CUDA Graph id 3112 reused
CUDA Graph id 3114 reused
CUDA Graph id 3116 reused
CUDA Graph id 3118 reused
CUDA Graph id 3120 reused
CUDA Graph id 3122 reused
CUDA Graph id 3124 reused
CUDA Graph id 3126 reused
CUDA Graph id 3128 reused
CUDA Graph id 3130 reused
CUDA Graph id 3034 reused
CUDA Graph id 3036 reused
CUDA Graph id 3038 reused
CUDA Graph id 3040 reused
CUDA Graph id 3042 reused
CUDA Graph id 3044 reused
CUDA Graph id 3046 reused
CUDA Graph id 3048 reused
CUDA Graph id 3050 reused
CUDA Graph id 3052 reused
CUDA Graph id 3054 reused
CUDA Graph id 3056 reused
CUDA Graph id 3058 reused
CUDA Graph id 3060 reused
CUDA Graph id 3062 reused
CUDA Graph id 3064 reused
CUDA Graph id 3066 reused
CUDA Graph id 3068 reused
CUDA Graph id 3070 reused
CUDA Graph id 3072 reused
CUDA Graph id 3074 reused
CUDA Graph id 3076 reused
CUDA Graph id 3078 reused
CUDA Graph id 3080 reused
CUDA Graph id 3082 reused
CUDA Graph id 3084 reused
CUDA Graph id 3086 reused
CUDA Graph id 3088 reused
CUDA Graph id 3090 reused
CUDA Graph id 3092 reused
CUDA Graph id 3094 reused
CUDA Graph id 3096 reused
CUDA Graph id 3098 reused
CUDA Graph id 3100 reused
CUDA Graph id 3102 reused
CUDA Graph id 3104 reused
CUDA Graph id 3106 reused
CUDA Graph id 3108 reused
CUDA Graph id 3110 reused
CUDA Graph id 3112 reused
CUDA Graph id 3114 reused
CUDA Graph id 3116 reused
CUDA Graph id 3118 reused
CUDA Graph id 3120 reused
CUDA Graph id 3122 reused
CUDA Graph id 3124 reused
CUDA Graph id 3126 reused
CUDA Graph id 3128 reused
CUDA Graph id 3130 reused
CUDA Graph id 3034 reused
CUDA Graph id 3036 reused
CUDA Graph id 3038 reused
CUDA Graph id 3040 reused
CUDA Graph id 3042 reused
CUDA Graph id 3044 reused
CUDA Graph id 3046 reused
CUDA Graph id 3048 reused
CUDA Graph id 3050 reused
CUDA Graph id 3052 reused
CUDA Graph id 3054 reused
CUDA Graph id 3056 reused
CUDA Graph id 3058 reused
CUDA Graph id 3060 reused
CUDA Graph id 3062 reused
CUDA Graph id 3064 reused
CUDA Graph id 3066 reused
CUDA Graph id 3068 reused
CUDA Graph id 3070 reused
CUDA Graph id 3072 reused
CUDA Graph id 3074 reused
CUDA Graph id 3076 reused
CUDA Graph id 3078 reused
CUDA Graph id 3080 reused
CUDA Graph id 3082 reused
CUDA Graph id 3084 reused
CUDA Graph id 3086 reused
CUDA Graph id 3088 reused
CUDA Graph id 3090 reused
CUDA Graph id 3092 reused
CUDA Graph id 3094 reused
CUDA Graph id 3096 reused
CUDA Graph id 3098 reused
CUDA Graph id 3100 reused
CUDA Graph id 3102 reused
CUDA Graph id 3104 reused
CUDA Graph id 3106 reused
CUDA Graph id 3108 reused
CUDA Graph id 3110 reused
CUDA Graph id 3112 reused
CUDA Graph id 3114 reused
CUDA Graph id 3116 reused
CUDA Graph id 3118 reused
CUDA Graph id 3120 reused
CUDA Graph id 3122 reused
CUDA Graph id 3124 reused
CUDA Graph id 3126 reused
CUDA Graph id 3128 reused
CUDA Graph id 3130 reused
CUDA Graph id 3034 reused
CUDA Graph id 3036 reused
CUDA Graph id 3038 reused
CUDA Graph id 3040 reused
CUDA Graph id 3042 reused
CUDA Graph id 3044 reused
CUDA Graph id 3046 reused
CUDA Graph id 3048 reused
CUDA Graph id 3050 reused
CUDA Graph id 3052 reused
CUDA Graph id 3054 reused
CUDA Graph id 3056 reused
CUDA Graph id 3058 reused
CUDA Graph id 3060 reused
CUDA Graph id 3062 reused
CUDA Graph id 3064 reused
CUDA Graph id 3066 reused
CUDA Graph id 3068 reused
CUDA Graph id 3070 reused
CUDA Graph id 3072 reused
CUDA Graph id 3074 reused
CUDA Graph id 3076 reused
CUDA Graph id 3078 reused
CUDA Graph id 3080 reused
CUDA Graph id 3082 reused
CUDA Graph id 3084 reused
CUDA Graph id 3086 reused
CUDA Graph id 3088 reused
CUDA Graph id 3090 reused
CUDA Graph id 3092 reused
CUDA Graph id 3094 reused
CUDA Graph id 3096 reused
CUDA Graph id 3098 reused
CUDA Graph id 3100 reused
CUDA Graph id 3102 reused
CUDA Graph id 3104 reused
CUDA Graph id 3106 reused
CUDA Graph id 3108 reused
CUDA Graph id 3110 reused
CUDA Graph id 3112 reused
CUDA Graph id 3114 reused
CUDA Graph id 3116 reused
CUDA Graph id 3118 reused
CUDA Graph id 3120 reused
CUDA Graph id 3122 reused
CUDA Graph id 3124 reused
CUDA Graph id 3126 reused
CUDA Graph id 3128 reused
CUDA Graph id 3130 reused
CUDA Graph id 3034 reused
CUDA Graph id 3036 reused
CUDA Graph id 3038 reused
CUDA Graph id 3040 reused
CUDA Graph id 3042 reused
CUDA Graph id 3044 reused
CUDA Graph id 3046 reused
CUDA Graph id 3048 reused
CUDA Graph id 3050 reused
CUDA Graph id 3052 reused
CUDA Graph id 3054 reused
CUDA Graph id 3056 reused
CUDA Graph id 3058 reused
CUDA Graph id 3060 reused
CUDA Graph id 3062 reused
CUDA Graph id 3064 reused
CUDA Graph id 3066 reused
CUDA Graph id 3068 reused
CUDA Graph id 3070 reused
CUDA Graph id 3072 reused
CUDA Graph id 3074 reused
CUDA Graph id 3076 reused
CUDA Graph id 3078 reused
CUDA Graph id 3080 reused
CUDA Graph id 3082 reused
CUDA Graph id 3084 reused
CUDA Graph id 3086 reused
CUDA Graph id 3088 reused
CUDA Graph id 3090 reused
CUDA Graph id 3092 reused
CUDA Graph id 3094 reused
CUDA Graph id 3096 reused
CUDA Graph id 3098 reused
CUDA Graph id 3100 reused
CUDA Graph id 3102 reused
CUDA Graph id 3104 reused
CUDA Graph id 3106 reused
CUDA Graph id 3108 reused
CUDA Graph id 3110 reused
CUDA Graph id 3112 reused
CUDA Graph id 3114 reused
CUDA Graph id 3116 reused
CUDA Graph id 3118 reused
CUDA Graph id 3120 reused
CUDA Graph id 3122 reused
CUDA Graph id 3124 reused
CUDA Graph id 3126 reused
CUDA Graph id 3128 reused
CUDA Graph id 3130 reused
CUDA Graph id 3034 reused
CUDA Graph id 3036 reused
CUDA Graph id 3038 reused
CUDA Graph id 3040 reused
CUDA Graph id 3042 reused
CUDA Graph id 3044 reused
CUDA Graph id 3046 reused
CUDA Graph id 3048 reused
CUDA Graph id 3050 reused
CUDA Graph id 3052 reused
CUDA Graph id 3054 reused
CUDA Graph id 3056 reused
CUDA Graph id 3058 reused
CUDA Graph id 3060 reused
CUDA Graph id 3062 reused
CUDA Graph id 3064 reused
CUDA Graph id 3066 reused
CUDA Graph id 3068 reused
CUDA Graph id 3070 reused
CUDA Graph id 3072 reused
CUDA Graph id 3074 reused
CUDA Graph id 3076 reused
CUDA Graph id 3078 reused
CUDA Graph id 3080 reused
CUDA Graph id 3082 reused
CUDA Graph id 3084 reused
CUDA Graph id 3086 reused
CUDA Graph id 3088 reused
CUDA Graph id 3090 reused
CUDA Graph id 3092 reused
CUDA Graph id 3094 reused
CUDA Graph id 3096 reused
CUDA Graph id 3098 reused
CUDA Graph id 3100 reused
CUDA Graph id 3102 reused
CUDA Graph id 3104 reused
CUDA Graph id 3106 reused
CUDA Graph id 3108 reused
CUDA Graph id 3110 reused
CUDA Graph id 3112 reused
CUDA Graph id 3114 reused
CUDA Graph id 3116 reused
CUDA Graph id 3118 reused
CUDA Graph id 3120 reused
CUDA Graph id 3122 reused
CUDA Graph id 3124 reused
CUDA Graph id 3126 reused
CUDA Graph id 3128 reused
CUDA Graph id 3130 reused
CUDA Graph id 3034 reused
CUDA Graph id 3036 reused
CUDA Graph id 3038 reused
CUDA Graph id 3040 reused
CUDA Graph id 3042 reused
CUDA Graph id 3044 reused
CUDA Graph id 3046 reused
CUDA Graph id 3048 reused
CUDA Graph id 3050 reused
CUDA Graph id 3052 reused
CUDA Graph id 3054 reused
CUDA Graph id 3056 reused
CUDA Graph id 3058 reused
CUDA Graph id 3060 reused
CUDA Graph id 3062 reused
CUDA Graph id 3064 reused
CUDA Graph id 3066 reused
CUDA Graph id 3068 reused
CUDA Graph id 3070 reused
CUDA Graph id 3072 reused
CUDA Graph id 3074 reused
CUDA Graph id 3076 reused
CUDA Graph id 3078 reused
CUDA Graph id 3080 reused
CUDA Graph id 3082 reused
CUDA Graph id 3084 reused
CUDA Graph id 3086 reused
CUDA Graph id 3088 reused
CUDA Graph id 3090 reused
CUDA Graph id 3092 reused
CUDA Graph id 3094 reused
CUDA Graph id 3096 reused
CUDA Graph id 3098 reused
CUDA Graph id 3100 reused
CUDA Graph id 3102 reused
CUDA Graph id 3104 reused
CUDA Graph id 3106 reused
CUDA Graph id 3108 reused
CUDA Graph id 3110 reused
CUDA Graph id 3112 reused
CUDA Graph id 3114 reused
CUDA Graph id 3116 reused
CUDA Graph id 3118 reused
CUDA Graph id 3120 reused
CUDA Graph id 3122 reused
CUDA Graph id 3124 reused
CUDA Graph id 3126 reused
CUDA Graph id 3128 reused
CUDA Graph id 3130 reused
ggml_backend_cuda_graph_compute: CUDA graph warmup reset
ggml_backend_cuda_graph_compute: CUDA graph warmup reset
ggml_backend_cuda_graph_compute: CUDA graph warmup complete
ggml_backend_cuda_graph_compute: CUDA graph warmup reset
CUDA Graph id 3717 reused
ggml_backend_cuda_graph_compute: CUDA graph warmup complete
CUDA Graph id 3719 reused
ggml_backend_cuda_graph_compute: CUDA graph warmup complete
CUDA Graph id 3721 reused
ggml_backend_cuda_graph_compute: CUDA graph warmup complete
CUDA Graph id 3723 reused
ggml_backend_cuda_graph_compute: CUDA graph warmup complete
CUDA Graph id 3725 reused
ggml_backend_cuda_graph_compute: CUDA graph warmup complete
CUDA Graph id 3727 reused
ggml_backend_cuda_graph_compute: CUDA graph warmup complete
CUDA Graph id 3729 reused
ggml_backend_cuda_graph_compute: CUDA graph warmup complete
CUDA Graph id 3731 reused
ggml_backend_cuda_graph_compute: CUDA graph warmup complete
CUDA Graph id 3733 reused
ggml_backend_cuda_graph_compute: CUDA graph warmup complete
CUDA Graph id 3735 reused
ggml_backend_cuda_graph_compute: CUDA graph warmup complete
CUDA Graph id 3737 reused
ggml_backend_cuda_graph_compute: CUDA graph warmup complete
CUDA Graph id 3739 reused
ggml_backend_cuda_graph_compute: CUDA graph warmup complete
CUDA Graph id 3741 reused
ggml_backend_cuda_graph_compute: CUDA graph warmup complete
CUDA Graph id 3743 reused
ggml_backend_cuda_graph_compute: CUDA graph warmup complete
CUDA Graph id 3745 reused
ggml_backend_cuda_graph_compute: CUDA graph warmup complete
CUDA Graph id 3747 reused
ggml_backend_cuda_graph_compute: CUDA graph warmup complete
CUDA Graph id 3749 reused
ggml_backend_cuda_graph_compute: CUDA graph warmup complete
CUDA Graph id 3751 reused
ggml_backend_cuda_graph_compute: CUDA graph warmup complete
CUDA Graph id 3753 reused
ggml_backend_cuda_graph_compute: CUDA graph warmup complete
CUDA Graph id 3755 reused
ggml_backend_cuda_graph_compute: CUDA graph warmup complete
CUDA Graph id 3757 reused
ggml_backend_cuda_graph_compute: CUDA graph warmup complete
CUDA Graph id 3759 reused
ggml_backend_cuda_graph_compute: CUDA graph warmup complete
CUDA Graph id 3761 reused
ggml_backend_cuda_graph_compute: CUDA graph warmup complete
CUDA Graph id 3763 reused
ggml_backend_cuda_graph_compute: CUDA graph warmup complete
CUDA Graph id 3765 reused
ggml_backend_cuda_graph_compute: CUDA graph warmup complete
CUDA Graph id 3767 reused
ggml_backend_cuda_graph_compute: CUDA graph warmup complete
CUDA Graph id 3769 reused
ggml_backend_cuda_graph_compute: CUDA graph warmup complete
CUDA Graph id 3771 reused
ggml_backend_cuda_graph_compute: CUDA graph warmup complete
CUDA Graph id 3773 reused
ggml_backend_cuda_graph_compute: CUDA graph warmup complete
CUDA Graph id 3775 reused
ggml_backend_cuda_graph_compute: CUDA graph warmup complete
CUDA Graph id 3777 reused
ggml_backend_cuda_graph_compute: CUDA graph warmup complete
CUDA Graph id 3779 reused
ggml_backend_cuda_graph_compute: CUDA graph warmup complete
CUDA Graph id 3781 reused
ggml_backend_cuda_graph_compute: CUDA graph warmup complete
CUDA Graph id 3783 reused
ggml_backend_cuda_graph_compute: CUDA graph warmup complete
CUDA Graph id 3785 reused
ggml_backend_cuda_graph_compute: CUDA graph warmup complete
CUDA Graph id 3787 reused
ggml_backend_cuda_graph_compute: CUDA graph warmup complete
CUDA Graph id 3789 reused
ggml_backend_cuda_graph_compute: CUDA graph warmup complete
CUDA Graph id 3791 reused
ggml_backend_cuda_graph_compute: CUDA graph warmup complete
CUDA Graph id 3793 reused
ggml_backend_cuda_graph_compute: CUDA graph warmup complete
CUDA Graph id 3795 reused
ggml_backend_cuda_graph_compute: CUDA graph warmup complete
CUDA Graph id 3797 reused
ggml_backend_cuda_graph_compute: CUDA graph warmup complete
CUDA Graph id 3799 reused
ggml_backend_cuda_graph_compute: CUDA graph warmup complete
CUDA Graph id 3801 reused
ggml_backend_cuda_graph_compute: CUDA graph warmup complete
CUDA Graph id 3803 reused
ggml_backend_cuda_graph_compute: CUDA graph warmup complete
CUDA Graph id 3805 reused
ggml_backend_cuda_graph_compute: CUDA graph warmup complete
CUDA Graph id 3807 reused
ggml_backend_cuda_graph_compute: CUDA graph warmup complete
CUDA Graph id 3809 reused
ggml_backend_cuda_graph_compute: CUDA graph warmup complete
CUDA Graph id 3811 reused
ggml_backend_cuda_graph_compute: CUDA graph warmup complete
CUDA Graph id 3813 reused
ggml_backend_cuda_graph_compute: CUDA graph warmup complete
CUDA Graph id 3717 reused
CUDA Graph id 3719 reused
CUDA Graph id 3721 reused
CUDA Graph id 3723 reused
CUDA Graph id 3725 reused
CUDA Graph id 3727 reused
CUDA Graph id 3729 reused
CUDA Graph id 3731 reused
CUDA Graph id 3733 reused
CUDA Graph id 3735 reused
CUDA Graph id 3737 reused
CUDA Graph id 3739 reused
CUDA Graph id 3741 reused
CUDA Graph id 3743 reused
CUDA Graph id 3745 reused
CUDA Graph id 3747 reused
CUDA Graph id 3749 reused
CUDA Graph id 3751 reused
CUDA Graph id 3753 reused
CUDA Graph id 3755 reused
CUDA Graph id 3757 reused
CUDA Graph id 3759 reused
CUDA Graph id 3761 reused
CUDA Graph id 3763 reused
CUDA Graph id 3765 reused
CUDA Graph id 3767 reused
CUDA Graph id 3769 reused
CUDA Graph id 3771 reused
CUDA Graph id 3773 reused
CUDA Graph id 3775 reused
CUDA Graph id 3777 reused
CUDA Graph id 3779 reused
CUDA Graph id 3781 reused
CUDA Graph id 3783 reused
CUDA Graph id 3785 reused
CUDA Graph id 3787 reused
CUDA Graph id 3789 reused
CUDA Graph id 3791 reused
CUDA Graph id 3793 reused
CUDA Graph id 3795 reused
CUDA Graph id 3797 reused
CUDA Graph id 3799 reused
CUDA Graph id 3801 reused
CUDA Graph id 3803 reused
CUDA Graph id 3805 reused
CUDA Graph id 3807 reused
CUDA Graph id 3809 reused
CUDA Graph id 3811 reused
CUDA Graph id 3813 reused
CUDA Graph id 3717 reused
CUDA Graph id 3719 reused
CUDA Graph id 3721 reused
CUDA Graph id 3723 reused
CUDA Graph id 3725 reused
CUDA Graph id 3727 reused
CUDA Graph id 3729 reused
CUDA Graph id 3731 reused
CUDA Graph id 3733 reused
CUDA Graph id 3735 reused
CUDA Graph id 3737 reused
CUDA Graph id 3739 reused
CUDA Graph id 3741 reused
CUDA Graph id 3743 reused
CUDA Graph id 3745 reused
CUDA Graph id 3747 reused
CUDA Graph id 3749 reused
CUDA Graph id 3751 reused
CUDA Graph id 3753 reused
CUDA Graph id 3755 reused
CUDA Graph id 3757 reused
CUDA Graph id 3759 reused
CUDA Graph id 3761 reused
CUDA Graph id 3763 reused
CUDA Graph id 3765 reused
CUDA Graph id 3767 reused
CUDA Graph id 3769 reused
CUDA Graph id 3771 reused
CUDA Graph id 3773 reused
CUDA Graph id 3775 reused
CUDA Graph id 3777 reused
CUDA Graph id 3779 reused
CUDA Graph id 3781 reused
CUDA Graph id 3783 reused
CUDA Graph id 3785 reused
CUDA Graph id 3787 reused
CUDA Graph id 3789 reused
CUDA Graph id 3791 reused
CUDA Graph id 3793 reused
CUDA Graph id 3795 reused
CUDA Graph id 3797 reused
CUDA Graph id 3799 reused
CUDA Graph id 3801 reused
CUDA Graph id 3803 reused
CUDA Graph id 3805 reused
CUDA Graph id 3807 reused
CUDA Graph id 3809 reused
CUDA Graph id 3811 reused
CUDA Graph id 3813 reused
CUDA Graph id 3717 reused
CUDA Graph id 3719 reused
CUDA Graph id 3721 reused
CUDA Graph id 3723 reused
CUDA Graph id 3725 reused
CUDA Graph id 3727 reused
CUDA Graph id 3729 reused
CUDA Graph id 3731 reused
CUDA Graph id 3733 reused
CUDA Graph id 3735 reused
CUDA Graph id 3737 reused
CUDA Graph id 3739 reused
CUDA Graph id 3741 reused
CUDA Graph id 3743 reused
CUDA Graph id 3745 reused
CUDA Graph id 3747 reused
CUDA Graph id 3749 reused
CUDA Graph id 3751 reused
CUDA Graph id 3753 reused
CUDA Graph id 3755 reused
CUDA Graph id 3757 reused
CUDA Graph id 3759 reused
CUDA Graph id 3761 reused
CUDA Graph id 3763 reused
CUDA Graph id 3765 reused
CUDA Graph id 3767 reused
CUDA Graph id 3769 reused
CUDA Graph id 3771 reused
CUDA Graph id 3773 reused
CUDA Graph id 3775 reused
CUDA Graph id 3777 reused
CUDA Graph id 3779 reused
CUDA Graph id 3781 reused
CUDA Graph id 3783 reused
CUDA Graph id 3785 reused
CUDA Graph id 3787 reused
CUDA Graph id 3789 reused
CUDA Graph id 3791 reused
CUDA Graph id 3793 reused
CUDA Graph id 3795 reused
CUDA Graph id 3797 reused
CUDA Graph id 3799 reused
CUDA Graph id 3801 reused
CUDA Graph id 3803 reused
CUDA Graph id 3805 reused
CUDA Graph id 3807 reused
CUDA Graph id 3809 reused
CUDA Graph id 3811 reused
CUDA Graph id 3813 reused
CUDA Graph id 3717 reused
CUDA Graph id 3719 reused
CUDA Graph id 3721 reused
CUDA Graph id 3723 reused
CUDA Graph id 3725 reused
CUDA Graph id 3727 reused
CUDA Graph id 3729 reused
CUDA Graph id 3731 reused
CUDA Graph id 3733 reused
CUDA Graph id 3735 reused
CUDA Graph id 3737 reused
CUDA Graph id 3739 reused
CUDA Graph id 3741 reused
CUDA Graph id 3743 reused
CUDA Graph id 3745 reused
CUDA Graph id 3747 reused
CUDA Graph id 3749 reused
CUDA Graph id 3751 reused
CUDA Graph id 3753 reused
CUDA Graph id 3755 reused
CUDA Graph id 3757 reused
CUDA Graph id 3759 reused
CUDA Graph id 3761 reused
CUDA Graph id 3763 reused
CUDA Graph id 3765 reused
CUDA Graph id 3767 reused
CUDA Graph id 3769 reused
CUDA Graph id 3771 reused
CUDA Graph id 3773 reused
CUDA Graph id 3775 reused
CUDA Graph id 3777 reused
CUDA Graph id 3779 reused
CUDA Graph id 3781 reused
CUDA Graph id 3783 reused
CUDA Graph id 3785 reused
CUDA Graph id 3787 reused
CUDA Graph id 3789 reused
CUDA Graph id 3791 reused
CUDA Graph id 3793 reused
CUDA Graph id 3795 reused
CUDA Graph id 3797 reused
CUDA Graph id 3799 reused
CUDA Graph id 3801 reused
CUDA Graph id 3803 reused
CUDA Graph id 3805 reused
CUDA Graph id 3807 reused
CUDA Graph id 3809 reused
CUDA Graph id 3811 reused
CUDA Graph id 3813 reused
CUDA Graph id 3717 reused
CUDA Graph id 3719 reused
CUDA Graph id 3721 reused
CUDA Graph id 3723 reused
CUDA Graph id 3725 reused
CUDA Graph id 3727 reused
CUDA Graph id 3729 reused
CUDA Graph id 3731 reused
CUDA Graph id 3733 reused
CUDA Graph id 3735 reused
CUDA Graph id 3737 reused
CUDA Graph id 3739 reused
CUDA Graph id 3741 reused
CUDA Graph id 3743 reused
CUDA Graph id 3745 reused
CUDA Graph id 3747 reused
CUDA Graph id 3749 reused
CUDA Graph id 3751 reused
CUDA Graph id 3753 reused
CUDA Graph id 3755 reused
CUDA Graph id 3757 reused
CUDA Graph id 3759 reused
CUDA Graph id 3761 reused
CUDA Graph id 3763 reused
CUDA Graph id 3765 reused
CUDA Graph id 3767 reused
CUDA Graph id 3769 reused
CUDA Graph id 3771 reused
CUDA Graph id 3773 reused
CUDA Graph id 3775 reused
CUDA Graph id 3777 reused
CUDA Graph id 3779 reused
CUDA Graph id 3781 reused
CUDA Graph id 3783 reused
CUDA Graph id 3785 reused
CUDA Graph id 3787 reused
CUDA Graph id 3789 reused
CUDA Graph id 3791 reused
CUDA Graph id 3793 reused
CUDA Graph id 3795 reused
CUDA Graph id 3797 reused
CUDA Graph id 3799 reused
CUDA Graph id 3801 reused
CUDA Graph id 3803 reused
CUDA Graph id 3805 reused
CUDA Graph id 3807 reused
CUDA Graph id 3809 reused
CUDA Graph id 3811 reused
CUDA Graph id 3813 reused
CUDA Graph id 3717 reused
CUDA Graph id 3719 reused
CUDA Graph id 3721 reused
CUDA Graph id 3723 reused
CUDA Graph id 3725 reused
CUDA Graph id 3727 reused
CUDA Graph id 3729 reused
CUDA Graph id 3731 reused
CUDA Graph id 3733 reused
CUDA Graph id 3735 reused
CUDA Graph id 3737 reused
CUDA Graph id 3739 reused
CUDA Graph id 3741 reused
CUDA Graph id 3743 reused
CUDA Graph id 3745 reused
CUDA Graph id 3747 reused
CUDA Graph id 3749 reused
CUDA Graph id 3751 reused
CUDA Graph id 3753 reused
CUDA Graph id 3755 reused
CUDA Graph id 3757 reused
CUDA Graph id 3759 reused
CUDA Graph id 3761 reused
CUDA Graph id 3763 reused
CUDA Graph id 3765 reused
CUDA Graph id 3767 reused
CUDA Graph id 3769 reused
CUDA Graph id 3771 reused
CUDA Graph id 3773 reused
CUDA Graph id 3775 reused
CUDA Graph id 3777 reused
CUDA Graph id 3779 reused
CUDA Graph id 3781 reused
CUDA Graph id 3783 reused
CUDA Graph id 3785 reused
CUDA Graph id 3787 reused
CUDA Graph id 3789 reused
CUDA Graph id 3791 reused
CUDA Graph id 3793 reused
CUDA Graph id 3795 reused
CUDA Graph id 3797 reused
CUDA Graph id 3799 reused
CUDA Graph id 3801 reused
CUDA Graph id 3803 reused
CUDA Graph id 3805 reused
CUDA Graph id 3807 reused
CUDA Graph id 3809 reused
CUDA Graph id 3811 reused
CUDA Graph id 3813 reused
CUDA Graph id 3717 reused
CUDA Graph id 3719 reused
CUDA Graph id 3721 reused
CUDA Graph id 3723 reused
CUDA Graph id 3725 reused
CUDA Graph id 3727 reused
CUDA Graph id 3729 reused
CUDA Graph id 3731 reused
CUDA Graph id 3733 reused
CUDA Graph id 3735 reused
CUDA Graph id 3737 reused
CUDA Graph id 3739 reused
CUDA Graph id 3741 reused
CUDA Graph id 3743 reused
CUDA Graph id 3745 reused
CUDA Graph id 3747 reused
CUDA Graph id 3749 reused
CUDA Graph id 3751 reused
CUDA Graph id 3753 reused
CUDA Graph id 3755 reused
CUDA Graph id 3757 reused
CUDA Graph id 3759 reused
CUDA Graph id 3761 reused
CUDA Graph id 3763 reused
CUDA Graph id 3765 reused
CUDA Graph id 3767 reused
CUDA Graph id 3769 reused
CUDA Graph id 3771 reused
CUDA Graph id 3773 reused
CUDA Graph id 3775 reused
CUDA Graph id 3777 reused
CUDA Graph id 3779 reused
CUDA Graph id 3781 reused
CUDA Graph id 3783 reused
CUDA Graph id 3785 reused
CUDA Graph id 3787 reused
CUDA Graph id 3789 reused
CUDA Graph id 3791 reused
CUDA Graph id 3793 reused
CUDA Graph id 3795 reused
CUDA Graph id 3797 reused
CUDA Graph id 3799 reused
CUDA Graph id 3801 reused
CUDA Graph id 3803 reused
CUDA Graph id 3805 reused
CUDA Graph id 3807 reused
CUDA Graph id 3809 reused
CUDA Graph id 3811 reused
CUDA Graph id 3813 reused
CUDA Graph id 3717 reused
CUDA Graph id 3719 reused
CUDA Graph id 3721 reused
CUDA Graph id 3723 reused
CUDA Graph id 3725 reused
CUDA Graph id 3727 reused
CUDA Graph id 3729 reused
CUDA Graph id 3731 reused
CUDA Graph id 3733 reused
CUDA Graph id 3735 reused
CUDA Graph id 3737 reused
CUDA Graph id 3739 reused
CUDA Graph id 3741 reused
CUDA Graph id 3743 reused
CUDA Graph id 3745 reused
CUDA Graph id 3747 reused
CUDA Graph id 3749 reused
CUDA Graph id 3751 reused
CUDA Graph id 3753 reused
CUDA Graph id 3755 reused
CUDA Graph id 3757 reused
CUDA Graph id 3759 reused
CUDA Graph id 3761 reused
CUDA Graph id 3763 reused
CUDA Graph id 3765 reused
CUDA Graph id 3767 reused
CUDA Graph id 3769 reused
CUDA Graph id 3771 reused
CUDA Graph id 3773 reused
CUDA Graph id 3775 reused
CUDA Graph id 3777 reused
CUDA Graph id 3779 reused
CUDA Graph id 3781 reused
CUDA Graph id 3783 reused
CUDA Graph id 3785 reused
CUDA Graph id 3787 reused
CUDA Graph id 3789 reused
CUDA Graph id 3791 reused
CUDA Graph id 3793 reused
CUDA Graph id 3795 reused
CUDA Graph id 3797 reused
CUDA Graph id 3799 reused
CUDA Graph id 3801 reused
CUDA Graph id 3803 reused
CUDA Graph id 3805 reused
CUDA Graph id 3807 reused
CUDA Graph id 3809 reused
CUDA Graph id 3811 reused
CUDA Graph id 3813 reused
CUDA Graph id 3717 reused
CUDA Graph id 3719 reused
CUDA Graph id 3721 reused
CUDA Graph id 3723 reused
CUDA Graph id 3725 reused
CUDA Graph id 3727 reused
CUDA Graph id 3729 reused
CUDA Graph id 3731 reused
CUDA Graph id 3733 reused
CUDA Graph id 3735 reused
CUDA Graph id 3737 reused
CUDA Graph id 3739 reused
CUDA Graph id 3741 reused
CUDA Graph id 3743 reused
CUDA Graph id 3745 reused
CUDA Graph id 3747 reused
CUDA Graph id 3749 reused
CUDA Graph id 3751 reused
CUDA Graph id 3753 reused
CUDA Graph id 3755 reused
CUDA Graph id 3757 reused
CUDA Graph id 3759 reused
CUDA Graph id 3761 reused
CUDA Graph id 3763 reused
CUDA Graph id 3765 reused
CUDA Graph id 3767 reused
CUDA Graph id 3769 reused
CUDA Graph id 3771 reused
CUDA Graph id 3773 reused
CUDA Graph id 3775 reused
CUDA Graph id 3777 reused
CUDA Graph id 3779 reused
CUDA Graph id 3781 reused
CUDA Graph id 3783 reused
CUDA Graph id 3785 reused
CUDA Graph id 3787 reused
CUDA Graph id 3789 reused
CUDA Graph id 3791 reused
CUDA Graph id 3793 reused
CUDA Graph id 3795 reused
CUDA Graph id 3797 reused
CUDA Graph id 3799 reused
CUDA Graph id 3801 reused
CUDA Graph id 3803 reused
CUDA Graph id 3805 reused
CUDA Graph id 3807 reused
CUDA Graph id 3809 reused
CUDA Graph id 3811 reused
CUDA Graph id 3813 reused
CUDA Graph id 3717 reused
CUDA Graph id 3719 reused
CUDA Graph id 3721 reused
CUDA Graph id 3723 reused
CUDA Graph id 3725 reused
CUDA Graph id 3727 reused
CUDA Graph id 3729 reused
CUDA Graph id 3731 reused
CUDA Graph id 3733 reused
CUDA Graph id 3735 reused
CUDA Graph id 3737 reused
CUDA Graph id 3739 reused
CUDA Graph id 3741 reused
CUDA Graph id 3743 reused
CUDA Graph id 3745 reused
CUDA Graph id 3747 reused
CUDA Graph id 3749 reused
CUDA Graph id 3751 reused
CUDA Graph id 3753 reused
CUDA Graph id 3755 reused
CUDA Graph id 3757 reused
CUDA Graph id 3759 reused
CUDA Graph id 3761 reused
CUDA Graph id 3763 reused
CUDA Graph id 3765 reused
CUDA Graph id 3767 reused
CUDA Graph id 3769 reused
CUDA Graph id 3771 reused
CUDA Graph id 3773 reused
CUDA Graph id 3775 reused
CUDA Graph id 3777 reused
CUDA Graph id 3779 reused
CUDA Graph id 3781 reused
CUDA Graph id 3783 reused
CUDA Graph id 3785 reused
CUDA Graph id 3787 reused
CUDA Graph id 3789 reused
CUDA Graph id 3791 reused
CUDA Graph id 3793 reused
CUDA Graph id 3795 reused
CUDA Graph id 3797 reused
CUDA Graph id 3799 reused
CUDA Graph id 3801 reused
CUDA Graph id 3803 reused
CUDA Graph id 3805 reused
CUDA Graph id 3807 reused
CUDA Graph id 3809 reused
CUDA Graph id 3811 reused
CUDA Graph id 3813 reused
CUDA Graph id 3717 reused
CUDA Graph id 3719 reused
CUDA Graph id 3721 reused
CUDA Graph id 3723 reused
CUDA Graph id 3725 reused
CUDA Graph id 3727 reused
CUDA Graph id 3729 reused
CUDA Graph id 3731 reused
CUDA Graph id 3733 reused
CUDA Graph id 3735 reused
CUDA Graph id 3737 reused
CUDA Graph id 3739 reused
CUDA Graph id 3741 reused
CUDA Graph id 3743 reused
CUDA Graph id 3745 reused
CUDA Graph id 3747 reused
CUDA Graph id 3749 reused
CUDA Graph id 3751 reused
CUDA Graph id 3753 reused
CUDA Graph id 3755 reused
CUDA Graph id 3757 reused
CUDA Graph id 3759 reused
CUDA Graph id 3761 reused
CUDA Graph id 3763 reused
CUDA Graph id 3765 reused
CUDA Graph id 3767 reused
CUDA Graph id 3769 reused
CUDA Graph id 3771 reused
CUDA Graph id 3773 reused
CUDA Graph id 3775 reused
CUDA Graph id 3777 reused
CUDA Graph id 3779 reused
CUDA Graph id 3781 reused
CUDA Graph id 3783 reused
CUDA Graph id 3785 reused
CUDA Graph id 3787 reused
CUDA Graph id 3789 reused
CUDA Graph id 3791 reused
CUDA Graph id 3793 reused
CUDA Graph id 3795 reused
CUDA Graph id 3797 reused
CUDA Graph id 3799 reused
CUDA Graph id 3801 reused
CUDA Graph id 3803 reused
CUDA Graph id 3805 reused
CUDA Graph id 3807 reused
CUDA Graph id 3809 reused
CUDA Graph id 3811 reused
CUDA Graph id 3813 reused
CUDA Graph id 3717 reused
CUDA Graph id 3719 reused
CUDA Graph id 3721 reused
CUDA Graph id 3723 reused
CUDA Graph id 3725 reused
CUDA Graph id 3727 reused
CUDA Graph id 3729 reused
CUDA Graph id 3731 reused
CUDA Graph id 3733 reused
CUDA Graph id 3735 reused
CUDA Graph id 3737 reused
CUDA Graph id 3739 reused
CUDA Graph id 3741 reused
CUDA Graph id 3743 reused
CUDA Graph id 3745 reused
CUDA Graph id 3747 reused
CUDA Graph id 3749 reused
CUDA Graph id 3751 reused
CUDA Graph id 3753 reused
CUDA Graph id 3755 reused
CUDA Graph id 3757 reused
CUDA Graph id 3759 reused
CUDA Graph id 3761 reused
CUDA Graph id 3763 reused
CUDA Graph id 3765 reused
CUDA Graph id 3767 reused
CUDA Graph id 3769 reused
CUDA Graph id 3771 reused
CUDA Graph id 3773 reused
CUDA Graph id 3775 reused
CUDA Graph id 3777 reused
CUDA Graph id 3779 reused
CUDA Graph id 3781 reused
CUDA Graph id 3783 reused
CUDA Graph id 3785 reused
CUDA Graph id 3787 reused
CUDA Graph id 3789 reused
CUDA Graph id 3791 reused
CUDA Graph id 3793 reused
CUDA Graph id 3795 reused
CUDA Graph id 3797 reused
CUDA Graph id 3799 reused
CUDA Graph id 3801 reused
CUDA Graph id 3803 reused
CUDA Graph id 3805 reused
CUDA Graph id 3807 reused
CUDA Graph id 3809 reused
CUDA Graph id 3811 reused
CUDA Graph id 3813 reused
CUDA Graph id 3717 reused
CUDA Graph id 3719 reused
CUDA Graph id 3721 reused
CUDA Graph id 3723 reused
CUDA Graph id 3725 reused
CUDA Graph id 3727 reused
CUDA Graph id 3729 reused
CUDA Graph id 3731 reused
CUDA Graph id 3733 reused
CUDA Graph id 3735 reused
CUDA Graph id 3737 reused
CUDA Graph id 3739 reused
CUDA Graph id 3741 reused
CUDA Graph id 3743 reused
CUDA Graph id 3745 reused
CUDA Graph id 3747 reused
CUDA Graph id 3749 reused
CUDA Graph id 3751 reused
CUDA Graph id 3753 reused
CUDA Graph id 3755 reused
CUDA Graph id 3757 reused
CUDA Graph id 3759 reused
CUDA Graph id 3761 reused
CUDA Graph id 3763 reused
CUDA Graph id 3765 reused
CUDA Graph id 3767 reused
CUDA Graph id 3769 reused
CUDA Graph id 3771 reused
CUDA Graph id 3773 reused
CUDA Graph id 3775 reused
CUDA Graph id 3777 reused
CUDA Graph id 3779 reused
CUDA Graph id 3781 reused
CUDA Graph id 3783 reused
CUDA Graph id 3785 reused
CUDA Graph id 3787 reused
CUDA Graph id 3789 reused
CUDA Graph id 3791 reused
CUDA Graph id 3793 reused
CUDA Graph id 3795 reused
CUDA Graph id 3797 reused
CUDA Graph id 3799 reused
CUDA Graph id 3801 reused
CUDA Graph id 3803 reused
CUDA Graph id 3805 reused
CUDA Graph id 3807 reused
CUDA Graph id 3809 reused
CUDA Graph id 3811 reused
CUDA Graph id 3813 reused
CUDA Graph id 3717 reused
CUDA Graph id 3719 reused
CUDA Graph id 3721 reused
CUDA Graph id 3723 reused
CUDA Graph id 3725 reused
CUDA Graph id 3727 reused
CUDA Graph id 3729 reused
CUDA Graph id 3731 reused
CUDA Graph id 3733 reused
CUDA Graph id 3735 reused
CUDA Graph id 3737 reused
CUDA Graph id 3739 reused
CUDA Graph id 3741 reused
CUDA Graph id 3743 reused
CUDA Graph id 3745 reused
CUDA Graph id 3747 reused
CUDA Graph id 3749 reused
CUDA Graph id 3751 reused
CUDA Graph id 3753 reused
CUDA Graph id 3755 reused
CUDA Graph id 3757 reused
CUDA Graph id 3759 reused
CUDA Graph id 3761 reused
CUDA Graph id 3763 reused
CUDA Graph id 3765 reused
CUDA Graph id 3767 reused
CUDA Graph id 3769 reused
CUDA Graph id 3771 reused
CUDA Graph id 3773 reused
CUDA Graph id 3775 reused
CUDA Graph id 3777 reused
CUDA Graph id 3779 reused
CUDA Graph id 3781 reused
CUDA Graph id 3783 reused
CUDA Graph id 3785 reused
CUDA Graph id 3787 reused
CUDA Graph id 3789 reused
CUDA Graph id 3791 reused
CUDA Graph id 3793 reused
CUDA Graph id 3795 reused
CUDA Graph id 3797 reused
CUDA Graph id 3799 reused
CUDA Graph id 3801 reused
CUDA Graph id 3803 reused
CUDA Graph id 3805 reused
CUDA Graph id 3807 reused
CUDA Graph id 3809 reused
CUDA Graph id 3811 reused
CUDA Graph id 3813 reused
CUDA Graph id 3717 reused
CUDA Graph id 3719 reused
CUDA Graph id 3721 reused
CUDA Graph id 3723 reused
CUDA Graph id 3725 reused
CUDA Graph id 3727 reused
CUDA Graph id 3729 reused
CUDA Graph id 3731 reused
CUDA Graph id 3733 reused
CUDA Graph id 3735 reused
CUDA Graph id 3737 reused
CUDA Graph id 3739 reused
CUDA Graph id 3741 reused
CUDA Graph id 3743 reused
CUDA Graph id 3745 reused
CUDA Graph id 3747 reused
CUDA Graph id 3749 reused
CUDA Graph id 3751 reused
CUDA Graph id 3753 reused
CUDA Graph id 3755 reused
CUDA Graph id 3757 reused
CUDA Graph id 3759 reused
CUDA Graph id 3761 reused
CUDA Graph id 3763 reused
CUDA Graph id 3765 reused
CUDA Graph id 3767 reused
CUDA Graph id 3769 reused
CUDA Graph id 3771 reused
CUDA Graph id 3773 reused
CUDA Graph id 3775 reused
CUDA Graph id 3777 reused
CUDA Graph id 3779 reused
CUDA Graph id 3781 reused
CUDA Graph id 3783 reused
CUDA Graph id 3785 reused
CUDA Graph id 3787 reused
CUDA Graph id 3789 reused
CUDA Graph id 3791 reused
CUDA Graph id 3793 reused
CUDA Graph id 3795 reused
CUDA Graph id 3797 reused
CUDA Graph id 3799 reused
CUDA Graph id 3801 reused
CUDA Graph id 3803 reused
CUDA Graph id 3805 reused
CUDA Graph id 3807 reused
CUDA Graph id 3809 reused
CUDA Graph id 3811 reused
CUDA Graph id 3813 reused
CUDA Graph id 3717 reused
CUDA Graph id 3719 reused
CUDA Graph id 3721 reused
CUDA Graph id 3723 reused
CUDA Graph id 3725 reused
CUDA Graph id 3727 reused
CUDA Graph id 3729 reused
CUDA Graph id 3731 reused
CUDA Graph id 3733 reused
CUDA Graph id 3735 reused
CUDA Graph id 3737 reused
CUDA Graph id 3739 reused
CUDA Graph id 3741 reused
CUDA Graph id 3743 reused
CUDA Graph id 3745 reused
CUDA Graph id 3747 reused
CUDA Graph id 3749 reused
CUDA Graph id 3751 reused
CUDA Graph id 3753 reused
CUDA Graph id 3755 reused
CUDA Graph id 3757 reused
CUDA Graph id 3759 reused
CUDA Graph id 3761 reused
CUDA Graph id 3763 reused
CUDA Graph id 3765 reused
CUDA Graph id 3767 reused
CUDA Graph id 3769 reused
CUDA Graph id 3771 reused
CUDA Graph id 3773 reused
CUDA Graph id 3775 reused
CUDA Graph id 3777 reused
CUDA Graph id 3779 reused
CUDA Graph id 3781 reused
CUDA Graph id 3783 reused
CUDA Graph id 3785 reused
CUDA Graph id 3787 reused
CUDA Graph id 3789 reused
CUDA Graph id 3791 reused
CUDA Graph id 3793 reused
CUDA Graph id 3795 reused
CUDA Graph id 3797 reused
CUDA Graph id 3799 reused
CUDA Graph id 3801 reused
CUDA Graph id 3803 reused
CUDA Graph id 3805 reused
CUDA Graph id 3807 reused
CUDA Graph id 3809 reused
CUDA Graph id 3811 reused
CUDA Graph id 3813 reused
CUDA Graph id 3717 reused
CUDA Graph id 3719 reused
CUDA Graph id 3721 reused
CUDA Graph id 3723 reused
CUDA Graph id 3725 reused
CUDA Graph id 3727 reused
CUDA Graph id 3729 reused
CUDA Graph id 3731 reused
CUDA Graph id 3733 reused
CUDA Graph id 3735 reused
CUDA Graph id 3737 reused
CUDA Graph id 3739 reused
CUDA Graph id 3741 reused
CUDA Graph id 3743 reused
CUDA Graph id 3745 reused
CUDA Graph id 3747 reused
CUDA Graph id 3749 reused
CUDA Graph id 3751 reused
CUDA Graph id 3753 reused
CUDA Graph id 3755 reused
CUDA Graph id 3757 reused
CUDA Graph id 3759 reused
CUDA Graph id 3761 reused
CUDA Graph id 3763 reused
CUDA Graph id 3765 reused
CUDA Graph id 3767 reused
CUDA Graph id 3769 reused
CUDA Graph id 3771 reused
CUDA Graph id 3773 reused
CUDA Graph id 3775 reused
CUDA Graph id 3777 reused
CUDA Graph id 3779 reused
CUDA Graph id 3781 reused
CUDA Graph id 3783 reused
CUDA Graph id 3785 reused
CUDA Graph id 3787 reused
CUDA Graph id 3789 reused
CUDA Graph id 3791 reused
CUDA Graph id 3793 reused
CUDA Graph id 3795 reused
CUDA Graph id 3797 reused
CUDA Graph id 3799 reused
CUDA Graph id 3801 reused
CUDA Graph id 3803 reused
CUDA Graph id 3805 reused
CUDA Graph id 3807 reused
CUDA Graph id 3809 reused
CUDA Graph id 3811 reused
CUDA Graph id 3813 reused
CUDA Graph id 3717 reused
CUDA Graph id 3719 reused
CUDA Graph id 3721 reused
CUDA Graph id 3723 reused
CUDA Graph id 3725 reused
CUDA Graph id 3727 reused
CUDA Graph id 3729 reused
CUDA Graph id 3731 reused
CUDA Graph id 3733 reused
CUDA Graph id 3735 reused
CUDA Graph id 3737 reused
CUDA Graph id 3739 reused
CUDA Graph id 3741 reused
CUDA Graph id 3743 reused
CUDA Graph id 3745 reused
CUDA Graph id 3747 reused
CUDA Graph id 3749 reused
CUDA Graph id 3751 reused
CUDA Graph id 3753 reused
CUDA Graph id 3755 reused
CUDA Graph id 3757 reused
CUDA Graph id 3759 reused
CUDA Graph id 3761 reused
CUDA Graph id 3763 reused
CUDA Graph id 3765 reused
CUDA Graph id 3767 reused
CUDA Graph id 3769 reused
CUDA Graph id 3771 reused
CUDA Graph id 3773 reused
CUDA Graph id 3775 reused
CUDA Graph id 3777 reused
CUDA Graph id 3779 reused
CUDA Graph id 3781 reused
CUDA Graph id 3783 reused
CUDA Graph id 3785 reused
CUDA Graph id 3787 reused
CUDA Graph id 3789 reused
CUDA Graph id 3791 reused
CUDA Graph id 3793 reused
CUDA Graph id 3795 reused
CUDA Graph id 3797 reused
CUDA Graph id 3799 reused
CUDA Graph id 3801 reused
CUDA Graph id 3803 reused
CUDA Graph id 3805 reused
CUDA Graph id 3807 reused
CUDA Graph id 3809 reused
CUDA Graph id 3811 reused
CUDA Graph id 3813 reused
CUDA Graph id 3717 reused
CUDA Graph id 3719 reused
CUDA Graph id 3721 reused
CUDA Graph id 3723 reused
CUDA Graph id 3725 reused
CUDA Graph id 3727 reused
CUDA Graph id 3729 reused
CUDA Graph id 3731 reused
CUDA Graph id 3733 reused
CUDA Graph id 3735 reused
CUDA Graph id 3737 reused
CUDA Graph id 3739 reused
CUDA Graph id 3741 reused
CUDA Graph id 3743 reused
CUDA Graph id 3745 reused
CUDA Graph id 3747 reused
CUDA Graph id 3749 reused
CUDA Graph id 3751 reused
CUDA Graph id 3753 reused
CUDA Graph id 3755 reused
CUDA Graph id 3757 reused
CUDA Graph id 3759 reused
CUDA Graph id 3761 reused
CUDA Graph id 3763 reused
CUDA Graph id 3765 reused
CUDA Graph id 3767 reused
CUDA Graph id 3769 reused
CUDA Graph id 3771 reused
CUDA Graph id 3773 reused
CUDA Graph id 3775 reused
CUDA Graph id 3777 reused
CUDA Graph id 3779 reused
CUDA Graph id 3781 reused
CUDA Graph id 3783 reused
CUDA Graph id 3785 reused
CUDA Graph id 3787 reused
CUDA Graph id 3789 reused
CUDA Graph id 3791 reused
CUDA Graph id 3793 reused
CUDA Graph id 3795 reused
CUDA Graph id 3797 reused
CUDA Graph id 3799 reused
CUDA Graph id 3801 reused
CUDA Graph id 3803 reused
CUDA Graph id 3805 reused
CUDA Graph id 3807 reused
CUDA Graph id 3809 reused
CUDA Graph id 3811 reused
CUDA Graph id 3813 reused
CUDA Graph id 3717 reused
CUDA Graph id 3719 reused
CUDA Graph id 3721 reused
CUDA Graph id 3723 reused
CUDA Graph id 3725 reused
CUDA Graph id 3727 reused
CUDA Graph id 3729 reused
CUDA Graph id 3731 reused
CUDA Graph id 3733 reused
CUDA Graph id 3735 reused
CUDA Graph id 3737 reused
CUDA Graph id 3739 reused
CUDA Graph id 3741 reused
CUDA Graph id 3743 reused
CUDA Graph id 3745 reused
CUDA Graph id 3747 reused
CUDA Graph id 3749 reused
CUDA Graph id 3751 reused
CUDA Graph id 3753 reused
CUDA Graph id 3755 reused
CUDA Graph id 3757 reused
CUDA Graph id 3759 reused
CUDA Graph id 3761 reused
CUDA Graph id 3763 reused
CUDA Graph id 3765 reused
CUDA Graph id 3767 reused
CUDA Graph id 3769 reused
CUDA Graph id 3771 reused
CUDA Graph id 3773 reused
CUDA Graph id 3775 reused
CUDA Graph id 3777 reused
CUDA Graph id 3779 reused
CUDA Graph id 3781 reused
CUDA Graph id 3783 reused
CUDA Graph id 3785 reused
CUDA Graph id 3787 reused
CUDA Graph id 3789 reused
CUDA Graph id 3791 reused
CUDA Graph id 3793 reused
CUDA Graph id 3795 reused
CUDA Graph id 3797 reused
CUDA Graph id 3799 reused
CUDA Graph id 3801 reused
CUDA Graph id 3803 reused
CUDA Graph id 3805 reused
CUDA Graph id 3807 reused
CUDA Graph id 3809 reused
CUDA Graph id 3811 reused
CUDA Graph id 3813 reused
CUDA Graph id 3717 reused
CUDA Graph id 3719 reused
CUDA Graph id 3721 reused
CUDA Graph id 3723 reused
CUDA Graph id 3725 reused
CUDA Graph id 3727 reused
CUDA Graph id 3729 reused
CUDA Graph id 3731 reused
CUDA Graph id 3733 reused
CUDA Graph id 3735 reused
CUDA Graph id 3737 reused
CUDA Graph id 3739 reused
CUDA Graph id 3741 reused
CUDA Graph id 3743 reused
CUDA Graph id 3745 reused
CUDA Graph id 3747 reused
CUDA Graph id 3749 reused
CUDA Graph id 3751 reused
CUDA Graph id 3753 reused
CUDA Graph id 3755 reused
CUDA Graph id 3757 reused
CUDA Graph id 3759 reused
CUDA Graph id 3761 reused
CUDA Graph id 3763 reused
CUDA Graph id 3765 reused
CUDA Graph id 3767 reused
CUDA Graph id 3769 reused
CUDA Graph id 3771 reused
CUDA Graph id 3773 reused
CUDA Graph id 3775 reused
CUDA Graph id 3777 reused
CUDA Graph id 3779 reused
CUDA Graph id 3781 reused
CUDA Graph id 3783 reused
CUDA Graph id 3785 reused
CUDA Graph id 3787 reused
CUDA Graph id 3789 reused
CUDA Graph id 3791 reused
CUDA Graph id 3793 reused
CUDA Graph id 3795 reused
CUDA Graph id 3797 reused
CUDA Graph id 3799 reused
CUDA Graph id 3801 reused
CUDA Graph id 3803 reused
CUDA Graph id 3805 reused
CUDA Graph id 3807 reused
CUDA Graph id 3809 reused
CUDA Graph id 3811 reused
CUDA Graph id 3813 reused
CUDA Graph id 3717 reused
CUDA Graph id 3719 reused
CUDA Graph id 3721 reused
CUDA Graph id 3723 reused
CUDA Graph id 3725 reused
CUDA Graph id 3727 reused
CUDA Graph id 3729 reused
CUDA Graph id 3731 reused
CUDA Graph id 3733 reused
CUDA Graph id 3735 reused
CUDA Graph id 3737 reused
CUDA Graph id 3739 reused
CUDA Graph id 3741 reused
CUDA Graph id 3743 reused
CUDA Graph id 3745 reused
CUDA Graph id 3747 reused
CUDA Graph id 3749 reused
CUDA Graph id 3751 reused
CUDA Graph id 3753 reused
CUDA Graph id 3755 reused
CUDA Graph id 3757 reused
CUDA Graph id 3759 reused
CUDA Graph id 3761 reused
CUDA Graph id 3763 reused
CUDA Graph id 3765 reused
CUDA Graph id 3767 reused
CUDA Graph id 3769 reused
CUDA Graph id 3771 reused
CUDA Graph id 3773 reused
CUDA Graph id 3775 reused
CUDA Graph id 3777 reused
CUDA Graph id 3779 reused
CUDA Graph id 3781 reused
CUDA Graph id 3783 reused
CUDA Graph id 3785 reused
CUDA Graph id 3787 reused
CUDA Graph id 3789 reused
CUDA Graph id 3791 reused
CUDA Graph id 3793 reused
CUDA Graph id 3795 reused
CUDA Graph id 3797 reused
CUDA Graph id 3799 reused
CUDA Graph id 3801 reused
CUDA Graph id 3803 reused
CUDA Graph id 3805 reused
CUDA Graph id 3807 reused
CUDA Graph id 3809 reused
CUDA Graph id 3811 reused
CUDA Graph id 3813 reused
CUDA Graph id 3717 reused
CUDA Graph id 3719 reused
CUDA Graph id 3721 reused
CUDA Graph id 3723 reused
CUDA Graph id 3725 reused
CUDA Graph id 3727 reused
CUDA Graph id 3729 reused
CUDA Graph id 3731 reused
CUDA Graph id 3733 reused
CUDA Graph id 3735 reused
CUDA Graph id 3737 reused
CUDA Graph id 3739 reused
CUDA Graph id 3741 reused
CUDA Graph id 3743 reused
CUDA Graph id 3745 reused
CUDA Graph id 3747 reused
CUDA Graph id 3749 reused
CUDA Graph id 3751 reused
CUDA Graph id 3753 reused
CUDA Graph id 3755 reused
CUDA Graph id 3757 reused
CUDA Graph id 3759 reused
CUDA Graph id 3761 reused
CUDA Graph id 3763 reused
CUDA Graph id 3765 reused
CUDA Graph id 3767 reused
CUDA Graph id 3769 reused
CUDA Graph id 3771 reused
CUDA Graph id 3773 reused
CUDA Graph id 3775 reused
CUDA Graph id 3777 reused
CUDA Graph id 3779 reused
CUDA Graph id 3781 reused
CUDA Graph id 3783 reused
CUDA Graph id 3785 reused
CUDA Graph id 3787 reused
CUDA Graph id 3789 reused
CUDA Graph id 3791 reused
CUDA Graph id 3793 reused
CUDA Graph id 3795 reused
CUDA Graph id 3797 reused
CUDA Graph id 3799 reused
CUDA Graph id 3801 reused
CUDA Graph id 3803 reused
CUDA Graph id 3805 reused
CUDA Graph id 3807 reused
CUDA Graph id 3809 reused
CUDA Graph id 3811 reused
CUDA Graph id 3813 reused
CUDA Graph id 3717 reused
CUDA Graph id 3719 reused
CUDA Graph id 3721 reused
CUDA Graph id 3723 reused
CUDA Graph id 3725 reused
CUDA Graph id 3727 reused
CUDA Graph id 3729 reused
CUDA Graph id 3731 reused
CUDA Graph id 3733 reused
CUDA Graph id 3735 reused
CUDA Graph id 3737 reused
CUDA Graph id 3739 reused
CUDA Graph id 3741 reused
CUDA Graph id 3743 reused
CUDA Graph id 3745 reused
CUDA Graph id 3747 reused
CUDA Graph id 3749 reused
CUDA Graph id 3751 reused
CUDA Graph id 3753 reused
CUDA Graph id 3755 reused
CUDA Graph id 3757 reused
CUDA Graph id 3759 reused
CUDA Graph id 3761 reused
CUDA Graph id 3763 reused
CUDA Graph id 3765 reused
CUDA Graph id 3767 reused
CUDA Graph id 3769 reused
CUDA Graph id 3771 reused
CUDA Graph id 3773 reused
CUDA Graph id 3775 reused
CUDA Graph id 3777 reused
CUDA Graph id 3779 reused
CUDA Graph id 3781 reused
CUDA Graph id 3783 reused
CUDA Graph id 3785 reused
CUDA Graph id 3787 reused
CUDA Graph id 3789 reused
CUDA Graph id 3791 reused
CUDA Graph id 3793 reused
CUDA Graph id 3795 reused
CUDA Graph id 3797 reused
CUDA Graph id 3799 reused
CUDA Graph id 3801 reused
CUDA Graph id 3803 reused
CUDA Graph id 3805 reused
CUDA Graph id 3807 reused
CUDA Graph id 3809 reused
CUDA Graph id 3811 reused
CUDA Graph id 3813 reused
CUDA Graph id 3717 reused
CUDA Graph id 3719 reused
CUDA Graph id 3721 reused
CUDA Graph id 3723 reused
CUDA Graph id 3725 reused
CUDA Graph id 3727 reused
CUDA Graph id 3729 reused
CUDA Graph id 3731 reused
CUDA Graph id 3733 reused
CUDA Graph id 3735 reused
CUDA Graph id 3737 reused
CUDA Graph id 3739 reused
CUDA Graph id 3741 reused
CUDA Graph id 3743 reused
CUDA Graph id 3745 reused
CUDA Graph id 3747 reused
CUDA Graph id 3749 reused
CUDA Graph id 3751 reused
CUDA Graph id 3753 reused
CUDA Graph id 3755 reused
CUDA Graph id 3757 reused
CUDA Graph id 3759 reused
CUDA Graph id 3761 reused
CUDA Graph id 3763 reused
CUDA Graph id 3765 reused
CUDA Graph id 3767 reused
CUDA Graph id 3769 reused
CUDA Graph id 3771 reused
CUDA Graph id 3773 reused
CUDA Graph id 3775 reused
CUDA Graph id 3777 reused
CUDA Graph id 3779 reused
CUDA Graph id 3781 reused
CUDA Graph id 3783 reused
CUDA Graph id 3785 reused
CUDA Graph id 3787 reused
CUDA Graph id 3789 reused
CUDA Graph id 3791 reused
CUDA Graph id 3793 reused
CUDA Graph id 3795 reused
CUDA Graph id 3797 reused
CUDA Graph id 3799 reused
CUDA Graph id 3801 reused
CUDA Graph id 3803 reused
CUDA Graph id 3805 reused
CUDA Graph id 3807 reused
CUDA Graph id 3809 reused
CUDA Graph id 3811 reused
CUDA Graph id 3813 reused
CUDA Graph id 3717 reused
CUDA Graph id 3719 reused
CUDA Graph id 3721 reused
CUDA Graph id 3723 reused
CUDA Graph id 3725 reused
CUDA Graph id 3727 reused
CUDA Graph id 3729 reused
CUDA Graph id 3731 reused
CUDA Graph id 3733 reused
CUDA Graph id 3735 reused
CUDA Graph id 3737 reused
CUDA Graph id 3739 reused
CUDA Graph id 3741 reused
CUDA Graph id 3743 reused
CUDA Graph id 3745 reused
CUDA Graph id 3747 reused
CUDA Graph id 3749 reused
CUDA Graph id 3751 reused
CUDA Graph id 3753 reused
CUDA Graph id 3755 reused
CUDA Graph id 3757 reused
CUDA Graph id 3759 reused
CUDA Graph id 3761 reused
CUDA Graph id 3763 reused
CUDA Graph id 3765 reused
CUDA Graph id 3767 reused
CUDA Graph id 3769 reused
CUDA Graph id 3771 reused
CUDA Graph id 3773 reused
CUDA Graph id 3775 reused
CUDA Graph id 3777 reused
CUDA Graph id 3779 reused
CUDA Graph id 3781 reused
CUDA Graph id 3783 reused
CUDA Graph id 3785 reused
CUDA Graph id 3787 reused
CUDA Graph id 3789 reused
CUDA Graph id 3791 reused
CUDA Graph id 3793 reused
CUDA Graph id 3795 reused
CUDA Graph id 3797 reused
CUDA Graph id 3799 reused
CUDA Graph id 3801 reused
CUDA Graph id 3803 reused
CUDA Graph id 3805 reused
CUDA Graph id 3807 reused
CUDA Graph id 3809 reused
CUDA Graph id 3811 reused
CUDA Graph id 3813 reused
CUDA Graph id 3717 reused
CUDA Graph id 3719 reused
CUDA Graph id 3721 reused
CUDA Graph id 3723 reused
CUDA Graph id 3725 reused
CUDA Graph id 3727 reused
CUDA Graph id 3729 reused
CUDA Graph id 3731 reused
CUDA Graph id 3733 reused
CUDA Graph id 3735 reused
CUDA Graph id 3737 reused
CUDA Graph id 3739 reused
CUDA Graph id 3741 reused
CUDA Graph id 3743 reused
CUDA Graph id 3745 reused
CUDA Graph id 3747 reused
CUDA Graph id 3749 reused
CUDA Graph id 3751 reused
CUDA Graph id 3753 reused
CUDA Graph id 3755 reused
CUDA Graph id 3757 reused
CUDA Graph id 3759 reused
CUDA Graph id 3761 reused
CUDA Graph id 3763 reused
CUDA Graph id 3765 reused
CUDA Graph id 3767 reused
CUDA Graph id 3769 reused
CUDA Graph id 3771 reused
CUDA Graph id 3773 reused
CUDA Graph id 3775 reused
CUDA Graph id 3777 reused
CUDA Graph id 3779 reused
CUDA Graph id 3781 reused
CUDA Graph id 3783 reused
CUDA Graph id 3785 reused
CUDA Graph id 3787 reused
CUDA Graph id 3789 reused
CUDA Graph id 3791 reused
CUDA Graph id 3793 reused
CUDA Graph id 3795 reused
CUDA Graph id 3797 reused
CUDA Graph id 3799 reused
CUDA Graph id 3801 reused
CUDA Graph id 3803 reused
CUDA Graph id 3805 reused
CUDA Graph id 3807 reused
CUDA Graph id 3809 reused
CUDA Graph id 3811 reused
CUDA Graph id 3813 reused
CUDA Graph id 3717 reused
CUDA Graph id 3719 reused
CUDA Graph id 3721 reused
CUDA Graph id 3723 reused
CUDA Graph id 3725 reused
CUDA Graph id 3727 reused
CUDA Graph id 3729 reused
CUDA Graph id 3731 reused
CUDA Graph id 3733 reused
CUDA Graph id 3735 reused
CUDA Graph id 3737 reused
CUDA Graph id 3739 reused
CUDA Graph id 3741 reused
CUDA Graph id 3743 reused
CUDA Graph id 3745 reused
CUDA Graph id 3747 reused
CUDA Graph id 3749 reused
CUDA Graph id 3751 reused
CUDA Graph id 3753 reused
CUDA Graph id 3755 reused
CUDA Graph id 3757 reused
CUDA Graph id 3759 reused
CUDA Graph id 3761 reused
CUDA Graph id 3763 reused
CUDA Graph id 3765 reused
CUDA Graph id 3767 reused
CUDA Graph id 3769 reused
CUDA Graph id 3771 reused
CUDA Graph id 3773 reused
CUDA Graph id 3775 reused
CUDA Graph id 3777 reused
CUDA Graph id 3779 reused
CUDA Graph id 3781 reused
CUDA Graph id 3783 reused
CUDA Graph id 3785 reused
CUDA Graph id 3787 reused
CUDA Graph id 3789 reused
CUDA Graph id 3791 reused
CUDA Graph id 3793 reused
CUDA Graph id 3795 reused
CUDA Graph id 3797 reused
CUDA Graph id 3799 reused
CUDA Graph id 3801 reused
CUDA Graph id 3803 reused
CUDA Graph id 3805 reused
CUDA Graph id 3807 reused
CUDA Graph id 3809 reused
CUDA Graph id 3811 reused
CUDA Graph id 3813 reused
CUDA Graph id 3717 reused
CUDA Graph id 3719 reused
CUDA Graph id 3721 reused
CUDA Graph id 3723 reused
CUDA Graph id 3725 reused
CUDA Graph id 3727 reused
CUDA Graph id 3729 reused
CUDA Graph id 3731 reused
CUDA Graph id 3733 reused
CUDA Graph id 3735 reused
CUDA Graph id 3737 reused
CUDA Graph id 3739 reused
CUDA Graph id 3741 reused
CUDA Graph id 3743 reused
CUDA Graph id 3745 reused
CUDA Graph id 3747 reused
CUDA Graph id 3749 reused
CUDA Graph id 3751 reused
CUDA Graph id 3753 reused
CUDA Graph id 3755 reused
CUDA Graph id 3757 reused
CUDA Graph id 3759 reused
CUDA Graph id 3761 reused
CUDA Graph id 3763 reused
CUDA Graph id 3765 reused
CUDA Graph id 3767 reused
CUDA Graph id 3769 reused
CUDA Graph id 3771 reused
CUDA Graph id 3773 reused
CUDA Graph id 3775 reused
CUDA Graph id 3777 reused
CUDA Graph id 3779 reused
CUDA Graph id 3781 reused
CUDA Graph id 3783 reused
CUDA Graph id 3785 reused
CUDA Graph id 3787 reused
CUDA Graph id 3789 reused
CUDA Graph id 3791 reused
CUDA Graph id 3793 reused
CUDA Graph id 3795 reused
CUDA Graph id 3797 reused
CUDA Graph id 3799 reused
CUDA Graph id 3801 reused
CUDA Graph id 3803 reused
CUDA Graph id 3805 reused
CUDA Graph id 3807 reused
CUDA Graph id 3809 reused
CUDA Graph id 3811 reused
CUDA Graph id 3813 reused
ggml_backend_cuda_graph_compute: CUDA graph warmup reset
ggml_backend_cuda_graph_compute: CUDA graph warmup reset
ggml_backend_cuda_graph_compute: CUDA graph warmup reset
ggml_backend_cuda_graph_compute: CUDA graph warmup reset
ggml_backend_cuda_graph_compute: CUDA graph warmup reset
ggml_backend_cuda_graph_compute: CUDA graph warmup reset
ggml_backend_cuda_graph_compute: CUDA graph warmup reset
ggml_backend_cuda_graph_compute: CUDA graph warmup reset
ggml_backend_cuda_graph_compute: CUDA graph warmup reset
ggml_backend_cuda_graph_compute: CUDA graph warmup reset
ggml_backend_cuda_graph_compute: CUDA graph warmup reset
ggml_backend_cuda_graph_compute: CUDA graph warmup reset
ggml_backend_cuda_graph_compute: CUDA graph warmup reset
ggml_backend_cuda_graph_compute: CUDA graph warmup reset
ggml_backend_cuda_graph_compute: CUDA graph warmup reset
ggml_backend_cuda_graph_compute: CUDA graph warmup reset
ggml_backend_cuda_graph_compute: CUDA graph warmup reset
ggml_backend_cuda_graph_compute: CUDA graph warmup reset
ggml_backend_cuda_graph_compute: CUDA graph warmup reset
ggml_backend_cuda_graph_compute: CUDA graph warmup reset
ggml_backend_cuda_graph_compute: CUDA graph warmup reset
ggml_backend_cuda_graph_compute: CUDA graph warmup reset
ggml_backend_cuda_graph_compute: CUDA graph warmup reset
ggml_backend_cuda_graph_compute: CUDA graph warmup reset
ggml_backend_cuda_graph_compute: CUDA graph warmup reset
ggml_backend_cuda_graph_compute: CUDA graph warmup reset
ggml_backend_cuda_graph_compute: CUDA graph warmup reset
ggml_backend_cuda_graph_compute: CUDA graph warmup reset
ggml_backend_cuda_graph_compute: CUDA graph warmup reset
ggml_backend_cuda_graph_compute: CUDA graph warmup reset
ggml_backend_cuda_graph_compute: CUDA graph warmup reset
ggml_backend_cuda_graph_compute: CUDA graph warmup reset
ggml_backend_cuda_graph_compute: CUDA graph warmup reset
ggml_backend_cuda_graph_compute: CUDA graph warmup reset
ggml_backend_cuda_graph_compute: CUDA graph warmup reset
ggml_backend_cuda_graph_compute: CUDA graph warmup reset
ggml_backend_cuda_graph_compute: CUDA graph warmup reset
ggml_backend_cuda_graph_compute: CUDA graph warmup reset
ggml_backend_cuda_graph_compute: CUDA graph warmup reset
ggml_backend_cuda_graph_compute: CUDA graph warmup reset
ggml_backend_cuda_graph_compute: CUDA graph warmup reset
ggml_backend_cuda_graph_compute: CUDA graph warmup reset
ggml_backend_cuda_graph_compute: CUDA graph warmup reset
ggml_backend_cuda_graph_compute: CUDA graph warmup reset
ggml_backend_cuda_graph_compute: CUDA graph warmup reset
ggml_backend_cuda_graph_compute: CUDA graph warmup reset
ggml_backend_cuda_graph_compute: CUDA graph warmup reset
ggml_backend_cuda_graph_compute: CUDA graph warmup reset
ggml_backend_cuda_graph_compute: CUDA graph warmup reset
CUDA Graph id 4254 reused
ggml_backend_cuda_graph_compute: CUDA graph warmup complete
CUDA Graph id 4256 reused
ggml_backend_cuda_graph_compute: CUDA graph warmup complete
CUDA Graph id 4258 reused
ggml_backend_cuda_graph_compute: CUDA graph warmup complete
CUDA Graph id 4260 reused
ggml_backend_cuda_graph_compute: CUDA graph warmup complete
CUDA Graph id 4262 reused
ggml_backend_cuda_graph_compute: CUDA graph warmup complete
CUDA Graph id 4264 reused
ggml_backend_cuda_graph_compute: CUDA graph warmup complete
CUDA Graph id 4266 reused
ggml_backend_cuda_graph_compute: CUDA graph warmup complete
CUDA Graph id 4268 reused
ggml_backend_cuda_graph_compute: CUDA graph warmup complete
CUDA Graph id 4270 reused
ggml_backend_cuda_graph_compute: CUDA graph warmup complete
CUDA Graph id 4272 reused
ggml_backend_cuda_graph_compute: CUDA graph warmup complete
CUDA Graph id 4274 reused
ggml_backend_cuda_graph_compute: CUDA graph warmup complete
CUDA Graph id 4276 reused
ggml_backend_cuda_graph_compute: CUDA graph warmup complete
CUDA Graph id 4278 reused
ggml_backend_cuda_graph_compute: CUDA graph warmup complete
CUDA Graph id 4280 reused
ggml_backend_cuda_graph_compute: CUDA graph warmup complete
CUDA Graph id 4282 reused
ggml_backend_cuda_graph_compute: CUDA graph warmup complete
CUDA Graph id 4284 reused
ggml_backend_cuda_graph_compute: CUDA graph warmup complete
CUDA Graph id 4286 reused
ggml_backend_cuda_graph_compute: CUDA graph warmup complete
CUDA Graph id 4288 reused
ggml_backend_cuda_graph_compute: CUDA graph warmup complete
CUDA Graph id 4290 reused
ggml_backend_cuda_graph_compute: CUDA graph warmup complete
CUDA Graph id 4292 reused
ggml_backend_cuda_graph_compute: CUDA graph warmup complete
CUDA Graph id 4294 reused
ggml_backend_cuda_graph_compute: CUDA graph warmup complete
CUDA Graph id 4296 reused
ggml_backend_cuda_graph_compute: CUDA graph warmup complete
CUDA Graph id 4298 reused
ggml_backend_cuda_graph_compute: CUDA graph warmup complete
CUDA Graph id 4300 reused
ggml_backend_cuda_graph_compute: CUDA graph warmup complete
CUDA Graph id 4302 reused
ggml_backend_cuda_graph_compute: CUDA graph warmup complete
CUDA Graph id 4304 reused
ggml_backend_cuda_graph_compute: CUDA graph warmup complete
CUDA Graph id 4306 reused
ggml_backend_cuda_graph_compute: CUDA graph warmup complete
CUDA Graph id 4308 reused
ggml_backend_cuda_graph_compute: CUDA graph warmup complete
CUDA Graph id 4310 reused
ggml_backend_cuda_graph_compute: CUDA graph warmup complete
CUDA Graph id 4312 reused
ggml_backend_cuda_graph_compute: CUDA graph warmup complete
CUDA Graph id 4314 reused
ggml_backend_cuda_graph_compute: CUDA graph warmup complete
CUDA Graph id 4316 reused
ggml_backend_cuda_graph_compute: CUDA graph warmup complete
CUDA Graph id 4318 reused
ggml_backend_cuda_graph_compute: CUDA graph warmup complete
CUDA Graph id 4320 reused
ggml_backend_cuda_graph_compute: CUDA graph warmup complete
CUDA Graph id 4322 reused
ggml_backend_cuda_graph_compute: CUDA graph warmup complete
CUDA Graph id 4324 reused
ggml_backend_cuda_graph_compute: CUDA graph warmup complete
CUDA Graph id 4326 reused
ggml_backend_cuda_graph_compute: CUDA graph warmup complete
CUDA Graph id 4328 reused
ggml_backend_cuda_graph_compute: CUDA graph warmup complete
CUDA Graph id 4330 reused
ggml_backend_cuda_graph_compute: CUDA graph warmup complete
CUDA Graph id 4332 reused
ggml_backend_cuda_graph_compute: CUDA graph warmup complete
CUDA Graph id 4334 reused
ggml_backend_cuda_graph_compute: CUDA graph warmup complete
CUDA Graph id 4336 reused
ggml_backend_cuda_graph_compute: CUDA graph warmup complete
CUDA Graph id 4338 reused
ggml_backend_cuda_graph_compute: CUDA graph warmup complete
CUDA Graph id 4340 reused
ggml_backend_cuda_graph_compute: CUDA graph warmup complete
CUDA Graph id 4342 reused
ggml_backend_cuda_graph_compute: CUDA graph warmup complete
CUDA Graph id 4344 reused
ggml_backend_cuda_graph_compute: CUDA graph warmup complete
CUDA Graph id 4346 reused
ggml_backend_cuda_graph_compute: CUDA graph warmup complete
CUDA Graph id 4348 reused
ggml_backend_cuda_graph_compute: CUDA graph warmup complete
CUDA Graph id 4350 reused
ggml_backend_cuda_graph_compute: CUDA graph warmup complete
CUDA Graph id 4254 reused
CUDA Graph id 4256 reused
CUDA Graph id 4258 reused
CUDA Graph id 4260 reused
CUDA Graph id 4262 reused
CUDA Graph id 4264 reused
CUDA Graph id 4266 reused
CUDA Graph id 4268 reused
CUDA Graph id 4270 reused
CUDA Graph id 4272 reused
CUDA Graph id 4274 reused
CUDA Graph id 4276 reused
CUDA Graph id 4278 reused
CUDA Graph id 4280 reused
CUDA Graph id 4282 reused
CUDA Graph id 4284 reused
CUDA Graph id 4286 reused
CUDA Graph id 4288 reused
CUDA Graph id 4290 reused
CUDA Graph id 4292 reused
CUDA Graph id 4294 reused
CUDA Graph id 4296 reused
CUDA Graph id 4298 reused
CUDA Graph id 4300 reused
CUDA Graph id 4302 reused
CUDA Graph id 4304 reused
CUDA Graph id 4306 reused
CUDA Graph id 4308 reused
CUDA Graph id 4310 reused
CUDA Graph id 4312 reused
CUDA Graph id 4314 reused
CUDA Graph id 4316 reused
CUDA Graph id 4318 reused
CUDA Graph id 4320 reused
CUDA Graph id 4322 reused
CUDA Graph id 4324 reused
CUDA Graph id 4326 reused
CUDA Graph id 4328 reused
CUDA Graph id 4330 reused
CUDA Graph id 4332 reused
CUDA Graph id 4334 reused
CUDA Graph id 4336 reused
CUDA Graph id 4338 reused
CUDA Graph id 4340 reused
CUDA Graph id 4342 reused
CUDA Graph id 4344 reused
CUDA Graph id 4346 reused
CUDA Graph id 4348 reused
CUDA Graph id 4350 reused
CUDA Graph id 4254 reused
CUDA Graph id 4256 reused
CUDA Graph id 4258 reused
CUDA Graph id 4260 reused
CUDA Graph id 4262 reused
CUDA Graph id 4264 reused
CUDA Graph id 4266 reused
CUDA Graph id 4268 reused
CUDA Graph id 4270 reused
CUDA Graph id 4272 reused
CUDA Graph id 4274 reused
CUDA Graph id 4276 reused
CUDA Graph id 4278 reused
CUDA Graph id 4280 reused
CUDA Graph id 4282 reused
CUDA Graph id 4284 reused
CUDA Graph id 4286 reused
CUDA Graph id 4288 reused
CUDA Graph id 4290 reused
CUDA Graph id 4292 reused
CUDA Graph id 4294 reused
CUDA Graph id 4296 reused
CUDA Graph id 4298 reused
CUDA Graph id 4300 reused
CUDA Graph id 4302 reused
CUDA Graph id 4304 reused
CUDA Graph id 4306 reused
CUDA Graph id 4308 reused
CUDA Graph id 4310 reused
CUDA Graph id 4312 reused
CUDA Graph id 4314 reused
CUDA Graph id 4316 reused
CUDA Graph id 4318 reused
CUDA Graph id 4320 reused
CUDA Graph id 4322 reused
CUDA Graph id 4324 reused
CUDA Graph id 4326 reused
CUDA Graph id 4328 reused
CUDA Graph id 4330 reused
CUDA Graph id 4332 reused
CUDA Graph id 4334 reused
CUDA Graph id 4336 reused
CUDA Graph id 4338 reused
CUDA Graph id 4340 reused
CUDA Graph id 4342 reused
CUDA Graph id 4344 reused
CUDA Graph id 4346 reused
CUDA Graph id 4348 reused
CUDA Graph id 4350 reused
CUDA Graph id 4254 reused
CUDA Graph id 4256 reused
CUDA Graph id 4258 reused
CUDA Graph id 4260 reused
CUDA Graph id 4262 reused
CUDA Graph id 4264 reused
CUDA Graph id 4266 reused
CUDA Graph id 4268 reused
CUDA Graph id 4270 reused
CUDA Graph id 4272 reused
CUDA Graph id 4274 reused
CUDA Graph id 4276 reused
CUDA Graph id 4278 reused
CUDA Graph id 4280 reused
CUDA Graph id 4282 reused
CUDA Graph id 4284 reused
CUDA Graph id 4286 reused
CUDA Graph id 4288 reused
CUDA Graph id 4290 reused
CUDA Graph id 4292 reused
CUDA Graph id 4294 reused
CUDA Graph id 4296 reused
CUDA Graph id 4298 reused
CUDA Graph id 4300 reused
CUDA Graph id 4302 reused
CUDA Graph id 4304 reused
CUDA Graph id 4306 reused
CUDA Graph id 4308 reused
CUDA Graph id 4310 reused
CUDA Graph id 4312 reused
CUDA Graph id 4314 reused
CUDA Graph id 4316 reused
CUDA Graph id 4318 reused
CUDA Graph id 4320 reused
CUDA Graph id 4322 reused
CUDA Graph id 4324 reused
CUDA Graph id 4326 reused
CUDA Graph id 4328 reused
CUDA Graph id 4330 reused
CUDA Graph id 4332 reused
CUDA Graph id 4334 reused
CUDA Graph id 4336 reused
CUDA Graph id 4338 reused
CUDA Graph id 4340 reused
CUDA Graph id 4342 reused
CUDA Graph id 4344 reused
CUDA Graph id 4346 reused
CUDA Graph id 4348 reused
CUDA Graph id 4350 reused
CUDA Graph id 4254 reused
CUDA Graph id 4256 reused
CUDA Graph id 4258 reused
CUDA Graph id 4260 reused
CUDA Graph id 4262 reused
CUDA Graph id 4264 reused
CUDA Graph id 4266 reused
CUDA Graph id 4268 reused
CUDA Graph id 4270 reused
CUDA Graph id 4272 reused
CUDA Graph id 4274 reused
CUDA Graph id 4276 reused
CUDA Graph id 4278 reused
CUDA Graph id 4280 reused
CUDA Graph id 4282 reused
CUDA Graph id 4284 reused
CUDA Graph id 4286 reused
CUDA Graph id 4288 reused
CUDA Graph id 4290 reused
CUDA Graph id 4292 reused
CUDA Graph id 4294 reused
CUDA Graph id 4296 reused
CUDA Graph id 4298 reused
CUDA Graph id 4300 reused
CUDA Graph id 4302 reused
CUDA Graph id 4304 reused
CUDA Graph id 4306 reused
CUDA Graph id 4308 reused
CUDA Graph id 4310 reused
CUDA Graph id 4312 reused
CUDA Graph id 4314 reused
CUDA Graph id 4316 reused
CUDA Graph id 4318 reused
CUDA Graph id 4320 reused
CUDA Graph id 4322 reused
CUDA Graph id 4324 reused
CUDA Graph id 4326 reused
CUDA Graph id 4328 reused
CUDA Graph id 4330 reused
CUDA Graph id 4332 reused
CUDA Graph id 4334 reused
CUDA Graph id 4336 reused
CUDA Graph id 4338 reused
CUDA Graph id 4340 reused
CUDA Graph id 4342 reused
CUDA Graph id 4344 reused
CUDA Graph id 4346 reused
CUDA Graph id 4348 reused
CUDA Graph id 4350 reused
CUDA Graph id 4254 reused
CUDA Graph id 4256 reused
CUDA Graph id 4258 reused
CUDA Graph id 4260 reused
CUDA Graph id 4262 reused
CUDA Graph id 4264 reused
CUDA Graph id 4266 reused
CUDA Graph id 4268 reused
CUDA Graph id 4270 reused
CUDA Graph id 4272 reused
CUDA Graph id 4274 reused
CUDA Graph id 4276 reused
CUDA Graph id 4278 reused
CUDA Graph id 4280 reused
CUDA Graph id 4282 reused
CUDA Graph id 4284 reused
CUDA Graph id 4286 reused
CUDA Graph id 4288 reused
CUDA Graph id 4290 reused
CUDA Graph id 4292 reused
CUDA Graph id 4294 reused
CUDA Graph id 4296 reused
CUDA Graph id 4298 reused
CUDA Graph id 4300 reused
CUDA Graph id 4302 reused
CUDA Graph id 4304 reused
CUDA Graph id 4306 reused
CUDA Graph id 4308 reused
CUDA Graph id 4310 reused
CUDA Graph id 4312 reused
CUDA Graph id 4314 reused
CUDA Graph id 4316 reused
CUDA Graph id 4318 reused
CUDA Graph id 4320 reused
CUDA Graph id 4322 reused
CUDA Graph id 4324 reused
CUDA Graph id 4326 reused
CUDA Graph id 4328 reused
CUDA Graph id 4330 reused
CUDA Graph id 4332 reused
CUDA Graph id 4334 reused
CUDA Graph id 4336 reused
CUDA Graph id 4338 reused
CUDA Graph id 4340 reused
CUDA Graph id 4342 reused
CUDA Graph id 4344 reused
CUDA Graph id 4346 reused
CUDA Graph id 4348 reused
CUDA Graph id 4350 reused
CUDA Graph id 4254 reused
CUDA Graph id 4256 reused
CUDA Graph id 4258 reused
CUDA Graph id 4260 reused
CUDA Graph id 4262 reused
CUDA Graph id 4264 reused
CUDA Graph id 4266 reused
CUDA Graph id 4268 reused
CUDA Graph id 4270 reused
CUDA Graph id 4272 reused
CUDA Graph id 4274 reused
CUDA Graph id 4276 reused
CUDA Graph id 4278 reused
CUDA Graph id 4280 reused
CUDA Graph id 4282 reused
CUDA Graph id 4284 reused
CUDA Graph id 4286 reused
CUDA Graph id 4288 reused
CUDA Graph id 4290 reused
CUDA Graph id 4292 reused
CUDA Graph id 4294 reused
CUDA Graph id 4296 reused
CUDA Graph id 4298 reused
CUDA Graph id 4300 reused
CUDA Graph id 4302 reused
CUDA Graph id 4304 reused
CUDA Graph id 4306 reused
CUDA Graph id 4308 reused
CUDA Graph id 4310 reused
CUDA Graph id 4312 reused
CUDA Graph id 4314 reused
CUDA Graph id 4316 reused
CUDA Graph id 4318 reused
CUDA Graph id 4320 reused
CUDA Graph id 4322 reused
CUDA Graph id 4324 reused
CUDA Graph id 4326 reused
CUDA Graph id 4328 reused
CUDA Graph id 4330 reused
CUDA Graph id 4332 reused
CUDA Graph id 4334 reused
CUDA Graph id 4336 reused
CUDA Graph id 4338 reused
CUDA Graph id 4340 reused
CUDA Graph id 4342 reused
CUDA Graph id 4344 reused
CUDA Graph id 4346 reused
CUDA Graph id 4348 reused
CUDA Graph id 4350 reused
CUDA Graph id 4254 reused
CUDA Graph id 4256 reused
CUDA Graph id 4258 reused
CUDA Graph id 4260 reused
CUDA Graph id 4262 reused
CUDA Graph id 4264 reused
CUDA Graph id 4266 reused
CUDA Graph id 4268 reused
CUDA Graph id 4270 reused
CUDA Graph id 4272 reused
CUDA Graph id 4274 reused
CUDA Graph id 4276 reused
CUDA Graph id 4278 reused
CUDA Graph id 4280 reused
CUDA Graph id 4282 reused
CUDA Graph id 4284 reused
CUDA Graph id 4286 reused
CUDA Graph id 4288 reused
CUDA Graph id 4290 reused
CUDA Graph id 4292 reused
CUDA Graph id 4294 reused
CUDA Graph id 4296 reused
CUDA Graph id 4298 reused
CUDA Graph id 4300 reused
CUDA Graph id 4302 reused
CUDA Graph id 4304 reused
CUDA Graph id 4306 reused
CUDA Graph id 4308 reused
CUDA Graph id 4310 reused
CUDA Graph id 4312 reused
CUDA Graph id 4314 reused
CUDA Graph id 4316 reused
CUDA Graph id 4318 reused
CUDA Graph id 4320 reused
CUDA Graph id 4322 reused
CUDA Graph id 4324 reused
CUDA Graph id 4326 reused
CUDA Graph id 4328 reused
CUDA Graph id 4330 reused
CUDA Graph id 4332 reused
CUDA Graph id 4334 reused
CUDA Graph id 4336 reused
CUDA Graph id 4338 reused
CUDA Graph id 4340 reused
CUDA Graph id 4342 reused
CUDA Graph id 4344 reused
CUDA Graph id 4346 reused
CUDA Graph id 4348 reused
CUDA Graph id 4350 reused
CUDA Graph id 4254 reused
CUDA Graph id 4256 reused
CUDA Graph id 4258 reused
CUDA Graph id 4260 reused
CUDA Graph id 4262 reused
CUDA Graph id 4264 reused
CUDA Graph id 4266 reused
CUDA Graph id 4268 reused
CUDA Graph id 4270 reused
CUDA Graph id 4272 reused
CUDA Graph id 4274 reused
CUDA Graph id 4276 reused
CUDA Graph id 4278 reused
CUDA Graph id 4280 reused
CUDA Graph id 4282 reused
CUDA Graph id 4284 reused
CUDA Graph id 4286 reused
CUDA Graph id 4288 reused
CUDA Graph id 4290 reused
CUDA Graph id 4292 reused
CUDA Graph id 4294 reused
CUDA Graph id 4296 reused
CUDA Graph id 4298 reused
CUDA Graph id 4300 reused
CUDA Graph id 4302 reused
CUDA Graph id 4304 reused
CUDA Graph id 4306 reused
CUDA Graph id 4308 reused
CUDA Graph id 4310 reused
CUDA Graph id 4312 reused
CUDA Graph id 4314 reused
CUDA Graph id 4316 reused
CUDA Graph id 4318 reused
CUDA Graph id 4320 reused
CUDA Graph id 4322 reused
CUDA Graph id 4324 reused
CUDA Graph id 4326 reused
CUDA Graph id 4328 reused
CUDA Graph id 4330 reused
CUDA Graph id 4332 reused
CUDA Graph id 4334 reused
CUDA Graph id 4336 reused
CUDA Graph id 4338 reused
CUDA Graph id 4340 reused
CUDA Graph id 4342 reused
CUDA Graph id 4344 reused
CUDA Graph id 4346 reused
CUDA Graph id 4348 reused
CUDA Graph id 4350 reused
CUDA Graph id 4254 reused
CUDA Graph id 4256 reused
CUDA Graph id 4258 reused
CUDA Graph id 4260 reused
CUDA Graph id 4262 reused
CUDA Graph id 4264 reused
CUDA Graph id 4266 reused
CUDA Graph id 4268 reused
CUDA Graph id 4270 reused
CUDA Graph id 4272 reused
CUDA Graph id 4274 reused
CUDA Graph id 4276 reused
CUDA Graph id 4278 reused
CUDA Graph id 4280 reused
CUDA Graph id 4282 reused
CUDA Graph id 4284 reused
CUDA Graph id 4286 reused
CUDA Graph id 4288 reused
CUDA Graph id 4290 reused
CUDA Graph id 4292 reused
CUDA Graph id 4294 reused
CUDA Graph id 4296 reused
CUDA Graph id 4298 reused
CUDA Graph id 4300 reused
CUDA Graph id 4302 reused
CUDA Graph id 4304 reused
CUDA Graph id 4306 reused
CUDA Graph id 4308 reused
CUDA Graph id 4310 reused
CUDA Graph id 4312 reused
CUDA Graph id 4314 reused
CUDA Graph id 4316 reused
CUDA Graph id 4318 reused
CUDA Graph id 4320 reused
CUDA Graph id 4322 reused
CUDA Graph id 4324 reused
CUDA Graph id 4326 reused
CUDA Graph id 4328 reused
CUDA Graph id 4330 reused
CUDA Graph id 4332 reused
CUDA Graph id 4334 reused
CUDA Graph id 4336 reused
CUDA Graph id 4338 reused
CUDA Graph id 4340 reused
CUDA Graph id 4342 reused
CUDA Graph id 4344 reused
CUDA Graph id 4346 reused
CUDA Graph id 4348 reused
CUDA Graph id 4350 reused
CUDA Graph id 4254 reused
CUDA Graph id 4256 reused
CUDA Graph id 4258 reused
CUDA Graph id 4260 reused
CUDA Graph id 4262 reused
CUDA Graph id 4264 reused
CUDA Graph id 4266 reused
CUDA Graph id 4268 reused
CUDA Graph id 4270 reused
CUDA Graph id 4272 reused
CUDA Graph id 4274 reused
CUDA Graph id 4276 reused
CUDA Graph id 4278 reused
CUDA Graph id 4280 reused
CUDA Graph id 4282 reused
CUDA Graph id 4284 reused
CUDA Graph id 4286 reused
CUDA Graph id 4288 reused
CUDA Graph id 4290 reused
CUDA Graph id 4292 reused
CUDA Graph id 4294 reused
CUDA Graph id 4296 reused
CUDA Graph id 4298 reused
CUDA Graph id 4300 reused
CUDA Graph id 4302 reused
CUDA Graph id 4304 reused
CUDA Graph id 4306 reused
CUDA Graph id 4308 reused
CUDA Graph id 4310 reused
CUDA Graph id 4312 reused
CUDA Graph id 4314 reused
CUDA Graph id 4316 reused
CUDA Graph id 4318 reused
CUDA Graph id 4320 reused
CUDA Graph id 4322 reused
CUDA Graph id 4324 reused
CUDA Graph id 4326 reused
CUDA Graph id 4328 reused
CUDA Graph id 4330 reused
CUDA Graph id 4332 reused
CUDA Graph id 4334 reused
CUDA Graph id 4336 reused
CUDA Graph id 4338 reused
CUDA Graph id 4340 reused
CUDA Graph id 4342 reused
CUDA Graph id 4344 reused
CUDA Graph id 4346 reused
CUDA Graph id 4348 reused
CUDA Graph id 4350 reused
CUDA Graph id 4254 reused
CUDA Graph id 4256 reused
CUDA Graph id 4258 reused
CUDA Graph id 4260 reused
CUDA Graph id 4262 reused
CUDA Graph id 4264 reused
CUDA Graph id 4266 reused
CUDA Graph id 4268 reused
CUDA Graph id 4270 reused
CUDA Graph id 4272 reused
CUDA Graph id 4274 reused
CUDA Graph id 4276 reused
CUDA Graph id 4278 reused
CUDA Graph id 4280 reused
CUDA Graph id 4282 reused
CUDA Graph id 4284 reused
CUDA Graph id 4286 reused
CUDA Graph id 4288 reused
CUDA Graph id 4290 reused
CUDA Graph id 4292 reused
CUDA Graph id 4294 reused
CUDA Graph id 4296 reused
CUDA Graph id 4298 reused
CUDA Graph id 4300 reused
CUDA Graph id 4302 reused
CUDA Graph id 4304 reused
CUDA Graph id 4306 reused
CUDA Graph id 4308 reused
CUDA Graph id 4310 reused
CUDA Graph id 4312 reused
CUDA Graph id 4314 reused
CUDA Graph id 4316 reused
CUDA Graph id 4318 reused
CUDA Graph id 4320 reused
CUDA Graph id 4322 reused
CUDA Graph id 4324 reused
CUDA Graph id 4326 reused
CUDA Graph id 4328 reused
CUDA Graph id 4330 reused
CUDA Graph id 4332 reused
CUDA Graph id 4334 reused
CUDA Graph id 4336 reused
CUDA Graph id 4338 reused
CUDA Graph id 4340 reused
CUDA Graph id 4342 reused
CUDA Graph id 4344 reused
CUDA Graph id 4346 reused
CUDA Graph id 4348 reused
CUDA Graph id 4350 reused
CUDA Graph id 4254 reused
CUDA Graph id 4256 reused
CUDA Graph id 4258 reused
CUDA Graph id 4260 reused
CUDA Graph id 4262 reused
CUDA Graph id 4264 reused
CUDA Graph id 4266 reused
CUDA Graph id 4268 reused
CUDA Graph id 4270 reused
CUDA Graph id 4272 reused
CUDA Graph id 4274 reused
CUDA Graph id 4276 reused
CUDA Graph id 4278 reused
CUDA Graph id 4280 reused
CUDA Graph id 4282 reused
CUDA Graph id 4284 reused
CUDA Graph id 4286 reused
CUDA Graph id 4288 reused
CUDA Graph id 4290 reused
CUDA Graph id 4292 reused
CUDA Graph id 4294 reused
CUDA Graph id 4296 reused
CUDA Graph id 4298 reused
CUDA Graph id 4300 reused
CUDA Graph id 4302 reused
CUDA Graph id 4304 reused
CUDA Graph id 4306 reused
CUDA Graph id 4308 reused
CUDA Graph id 4310 reused
CUDA Graph id 4312 reused
CUDA Graph id 4314 reused
CUDA Graph id 4316 reused
CUDA Graph id 4318 reused
CUDA Graph id 4320 reused
CUDA Graph id 4322 reused
CUDA Graph id 4324 reused
CUDA Graph id 4326 reused
CUDA Graph id 4328 reused
CUDA Graph id 4330 reused
CUDA Graph id 4332 reused
CUDA Graph id 4334 reused
CUDA Graph id 4336 reused
CUDA Graph id 4338 reused
CUDA Graph id 4340 reused
CUDA Graph id 4342 reused
CUDA Graph id 4344 reused
CUDA Graph id 4346 reused
CUDA Graph id 4348 reused
CUDA Graph id 4350 reused
CUDA Graph id 4254 reused
CUDA Graph id 4256 reused
CUDA Graph id 4258 reused
CUDA Graph id 4260 reused
CUDA Graph id 4262 reused
CUDA Graph id 4264 reused
CUDA Graph id 4266 reused
CUDA Graph id 4268 reused
CUDA Graph id 4270 reused
CUDA Graph id 4272 reused
CUDA Graph id 4274 reused
CUDA Graph id 4276 reused
CUDA Graph id 4278 reused
CUDA Graph id 4280 reused
CUDA Graph id 4282 reused
CUDA Graph id 4284 reused
CUDA Graph id 4286 reused
CUDA Graph id 4288 reused
CUDA Graph id 4290 reused
CUDA Graph id 4292 reused
CUDA Graph id 4294 reused
CUDA Graph id 4296 reused
CUDA Graph id 4298 reused
CUDA Graph id 4300 reused
CUDA Graph id 4302 reused
CUDA Graph id 4304 reused
CUDA Graph id 4306 reused
CUDA Graph id 4308 reused
CUDA Graph id 4310 reused
CUDA Graph id 4312 reused
CUDA Graph id 4314 reused
CUDA Graph id 4316 reused
CUDA Graph id 4318 reused
CUDA Graph id 4320 reused
CUDA Graph id 4322 reused
CUDA Graph id 4324 reused
CUDA Graph id 4326 reused
CUDA Graph id 4328 reused
CUDA Graph id 4330 reused
CUDA Graph id 4332 reused
CUDA Graph id 4334 reused
CUDA Graph id 4336 reused
CUDA Graph id 4338 reused
CUDA Graph id 4340 reused
CUDA Graph id 4342 reused
CUDA Graph id 4344 reused
CUDA Graph id 4346 reused
CUDA Graph id 4348 reused
CUDA Graph id 4350 reused
CUDA Graph id 4254 reused
CUDA Graph id 4256 reused
CUDA Graph id 4258 reused
CUDA Graph id 4260 reused
CUDA Graph id 4262 reused
CUDA Graph id 4264 reused
CUDA Graph id 4266 reused
CUDA Graph id 4268 reused
CUDA Graph id 4270 reused
CUDA Graph id 4272 reused
CUDA Graph id 4274 reused
CUDA Graph id 4276 reused
CUDA Graph id 4278 reused
CUDA Graph id 4280 reused
CUDA Graph id 4282 reused
CUDA Graph id 4284 reused
CUDA Graph id 4286 reused
CUDA Graph id 4288 reused
CUDA Graph id 4290 reused
CUDA Graph id 4292 reused
CUDA Graph id 4294 reused
CUDA Graph id 4296 reused
CUDA Graph id 4298 reused
CUDA Graph id 4300 reused
CUDA Graph id 4302 reused
CUDA Graph id 4304 reused
CUDA Graph id 4306 reused
CUDA Graph id 4308 reused
CUDA Graph id 4310 reused
CUDA Graph id 4312 reused
CUDA Graph id 4314 reused
CUDA Graph id 4316 reused
CUDA Graph id 4318 reused
CUDA Graph id 4320 reused
CUDA Graph id 4322 reused
CUDA Graph id 4324 reused
CUDA Graph id 4326 reused
CUDA Graph id 4328 reused
CUDA Graph id 4330 reused
CUDA Graph id 4332 reused
CUDA Graph id 4334 reused
CUDA Graph id 4336 reused
CUDA Graph id 4338 reused
CUDA Graph id 4340 reused
CUDA Graph id 4342 reused
CUDA Graph id 4344 reused
CUDA Graph id 4346 reused
CUDA Graph id 4348 reused
CUDA Graph id 4350 reused
CUDA Graph id 4254 reused
CUDA Graph id 4256 reused
CUDA Graph id 4258 reused
CUDA Graph id 4260 reused
CUDA Graph id 4262 reused
CUDA Graph id 4264 reused
CUDA Graph id 4266 reused
CUDA Graph id 4268 reused
CUDA Graph id 4270 reused
CUDA Graph id 4272 reused
CUDA Graph id 4274 reused
CUDA Graph id 4276 reused
CUDA Graph id 4278 reused
CUDA Graph id 4280 reused
CUDA Graph id 4282 reused
CUDA Graph id 4284 reused
CUDA Graph id 4286 reused
CUDA Graph id 4288 reused
CUDA Graph id 4290 reused
CUDA Graph id 4292 reused
CUDA Graph id 4294 reused
CUDA Graph id 4296 reused
CUDA Graph id 4298 reused
CUDA Graph id 4300 reused
CUDA Graph id 4302 reused
CUDA Graph id 4304 reused
CUDA Graph id 4306 reused
CUDA Graph id 4308 reused
CUDA Graph id 4310 reused
CUDA Graph id 4312 reused
CUDA Graph id 4314 reused
CUDA Graph id 4316 reused
CUDA Graph id 4318 reused
CUDA Graph id 4320 reused
CUDA Graph id 4322 reused
CUDA Graph id 4324 reused
CUDA Graph id 4326 reused
CUDA Graph id 4328 reused
CUDA Graph id 4330 reused
CUDA Graph id 4332 reused
CUDA Graph id 4334 reused
CUDA Graph id 4336 reused
CUDA Graph id 4338 reused
CUDA Graph id 4340 reused
CUDA Graph id 4342 reused
CUDA Graph id 4344 reused
CUDA Graph id 4346 reused
CUDA Graph id 4348 reused
CUDA Graph id 4350 reused
CUDA Graph id 4254 reused
CUDA Graph id 4256 reused
CUDA Graph id 4258 reused
CUDA Graph id 4260 reused
CUDA Graph id 4262 reused
CUDA Graph id 4264 reused
CUDA Graph id 4266 reused
CUDA Graph id 4268 reused
CUDA Graph id 4270 reused
CUDA Graph id 4272 reused
CUDA Graph id 4274 reused
CUDA Graph id 4276 reused
CUDA Graph id 4278 reused
CUDA Graph id 4280 reused
CUDA Graph id 4282 reused
CUDA Graph id 4284 reused
CUDA Graph id 4286 reused
CUDA Graph id 4288 reused
CUDA Graph id 4290 reused
CUDA Graph id 4292 reused
CUDA Graph id 4294 reused
CUDA Graph id 4296 reused
CUDA Graph id 4298 reused
CUDA Graph id 4300 reused
CUDA Graph id 4302 reused
CUDA Graph id 4304 reused
CUDA Graph id 4306 reused
CUDA Graph id 4308 reused
CUDA Graph id 4310 reused
CUDA Graph id 4312 reused
CUDA Graph id 4314 reused
CUDA Graph id 4316 reused
CUDA Graph id 4318 reused
CUDA Graph id 4320 reused
CUDA Graph id 4322 reused
CUDA Graph id 4324 reused
CUDA Graph id 4326 reused
CUDA Graph id 4328 reused
CUDA Graph id 4330 reused
CUDA Graph id 4332 reused
CUDA Graph id 4334 reused
CUDA Graph id 4336 reused
CUDA Graph id 4338 reused
CUDA Graph id 4340 reused
CUDA Graph id 4342 reused
CUDA Graph id 4344 reused
CUDA Graph id 4346 reused
CUDA Graph id 4348 reused
CUDA Graph id 4350 reused
CUDA Graph id 4254 reused
CUDA Graph id 4256 reused
CUDA Graph id 4258 reused
CUDA Graph id 4260 reused
CUDA Graph id 4262 reused
CUDA Graph id 4264 reused
CUDA Graph id 4266 reused
CUDA Graph id 4268 reused
CUDA Graph id 4270 reused
CUDA Graph id 4272 reused
CUDA Graph id 4274 reused
CUDA Graph id 4276 reused
CUDA Graph id 4278 reused
CUDA Graph id 4280 reused
CUDA Graph id 4282 reused
CUDA Graph id 4284 reused
CUDA Graph id 4286 reused
CUDA Graph id 4288 reused
CUDA Graph id 4290 reused
CUDA Graph id 4292 reused
CUDA Graph id 4294 reused
CUDA Graph id 4296 reused
CUDA Graph id 4298 reused
CUDA Graph id 4300 reused
CUDA Graph id 4302 reused
CUDA Graph id 4304 reused
CUDA Graph id 4306 reused
CUDA Graph id 4308 reused
CUDA Graph id 4310 reused
CUDA Graph id 4312 reused
CUDA Graph id 4314 reused
CUDA Graph id 4316 reused
CUDA Graph id 4318 reused
CUDA Graph id 4320 reused
CUDA Graph id 4322 reused
CUDA Graph id 4324 reused
CUDA Graph id 4326 reused
CUDA Graph id 4328 reused
CUDA Graph id 4330 reused
CUDA Graph id 4332 reused
CUDA Graph id 4334 reused
CUDA Graph id 4336 reused
CUDA Graph id 4338 reused
CUDA Graph id 4340 reused
CUDA Graph id 4342 reused
CUDA Graph id 4344 reused
CUDA Graph id 4346 reused
CUDA Graph id 4348 reused
CUDA Graph id 4350 reused
CUDA Graph id 4254 reused
CUDA Graph id 4256 reused
CUDA Graph id 4258 reused
CUDA Graph id 4260 reused
CUDA Graph id 4262 reused
CUDA Graph id 4264 reused
CUDA Graph id 4266 reused
CUDA Graph id 4268 reused
CUDA Graph id 4270 reused
CUDA Graph id 4272 reused
CUDA Graph id 4274 reused
CUDA Graph id 4276 reused
CUDA Graph id 4278 reused
CUDA Graph id 4280 reused
CUDA Graph id 4282 reused
CUDA Graph id 4284 reused
CUDA Graph id 4286 reused
CUDA Graph id 4288 reused
CUDA Graph id 4290 reused
CUDA Graph id 4292 reused
CUDA Graph id 4294 reused
CUDA Graph id 4296 reused
CUDA Graph id 4298 reused
CUDA Graph id 4300 reused
CUDA Graph id 4302 reused
CUDA Graph id 4304 reused
CUDA Graph id 4306 reused
CUDA Graph id 4308 reused
CUDA Graph id 4310 reused
CUDA Graph id 4312 reused
CUDA Graph id 4314 reused
CUDA Graph id 4316 reused
CUDA Graph id 4318 reused
CUDA Graph id 4320 reused
CUDA Graph id 4322 reused
CUDA Graph id 4324 reused
CUDA Graph id 4326 reused
CUDA Graph id 4328 reused
CUDA Graph id 4330 reused
CUDA Graph id 4332 reused
CUDA Graph id 4334 reused
CUDA Graph id 4336 reused
CUDA Graph id 4338 reused
CUDA Graph id 4340 reused
CUDA Graph id 4342 reused
CUDA Graph id 4344 reused
CUDA Graph id 4346 reused
CUDA Graph id 4348 reused
CUDA Graph id 4350 reused
CUDA Graph id 4254 reused
CUDA Graph id 4256 reused
CUDA Graph id 4258 reused
CUDA Graph id 4260 reused
CUDA Graph id 4262 reused
CUDA Graph id 4264 reused
CUDA Graph id 4266 reused
CUDA Graph id 4268 reused
CUDA Graph id 4270 reused
CUDA Graph id 4272 reused
CUDA Graph id 4274 reused
CUDA Graph id 4276 reused
CUDA Graph id 4278 reused
CUDA Graph id 4280 reused
CUDA Graph id 4282 reused
CUDA Graph id 4284 reused
CUDA Graph id 4286 reused
CUDA Graph id 4288 reused
CUDA Graph id 4290 reused
CUDA Graph id 4292 reused
CUDA Graph id 4294 reused
CUDA Graph id 4296 reused
CUDA Graph id 4298 reused
CUDA Graph id 4300 reused
CUDA Graph id 4302 reused
CUDA Graph id 4304 reused
CUDA Graph id 4306 reused
CUDA Graph id 4308 reused
CUDA Graph id 4310 reused
CUDA Graph id 4312 reused
CUDA Graph id 4314 reused
CUDA Graph id 4316 reused
CUDA Graph id 4318 reused
CUDA Graph id 4320 reused
CUDA Graph id 4322 reused
CUDA Graph id 4324 reused
CUDA Graph id 4326 reused
CUDA Graph id 4328 reused
CUDA Graph id 4330 reused
CUDA Graph id 4332 reused
CUDA Graph id 4334 reused
CUDA Graph id 4336 reused
CUDA Graph id 4338 reused
CUDA Graph id 4340 reused
CUDA Graph id 4342 reused
CUDA Graph id 4344 reused
CUDA Graph id 4346 reused
CUDA Graph id 4348 reused
CUDA Graph id 4350 reused
CUDA Graph id 4254 reused
CUDA Graph id 4256 reused
CUDA Graph id 4258 reused
CUDA Graph id 4260 reused
CUDA Graph id 4262 reused
CUDA Graph id 4264 reused
CUDA Graph id 4266 reused
CUDA Graph id 4268 reused
CUDA Graph id 4270 reused
CUDA Graph id 4272 reused
CUDA Graph id 4274 reused
CUDA Graph id 4276 reused
CUDA Graph id 4278 reused
CUDA Graph id 4280 reused
CUDA Graph id 4282 reused
CUDA Graph id 4284 reused
CUDA Graph id 4286 reused
CUDA Graph id 4288 reused
CUDA Graph id 4290 reused
CUDA Graph id 4292 reused
CUDA Graph id 4294 reused
CUDA Graph id 4296 reused
CUDA Graph id 4298 reused
CUDA Graph id 4300 reused
CUDA Graph id 4302 reused
CUDA Graph id 4304 reused
CUDA Graph id 4306 reused
CUDA Graph id 4308 reused
CUDA Graph id 4310 reused
CUDA Graph id 4312 reused
CUDA Graph id 4314 reused
CUDA Graph id 4316 reused
CUDA Graph id 4318 reused
CUDA Graph id 4320 reused
CUDA Graph id 4322 reused
CUDA Graph id 4324 reused
CUDA Graph id 4326 reused
CUDA Graph id 4328 reused
CUDA Graph id 4330 reused
CUDA Graph id 4332 reused
CUDA Graph id 4334 reused
CUDA Graph id 4336 reused
CUDA Graph id 4338 reused
CUDA Graph id 4340 reused
CUDA Graph id 4342 reused
CUDA Graph id 4344 reused
CUDA Graph id 4346 reused
CUDA Graph id 4348 reused
CUDA Graph id 4350 reused
CUDA Graph id 4254 reused
CUDA Graph id 4256 reused
CUDA Graph id 4258 reused
CUDA Graph id 4260 reused
CUDA Graph id 4262 reused
CUDA Graph id 4264 reused
CUDA Graph id 4266 reused
CUDA Graph id 4268 reused
CUDA Graph id 4270 reused
CUDA Graph id 4272 reused
CUDA Graph id 4274 reused
CUDA Graph id 4276 reused
CUDA Graph id 4278 reused
CUDA Graph id 4280 reused
CUDA Graph id 4282 reused
CUDA Graph id 4284 reused
CUDA Graph id 4286 reused
CUDA Graph id 4288 reused
CUDA Graph id 4290 reused
CUDA Graph id 4292 reused
CUDA Graph id 4294 reused
CUDA Graph id 4296 reused
CUDA Graph id 4298 reused
CUDA Graph id 4300 reused
CUDA Graph id 4302 reused
CUDA Graph id 4304 reused
CUDA Graph id 4306 reused
CUDA Graph id 4308 reused
CUDA Graph id 4310 reused
CUDA Graph id 4312 reused
CUDA Graph id 4314 reused
CUDA Graph id 4316 reused
CUDA Graph id 4318 reused
CUDA Graph id 4320 reused
CUDA Graph id 4322 reused
CUDA Graph id 4324 reused
CUDA Graph id 4326 reused
CUDA Graph id 4328 reused
CUDA Graph id 4330 reused
CUDA Graph id 4332 reused
CUDA Graph id 4334 reused
CUDA Graph id 4336 reused
CUDA Graph id 4338 reused
CUDA Graph id 4340 reused
CUDA Graph id 4342 reused
CUDA Graph id 4344 reused
CUDA Graph id 4346 reused
CUDA Graph id 4348 reused
CUDA Graph id 4350 reused
CUDA Graph id 4254 reused
CUDA Graph id 4256 reused
CUDA Graph id 4258 reused
CUDA Graph id 4260 reused
CUDA Graph id 4262 reused
CUDA Graph id 4264 reused
CUDA Graph id 4266 reused
CUDA Graph id 4268 reused
CUDA Graph id 4270 reused
CUDA Graph id 4272 reused
CUDA Graph id 4274 reused
CUDA Graph id 4276 reused
CUDA Graph id 4278 reused
CUDA Graph id 4280 reused
CUDA Graph id 4282 reused
CUDA Graph id 4284 reused
CUDA Graph id 4286 reused
CUDA Graph id 4288 reused
CUDA Graph id 4290 reused
CUDA Graph id 4292 reused
CUDA Graph id 4294 reused
CUDA Graph id 4296 reused
CUDA Graph id 4298 reused
CUDA Graph id 4300 reused
CUDA Graph id 4302 reused
CUDA Graph id 4304 reused
CUDA Graph id 4306 reused
CUDA Graph id 4308 reused
CUDA Graph id 4310 reused
CUDA Graph id 4312 reused
CUDA Graph id 4314 reused
CUDA Graph id 4316 reused
CUDA Graph id 4318 reused
CUDA Graph id 4320 reused
CUDA Graph id 4322 reused
CUDA Graph id 4324 reused
CUDA Graph id 4326 reused
CUDA Graph id 4328 reused
CUDA Graph id 4330 reused
CUDA Graph id 4332 reused
CUDA Graph id 4334 reused
CUDA Graph id 4336 reused
CUDA Graph id 4338 reused
CUDA Graph id 4340 reused
CUDA Graph id 4342 reused
CUDA Graph id 4344 reused
CUDA Graph id 4346 reused
CUDA Graph id 4348 reused
CUDA Graph id 4350 reused
CUDA Graph id 4254 reused
CUDA Graph id 4256 reused
CUDA Graph id 4258 reused
CUDA Graph id 4260 reused
CUDA Graph id 4262 reused
CUDA Graph id 4264 reused
CUDA Graph id 4266 reused
CUDA Graph id 4268 reused
CUDA Graph id 4270 reused
CUDA Graph id 4272 reused
CUDA Graph id 4274 reused
CUDA Graph id 4276 reused
CUDA Graph id 4278 reused
CUDA Graph id 4280 reused
CUDA Graph id 4282 reused
CUDA Graph id 4284 reused
CUDA Graph id 4286 reused
CUDA Graph id 4288 reused
CUDA Graph id 4290 reused
CUDA Graph id 4292 reused
CUDA Graph id 4294 reused
CUDA Graph id 4296 reused
CUDA Graph id 4298 reused
CUDA Graph id 4300 reused
CUDA Graph id 4302 reused
CUDA Graph id 4304 reused
CUDA Graph id 4306 reused
CUDA Graph id 4308 reused
CUDA Graph id 4310 reused
CUDA Graph id 4312 reused
CUDA Graph id 4314 reused
CUDA Graph id 4316 reused
CUDA Graph id 4318 reused
CUDA Graph id 4320 reused
CUDA Graph id 4322 reused
CUDA Graph id 4324 reused
CUDA Graph id 4326 reused
CUDA Graph id 4328 reused
CUDA Graph id 4330 reused
CUDA Graph id 4332 reused
CUDA Graph id 4334 reused
CUDA Graph id 4336 reused
CUDA Graph id 4338 reused
CUDA Graph id 4340 reused
CUDA Graph id 4342 reused
CUDA Graph id 4344 reused
CUDA Graph id 4346 reused
CUDA Graph id 4348 reused
CUDA Graph id 4350 reused
CUDA Graph id 4254 reused
CUDA Graph id 4256 reused
CUDA Graph id 4258 reused
CUDA Graph id 4260 reused
CUDA Graph id 4262 reused
CUDA Graph id 4264 reused
CUDA Graph id 4266 reused
CUDA Graph id 4268 reused
CUDA Graph id 4270 reused
CUDA Graph id 4272 reused
CUDA Graph id 4274 reused
CUDA Graph id 4276 reused
CUDA Graph id 4278 reused
CUDA Graph id 4280 reused
CUDA Graph id 4282 reused
CUDA Graph id 4284 reused
CUDA Graph id 4286 reused
CUDA Graph id 4288 reused
CUDA Graph id 4290 reused
CUDA Graph id 4292 reused
CUDA Graph id 4294 reused
CUDA Graph id 4296 reused
CUDA Graph id 4298 reused
CUDA Graph id 4300 reused
CUDA Graph id 4302 reused
CUDA Graph id 4304 reused
CUDA Graph id 4306 reused
CUDA Graph id 4308 reused
CUDA Graph id 4310 reused
CUDA Graph id 4312 reused
CUDA Graph id 4314 reused
CUDA Graph id 4316 reused
CUDA Graph id 4318 reused
CUDA Graph id 4320 reused
CUDA Graph id 4322 reused
CUDA Graph id 4324 reused
CUDA Graph id 4326 reused
CUDA Graph id 4328 reused
CUDA Graph id 4330 reused
CUDA Graph id 4332 reused
CUDA Graph id 4334 reused
CUDA Graph id 4336 reused
CUDA Graph id 4338 reused
CUDA Graph id 4340 reused
CUDA Graph id 4342 reused
CUDA Graph id 4344 reused
CUDA Graph id 4346 reused
CUDA Graph id 4348 reused
CUDA Graph id 4350 reused
CUDA Graph id 4254 reused
CUDA Graph id 4256 reused
CUDA Graph id 4258 reused
CUDA Graph id 4260 reused
CUDA Graph id 4262 reused
CUDA Graph id 4264 reused
CUDA Graph id 4266 reused
CUDA Graph id 4268 reused
CUDA Graph id 4270 reused
CUDA Graph id 4272 reused
CUDA Graph id 4274 reused
CUDA Graph id 4276 reused
CUDA Graph id 4278 reused
CUDA Graph id 4280 reused
CUDA Graph id 4282 reused
CUDA Graph id 4284 reused
CUDA Graph id 4286 reused
CUDA Graph id 4288 reused
CUDA Graph id 4290 reused
CUDA Graph id 4292 reused
CUDA Graph id 4294 reused
CUDA Graph id 4296 reused
CUDA Graph id 4298 reused
CUDA Graph id 4300 reused
CUDA Graph id 4302 reused
CUDA Graph id 4304 reused
CUDA Graph id 4306 reused
CUDA Graph id 4308 reused
CUDA Graph id 4310 reused
CUDA Graph id 4312 reused
CUDA Graph id 4314 reused
CUDA Graph id 4316 reused
CUDA Graph id 4318 reused
CUDA Graph id 4320 reused
CUDA Graph id 4322 reused
CUDA Graph id 4324 reused
CUDA Graph id 4326 reused
CUDA Graph id 4328 reused
CUDA Graph id 4330 reused
CUDA Graph id 4332 reused
CUDA Graph id 4334 reused
CUDA Graph id 4336 reused
CUDA Graph id 4338 reused
CUDA Graph id 4340 reused
CUDA Graph id 4342 reused
CUDA Graph id 4344 reused
CUDA Graph id 4346 reused
CUDA Graph id 4348 reused
CUDA Graph id 4350 reused
CUDA Graph id 4254 reused
CUDA Graph id 4256 reused
CUDA Graph id 4258 reused
CUDA Graph id 4260 reused
CUDA Graph id 4262 reused
CUDA Graph id 4264 reused
CUDA Graph id 4266 reused
CUDA Graph id 4268 reused
CUDA Graph id 4270 reused
CUDA Graph id 4272 reused
CUDA Graph id 4274 reused
CUDA Graph id 4276 reused
CUDA Graph id 4278 reused
CUDA Graph id 4280 reused
CUDA Graph id 4282 reused
CUDA Graph id 4284 reused
CUDA Graph id 4286 reused
CUDA Graph id 4288 reused
CUDA Graph id 4290 reused
CUDA Graph id 4292 reused
CUDA Graph id 4294 reused
CUDA Graph id 4296 reused
CUDA Graph id 4298 reused
CUDA Graph id 4300 reused
CUDA Graph id 4302 reused
CUDA Graph id 4304 reused
CUDA Graph id 4306 reused
CUDA Graph id 4308 reused
CUDA Graph id 4310 reused
CUDA Graph id 4312 reused
CUDA Graph id 4314 reused
CUDA Graph id 4316 reused
CUDA Graph id 4318 reused
CUDA Graph id 4320 reused
CUDA Graph id 4322 reused
CUDA Graph id 4324 reused
CUDA Graph id 4326 reused
CUDA Graph id 4328 reused
CUDA Graph id 4330 reused
CUDA Graph id 4332 reused
CUDA Graph id 4334 reused
CUDA Graph id 4336 reused
CUDA Graph id 4338 reused
CUDA Graph id 4340 reused
CUDA Graph id 4342 reused
CUDA Graph id 4344 reused
CUDA Graph id 4346 reused
CUDA Graph id 4348 reused
CUDA Graph id 4350 reused
CUDA Graph id 4254 reused
CUDA Graph id 4256 reused
CUDA Graph id 4258 reused
CUDA Graph id 4260 reused
CUDA Graph id 4262 reused
CUDA Graph id 4264 reused
CUDA Graph id 4266 reused
CUDA Graph id 4268 reused
CUDA Graph id 4270 reused
CUDA Graph id 4272 reused
CUDA Graph id 4274 reused
CUDA Graph id 4276 reused
CUDA Graph id 4278 reused
CUDA Graph id 4280 reused
CUDA Graph id 4282 reused
CUDA Graph id 4284 reused
CUDA Graph id 4286 reused
CUDA Graph id 4288 reused
CUDA Graph id 4290 reused
CUDA Graph id 4292 reused
CUDA Graph id 4294 reused
CUDA Graph id 4296 reused
CUDA Graph id 4298 reused
CUDA Graph id 4300 reused
CUDA Graph id 4302 reused
CUDA Graph id 4304 reused
CUDA Graph id 4306 reused
CUDA Graph id 4308 reused
CUDA Graph id 4310 reused
CUDA Graph id 4312 reused
CUDA Graph id 4314 reused
CUDA Graph id 4316 reused
CUDA Graph id 4318 reused
CUDA Graph id 4320 reused
CUDA Graph id 4322 reused
CUDA Graph id 4324 reused
CUDA Graph id 4326 reused
CUDA Graph id 4328 reused
CUDA Graph id 4330 reused
CUDA Graph id 4332 reused
CUDA Graph id 4334 reused
CUDA Graph id 4336 reused
CUDA Graph id 4338 reused
CUDA Graph id 4340 reused
CUDA Graph id 4342 reused
CUDA Graph id 4344 reused
CUDA Graph id 4346 reused
CUDA Graph id 4348 reused
CUDA Graph id 4350 reused
CUDA Graph id 4254 reused
CUDA Graph id 4256 reused
CUDA Graph id 4258 reused
CUDA Graph id 4260 reused
CUDA Graph id 4262 reused
CUDA Graph id 4264 reused
CUDA Graph id 4266 reused
CUDA Graph id 4268 reused
CUDA Graph id 4270 reused
CUDA Graph id 4272 reused
CUDA Graph id 4274 reused
CUDA Graph id 4276 reused
CUDA Graph id 4278 reused
CUDA Graph id 4280 reused
CUDA Graph id 4282 reused
CUDA Graph id 4284 reused
CUDA Graph id 4286 reused
CUDA Graph id 4288 reused
CUDA Graph id 4290 reused
CUDA Graph id 4292 reused
CUDA Graph id 4294 reused
CUDA Graph id 4296 reused
CUDA Graph id 4298 reused
CUDA Graph id 4300 reused
CUDA Graph id 4302 reused
CUDA Graph id 4304 reused
CUDA Graph id 4306 reused
CUDA Graph id 4308 reused
CUDA Graph id 4310 reused
CUDA Graph id 4312 reused
CUDA Graph id 4314 reused
CUDA Graph id 4316 reused
CUDA Graph id 4318 reused
CUDA Graph id 4320 reused
CUDA Graph id 4322 reused
CUDA Graph id 4324 reused
CUDA Graph id 4326 reused
CUDA Graph id 4328 reused
CUDA Graph id 4330 reused
CUDA Graph id 4332 reused
CUDA Graph id 4334 reused
CUDA Graph id 4336 reused
CUDA Graph id 4338 reused
CUDA Graph id 4340 reused
CUDA Graph id 4342 reused
CUDA Graph id 4344 reused
CUDA Graph id 4346 reused
CUDA Graph id 4348 reused
CUDA Graph id 4350 reused
CUDA Graph id 4254 reused
CUDA Graph id 4256 reused
CUDA Graph id 4258 reused
CUDA Graph id 4260 reused
CUDA Graph id 4262 reused
CUDA Graph id 4264 reused
CUDA Graph id 4266 reused
CUDA Graph id 4268 reused
CUDA Graph id 4270 reused
CUDA Graph id 4272 reused
CUDA Graph id 4274 reused
CUDA Graph id 4276 reused
CUDA Graph id 4278 reused
CUDA Graph id 4280 reused
CUDA Graph id 4282 reused
CUDA Graph id 4284 reused
CUDA Graph id 4286 reused
CUDA Graph id 4288 reused
CUDA Graph id 4290 reused
CUDA Graph id 4292 reused
CUDA Graph id 4294 reused
CUDA Graph id 4296 reused
CUDA Graph id 4298 reused
CUDA Graph id 4300 reused
CUDA Graph id 4302 reused
CUDA Graph id 4304 reused
CUDA Graph id 4306 reused
CUDA Graph id 4308 reused
CUDA Graph id 4310 reused
CUDA Graph id 4312 reused
CUDA Graph id 4314 reused
CUDA Graph id 4316 reused
CUDA Graph id 4318 reused
CUDA Graph id 4320 reused
CUDA Graph id 4322 reused
CUDA Graph id 4324 reused
CUDA Graph id 4326 reused
CUDA Graph id 4328 reused
CUDA Graph id 4330 reused
CUDA Graph id 4332 reused
CUDA Graph id 4334 reused
CUDA Graph id 4336 reused
CUDA Graph id 4338 reused
CUDA Graph id 4340 reused
CUDA Graph id 4342 reused
CUDA Graph id 4344 reused
CUDA Graph id 4346 reused
CUDA Graph id 4348 reused
CUDA Graph id 4350 reused
ggml_backend_cuda_graph_compute: CUDA graph warmup reset
ggml_backend_cuda_graph_compute: CUDA graph warmup reset
ggml_backend_cuda_graph_compute: CUDA graph warmup complete
ggml_backend_cuda_graph_compute: CUDA graph warmup reset
ggml_backend_cuda_graph_compute: CUDA graph warmup reset
ggml_backend_cuda_graph_compute: CUDA graph warmup reset
ggml_backend_cuda_graph_compute: CUDA graph warmup reset
ggml_backend_cuda_graph_compute: CUDA graph warmup reset
ggml_backend_cuda_graph_compute: CUDA graph warmup reset
ggml_backend_cuda_graph_compute: CUDA graph warmup reset
ggml_backend_cuda_graph_compute: CUDA graph warmup reset
ggml_backend_cuda_graph_compute: CUDA graph warmup reset
ggml_backend_cuda_graph_compute: CUDA graph warmup reset
ggml_backend_cuda_graph_compute: CUDA graph warmup reset
ggml_backend_cuda_graph_compute: CUDA graph warmup reset
ggml_backend_cuda_graph_compute: CUDA graph warmup reset
ggml_backend_cuda_graph_compute: CUDA graph warmup reset
ggml_backend_cuda_graph_compute: CUDA graph warmup reset
ggml_backend_cuda_graph_compute: CUDA graph warmup reset
ggml_backend_cuda_graph_compute: CUDA graph warmup reset
ggml_backend_cuda_graph_compute: CUDA graph warmup reset
ggml_backend_cuda_graph_compute: CUDA graph warmup reset
ggml_backend_cuda_graph_compute: CUDA graph warmup reset
ggml_backend_cuda_graph_compute: CUDA graph warmup reset
ggml_backend_cuda_graph_compute: CUDA graph warmup reset
ggml_backend_cuda_graph_compute: CUDA graph warmup reset
ggml_backend_cuda_graph_compute: CUDA graph warmup reset
ggml_backend_cuda_graph_compute: CUDA graph warmup reset
ggml_backend_cuda_graph_compute: CUDA graph warmup reset
ggml_backend_cuda_graph_compute: CUDA graph warmup reset
ggml_backend_cuda_graph_compute: CUDA graph warmup reset
ggml_backend_cuda_graph_compute: CUDA graph warmup reset
ggml_backend_cuda_graph_compute: CUDA graph warmup reset
ggml_backend_cuda_graph_compute: CUDA graph warmup reset
ggml_backend_cuda_graph_compute: CUDA graph warmup reset
ggml_backend_cuda_graph_compute: CUDA graph warmup reset
ggml_backend_cuda_graph_compute: CUDA graph warmup reset
ggml_backend_cuda_graph_compute: CUDA graph warmup reset
ggml_backend_cuda_graph_compute: CUDA graph warmup reset
ggml_backend_cuda_graph_compute: CUDA graph warmup reset
ggml_backend_cuda_graph_compute: CUDA graph warmup reset
ggml_backend_cuda_graph_compute: CUDA graph warmup reset
ggml_backend_cuda_graph_compute: CUDA graph warmup reset
ggml_backend_cuda_graph_compute: CUDA graph warmup reset
ggml_backend_cuda_graph_compute: CUDA graph warmup reset
ggml_backend_cuda_graph_compute: CUDA graph warmup reset
ggml_backend_cuda_graph_compute: CUDA graph warmup reset
ggml_backend_cuda_graph_compute: CUDA graph warmup reset
ggml_backend_cuda_graph_compute: CUDA graph warmup reset
ggml_backend_cuda_graph_compute: CUDA graph warmup reset
ggml_backend_cuda_graph_compute: CUDA graph warmup reset
CUDA Graph id 4937 reused
ggml_backend_cuda_graph_compute: CUDA graph warmup complete
CUDA Graph id 4939 reused
ggml_backend_cuda_graph_compute: CUDA graph warmup complete
CUDA Graph id 4941 reused
ggml_backend_cuda_graph_compute: CUDA graph warmup complete
CUDA Graph id 4943 reused
ggml_backend_cuda_graph_compute: CUDA graph warmup complete
CUDA Graph id 4945 reused
ggml_backend_cuda_graph_compute: CUDA graph warmup complete
CUDA Graph id 4947 reused
ggml_backend_cuda_graph_compute: CUDA graph warmup complete
CUDA Graph id 4949 reused
ggml_backend_cuda_graph_compute: CUDA graph warmup complete
CUDA Graph id 4951 reused
ggml_backend_cuda_graph_compute: CUDA graph warmup complete
CUDA Graph id 4953 reused
ggml_backend_cuda_graph_compute: CUDA graph warmup complete
CUDA Graph id 4955 reused
ggml_backend_cuda_graph_compute: CUDA graph warmup complete
CUDA Graph id 4957 reused
ggml_backend_cuda_graph_compute: CUDA graph warmup complete
CUDA Graph id 4959 reused
ggml_backend_cuda_graph_compute: CUDA graph warmup complete
CUDA Graph id 4961 reused
ggml_backend_cuda_graph_compute: CUDA graph warmup complete
CUDA Graph id 4963 reused
ggml_backend_cuda_graph_compute: CUDA graph warmup complete
CUDA Graph id 4965 reused
ggml_backend_cuda_graph_compute: CUDA graph warmup complete
CUDA Graph id 4967 reused
ggml_backend_cuda_graph_compute: CUDA graph warmup complete
CUDA Graph id 4969 reused
ggml_backend_cuda_graph_compute: CUDA graph warmup complete
CUDA Graph id 4971 reused
ggml_backend_cuda_graph_compute: CUDA graph warmup complete
CUDA Graph id 4973 reused
ggml_backend_cuda_graph_compute: CUDA graph warmup complete
CUDA Graph id 4975 reused
ggml_backend_cuda_graph_compute: CUDA graph warmup complete
CUDA Graph id 4977 reused
ggml_backend_cuda_graph_compute: CUDA graph warmup complete
CUDA Graph id 4979 reused
ggml_backend_cuda_graph_compute: CUDA graph warmup complete
CUDA Graph id 4981 reused
ggml_backend_cuda_graph_compute: CUDA graph warmup complete
CUDA Graph id 4983 reused
ggml_backend_cuda_graph_compute: CUDA graph warmup complete
CUDA Graph id 4985 reused
ggml_backend_cuda_graph_compute: CUDA graph warmup complete
CUDA Graph id 4987 reused
ggml_backend_cuda_graph_compute: CUDA graph warmup complete
CUDA Graph id 4989 reused
ggml_backend_cuda_graph_compute: CUDA graph warmup complete
CUDA Graph id 4991 reused
ggml_backend_cuda_graph_compute: CUDA graph warmup complete
CUDA Graph id 4993 reused
ggml_backend_cuda_graph_compute: CUDA graph warmup complete
CUDA Graph id 4995 reused
ggml_backend_cuda_graph_compute: CUDA graph warmup complete
CUDA Graph id 4997 reused
ggml_backend_cuda_graph_compute: CUDA graph warmup complete
CUDA Graph id 4999 reused
ggml_backend_cuda_graph_compute: CUDA graph warmup complete
CUDA Graph id 5001 reused
ggml_backend_cuda_graph_compute: CUDA graph warmup complete
CUDA Graph id 5003 reused
ggml_backend_cuda_graph_compute: CUDA graph warmup complete
CUDA Graph id 5005 reused
ggml_backend_cuda_graph_compute: CUDA graph warmup complete
CUDA Graph id 5007 reused
ggml_backend_cuda_graph_compute: CUDA graph warmup complete
CUDA Graph id 5009 reused
ggml_backend_cuda_graph_compute: CUDA graph warmup complete
CUDA Graph id 5011 reused
ggml_backend_cuda_graph_compute: CUDA graph warmup complete
CUDA Graph id 5013 reused
ggml_backend_cuda_graph_compute: CUDA graph warmup complete
CUDA Graph id 5015 reused
ggml_backend_cuda_graph_compute: CUDA graph warmup complete
CUDA Graph id 5017 reused
ggml_backend_cuda_graph_compute: CUDA graph warmup complete
CUDA Graph id 5019 reused
ggml_backend_cuda_graph_compute: CUDA graph warmup complete
CUDA Graph id 5021 reused
ggml_backend_cuda_graph_compute: CUDA graph warmup complete
CUDA Graph id 5023 reused
ggml_backend_cuda_graph_compute: CUDA graph warmup complete
CUDA Graph id 5025 reused
ggml_backend_cuda_graph_compute: CUDA graph warmup complete
CUDA Graph id 5027 reused
ggml_backend_cuda_graph_compute: CUDA graph warmup complete
CUDA Graph id 5029 reused
ggml_backend_cuda_graph_compute: CUDA graph warmup complete
CUDA Graph id 5031 reused
ggml_backend_cuda_graph_compute: CUDA graph warmup complete
CUDA Graph id 5033 reused
ggml_backend_cuda_graph_compute: CUDA graph warmup complete
CUDA Graph id 4937 reused
CUDA Graph id 4939 reused
CUDA Graph id 4941 reused
CUDA Graph id 4943 reused
CUDA Graph id 4945 reused
CUDA Graph id 4947 reused
CUDA Graph id 4949 reused
CUDA Graph id 4951 reused
CUDA Graph id 4953 reused
CUDA Graph id 4955 reused
CUDA Graph id 4957 reused
CUDA Graph id 4959 reused
CUDA Graph id 4961 reused
CUDA Graph id 4963 reused
CUDA Graph id 4965 reused
CUDA Graph id 4967 reused
CUDA Graph id 4969 reused
CUDA Graph id 4971 reused
CUDA Graph id 4973 reused
CUDA Graph id 4975 reused
CUDA Graph id 4977 reused
CUDA Graph id 4979 reused
CUDA Graph id 4981 reused
CUDA Graph id 4983 reused
CUDA Graph id 4985 reused
CUDA Graph id 4987 reused
CUDA Graph id 4989 reused
CUDA Graph id 4991 reused
CUDA Graph id 4993 reused
CUDA Graph id 4995 reused
CUDA Graph id 4997 reused
CUDA Graph id 4999 reused
CUDA Graph id 5001 reused
CUDA Graph id 5003 reused
CUDA Graph id 5005 reused
CUDA Graph id 5007 reused
CUDA Graph id 5009 reused
CUDA Graph id 5011 reused
CUDA Graph id 5013 reused
CUDA Graph id 5015 reused
CUDA Graph id 5017 reused
CUDA Graph id 5019 reused
CUDA Graph id 5021 reused
CUDA Graph id 5023 reused
CUDA Graph id 5025 reused
CUDA Graph id 5027 reused
CUDA Graph id 5029 reused
CUDA Graph id 5031 reused
CUDA Graph id 5033 reused
CUDA Graph id 4937 reused
CUDA Graph id 4939 reused
CUDA Graph id 4941 reused
CUDA Graph id 4943 reused
CUDA Graph id 4945 reused
CUDA Graph id 4947 reused
CUDA Graph id 4949 reused
CUDA Graph id 4951 reused
CUDA Graph id 4953 reused
CUDA Graph id 4955 reused
CUDA Graph id 4957 reused
CUDA Graph id 4959 reused
CUDA Graph id 4961 reused
CUDA Graph id 4963 reused
CUDA Graph id 4965 reused
CUDA Graph id 4967 reused
CUDA Graph id 4969 reused
CUDA Graph id 4971 reused
CUDA Graph id 4973 reused
CUDA Graph id 4975 reused
CUDA Graph id 4977 reused
CUDA Graph id 4979 reused
CUDA Graph id 4981 reused
CUDA Graph id 4983 reused
CUDA Graph id 4985 reused
CUDA Graph id 4987 reused
CUDA Graph id 4989 reused
CUDA Graph id 4991 reused
CUDA Graph id 4993 reused
CUDA Graph id 4995 reused
CUDA Graph id 4997 reused
CUDA Graph id 4999 reused
CUDA Graph id 5001 reused
CUDA Graph id 5003 reused
CUDA Graph id 5005 reused
CUDA Graph id 5007 reused
CUDA Graph id 5009 reused
CUDA Graph id 5011 reused
CUDA Graph id 5013 reused
CUDA Graph id 5015 reused
CUDA Graph id 5017 reused
CUDA Graph id 5019 reused
CUDA Graph id 5021 reused
CUDA Graph id 5023 reused
CUDA Graph id 5025 reused
CUDA Graph id 5027 reused
CUDA Graph id 5029 reused
CUDA Graph id 5031 reused
CUDA Graph id 5033 reused
CUDA Graph id 4937 reused
CUDA Graph id 4939 reused
CUDA Graph id 4941 reused
CUDA Graph id 4943 reused
CUDA Graph id 4945 reused
CUDA Graph id 4947 reused
CUDA Graph id 4949 reused
CUDA Graph id 4951 reused
CUDA Graph id 4953 reused
CUDA Graph id 4955 reused
CUDA Graph id 4957 reused
CUDA Graph id 4959 reused
CUDA Graph id 4961 reused
CUDA Graph id 4963 reused
CUDA Graph id 4965 reused
CUDA Graph id 4967 reused
CUDA Graph id 4969 reused
CUDA Graph id 4971 reused
CUDA Graph id 4973 reused
CUDA Graph id 4975 reused
CUDA Graph id 4977 reused
CUDA Graph id 4979 reused
CUDA Graph id 4981 reused
CUDA Graph id 4983 reused
CUDA Graph id 4985 reused
CUDA Graph id 4987 reused
CUDA Graph id 4989 reused
CUDA Graph id 4991 reused
CUDA Graph id 4993 reused
CUDA Graph id 4995 reused
CUDA Graph id 4997 reused
CUDA Graph id 4999 reused
CUDA Graph id 5001 reused
CUDA Graph id 5003 reused
CUDA Graph id 5005 reused
CUDA Graph id 5007 reused
CUDA Graph id 5009 reused
CUDA Graph id 5011 reused
CUDA Graph id 5013 reused
CUDA Graph id 5015 reused
CUDA Graph id 5017 reused
CUDA Graph id 5019 reused
CUDA Graph id 5021 reused
CUDA Graph id 5023 reused
CUDA Graph id 5025 reused
CUDA Graph id 5027 reused
CUDA Graph id 5029 reused
CUDA Graph id 5031 reused
CUDA Graph id 5033 reused
CUDA Graph id 4937 reused
CUDA Graph id 4939 reused
CUDA Graph id 4941 reused
CUDA Graph id 4943 reused
CUDA Graph id 4945 reused
CUDA Graph id 4947 reused
CUDA Graph id 4949 reused
CUDA Graph id 4951 reused
CUDA Graph id 4953 reused
CUDA Graph id 4955 reused
CUDA Graph id 4957 reused
CUDA Graph id 4959 reused
CUDA Graph id 4961 reused
CUDA Graph id 4963 reused
CUDA Graph id 4965 reused
CUDA Graph id 4967 reused
CUDA Graph id 4969 reused
CUDA Graph id 4971 reused
CUDA Graph id 4973 reused
CUDA Graph id 4975 reused
CUDA Graph id 4977 reused
CUDA Graph id 4979 reused
CUDA Graph id 4981 reused
CUDA Graph id 4983 reused
CUDA Graph id 4985 reused
CUDA Graph id 4987 reused
CUDA Graph id 4989 reused
CUDA Graph id 4991 reused
CUDA Graph id 4993 reused
CUDA Graph id 4995 reused
CUDA Graph id 4997 reused
CUDA Graph id 4999 reused
CUDA Graph id 5001 reused
CUDA Graph id 5003 reused
CUDA Graph id 5005 reused
CUDA Graph id 5007 reused
CUDA Graph id 5009 reused
CUDA Graph id 5011 reused
CUDA Graph id 5013 reused
CUDA Graph id 5015 reused
CUDA Graph id 5017 reused
CUDA Graph id 5019 reused
CUDA Graph id 5021 reused
CUDA Graph id 5023 reused
CUDA Graph id 5025 reused
CUDA Graph id 5027 reused
CUDA Graph id 5029 reused
CUDA Graph id 5031 reused
CUDA Graph id 5033 reused
CUDA Graph id 4937 reused
CUDA Graph id 4939 reused
CUDA Graph id 4941 reused
CUDA Graph id 4943 reused
CUDA Graph id 4945 reused
CUDA Graph id 4947 reused
CUDA Graph id 4949 reused
CUDA Graph id 4951 reused
CUDA Graph id 4953 reused
CUDA Graph id 4955 reused
CUDA Graph id 4957 reused
CUDA Graph id 4959 reused
CUDA Graph id 4961 reused
CUDA Graph id 4963 reused
CUDA Graph id 4965 reused
CUDA Graph id 4967 reused
CUDA Graph id 4969 reused
CUDA Graph id 4971 reused
CUDA Graph id 4973 reused
CUDA Graph id 4975 reused
CUDA Graph id 4977 reused
CUDA Graph id 4979 reused
CUDA Graph id 4981 reused
CUDA Graph id 4983 reused
CUDA Graph id 4985 reused
CUDA Graph id 4987 reused
CUDA Graph id 4989 reused
CUDA Graph id 4991 reused
CUDA Graph id 4993 reused
CUDA Graph id 4995 reused
CUDA Graph id 4997 reused
CUDA Graph id 4999 reused
CUDA Graph id 5001 reused
CUDA Graph id 5003 reused
CUDA Graph id 5005 reused
CUDA Graph id 5007 reused
CUDA Graph id 5009 reused
CUDA Graph id 5011 reused
CUDA Graph id 5013 reused
CUDA Graph id 5015 reused
CUDA Graph id 5017 reused
CUDA Graph id 5019 reused
CUDA Graph id 5021 reused
CUDA Graph id 5023 reused
CUDA Graph id 5025 reused
CUDA Graph id 5027 reused
CUDA Graph id 5029 reused
CUDA Graph id 5031 reused
CUDA Graph id 5033 reused
CUDA Graph id 4937 reused
CUDA Graph id 4939 reused
CUDA Graph id 4941 reused
CUDA Graph id 4943 reused
CUDA Graph id 4945 reused
CUDA Graph id 4947 reused
CUDA Graph id 4949 reused
CUDA Graph id 4951 reused
CUDA Graph id 4953 reused
CUDA Graph id 4955 reused
CUDA Graph id 4957 reused
CUDA Graph id 4959 reused
CUDA Graph id 4961 reused
CUDA Graph id 4963 reused
CUDA Graph id 4965 reused
CUDA Graph id 4967 reused
CUDA Graph id 4969 reused
CUDA Graph id 4971 reused
CUDA Graph id 4973 reused
CUDA Graph id 4975 reused
CUDA Graph id 4977 reused
CUDA Graph id 4979 reused
CUDA Graph id 4981 reused
CUDA Graph id 4983 reused
CUDA Graph id 4985 reused
CUDA Graph id 4987 reused
CUDA Graph id 4989 reused
CUDA Graph id 4991 reused
CUDA Graph id 4993 reused
CUDA Graph id 4995 reused
CUDA Graph id 4997 reused
CUDA Graph id 4999 reused
CUDA Graph id 5001 reused
CUDA Graph id 5003 reused
CUDA Graph id 5005 reused
CUDA Graph id 5007 reused
CUDA Graph id 5009 reused
CUDA Graph id 5011 reused
CUDA Graph id 5013 reused
CUDA Graph id 5015 reused
CUDA Graph id 5017 reused
CUDA Graph id 5019 reused
CUDA Graph id 5021 reused
CUDA Graph id 5023 reused
CUDA Graph id 5025 reused
CUDA Graph id 5027 reused
CUDA Graph id 5029 reused
CUDA Graph id 5031 reused
CUDA Graph id 5033 reused
CUDA Graph id 4937 reused
CUDA Graph id 4939 reused
CUDA Graph id 4941 reused
CUDA Graph id 4943 reused
CUDA Graph id 4945 reused
CUDA Graph id 4947 reused
CUDA Graph id 4949 reused
CUDA Graph id 4951 reused
CUDA Graph id 4953 reused
CUDA Graph id 4955 reused
CUDA Graph id 4957 reused
CUDA Graph id 4959 reused
CUDA Graph id 4961 reused
CUDA Graph id 4963 reused
CUDA Graph id 4965 reused
CUDA Graph id 4967 reused
CUDA Graph id 4969 reused
CUDA Graph id 4971 reused
CUDA Graph id 4973 reused
CUDA Graph id 4975 reused
CUDA Graph id 4977 reused
CUDA Graph id 4979 reused
CUDA Graph id 4981 reused
CUDA Graph id 4983 reused
CUDA Graph id 4985 reused
CUDA Graph id 4987 reused
CUDA Graph id 4989 reused
CUDA Graph id 4991 reused
CUDA Graph id 4993 reused
CUDA Graph id 4995 reused
CUDA Graph id 4997 reused
CUDA Graph id 4999 reused
CUDA Graph id 5001 reused
CUDA Graph id 5003 reused
CUDA Graph id 5005 reused
CUDA Graph id 5007 reused
CUDA Graph id 5009 reused
CUDA Graph id 5011 reused
CUDA Graph id 5013 reused
CUDA Graph id 5015 reused
CUDA Graph id 5017 reused
CUDA Graph id 5019 reused
CUDA Graph id 5021 reused
CUDA Graph id 5023 reused
CUDA Graph id 5025 reused
CUDA Graph id 5027 reused
CUDA Graph id 5029 reused
CUDA Graph id 5031 reused
CUDA Graph id 5033 reused
CUDA Graph id 4937 reused
CUDA Graph id 4939 reused
CUDA Graph id 4941 reused
CUDA Graph id 4943 reused
CUDA Graph id 4945 reused
CUDA Graph id 4947 reused
CUDA Graph id 4949 reused
CUDA Graph id 4951 reused
CUDA Graph id 4953 reused
CUDA Graph id 4955 reused
CUDA Graph id 4957 reused
CUDA Graph id 4959 reused
CUDA Graph id 4961 reused
CUDA Graph id 4963 reused
CUDA Graph id 4965 reused
CUDA Graph id 4967 reused
CUDA Graph id 4969 reused
CUDA Graph id 4971 reused
CUDA Graph id 4973 reused
CUDA Graph id 4975 reused
CUDA Graph id 4977 reused
CUDA Graph id 4979 reused
CUDA Graph id 4981 reused
CUDA Graph id 4983 reused
CUDA Graph id 4985 reused
CUDA Graph id 4987 reused
CUDA Graph id 4989 reused
CUDA Graph id 4991 reused
CUDA Graph id 4993 reused
CUDA Graph id 4995 reused
CUDA Graph id 4997 reused
CUDA Graph id 4999 reused
CUDA Graph id 5001 reused
CUDA Graph id 5003 reused
CUDA Graph id 5005 reused
CUDA Graph id 5007 reused
CUDA Graph id 5009 reused
CUDA Graph id 5011 reused
CUDA Graph id 5013 reused
CUDA Graph id 5015 reused
CUDA Graph id 5017 reused
CUDA Graph id 5019 reused
CUDA Graph id 5021 reused
CUDA Graph id 5023 reused
CUDA Graph id 5025 reused
CUDA Graph id 5027 reused
CUDA Graph id 5029 reused
CUDA Graph id 5031 reused
CUDA Graph id 5033 reused
CUDA Graph id 4937 reused
CUDA Graph id 4939 reused
CUDA Graph id 4941 reused
CUDA Graph id 4943 reused
CUDA Graph id 4945 reused
CUDA Graph id 4947 reused
CUDA Graph id 4949 reused
CUDA Graph id 4951 reused
CUDA Graph id 4953 reused
CUDA Graph id 4955 reused
CUDA Graph id 4957 reused
CUDA Graph id 4959 reused
CUDA Graph id 4961 reused
CUDA Graph id 4963 reused
CUDA Graph id 4965 reused
CUDA Graph id 4967 reused
CUDA Graph id 4969 reused
CUDA Graph id 4971 reused
CUDA Graph id 4973 reused
CUDA Graph id 4975 reused
CUDA Graph id 4977 reused
CUDA Graph id 4979 reused
CUDA Graph id 4981 reused
CUDA Graph id 4983 reused
CUDA Graph id 4985 reused
CUDA Graph id 4987 reused
CUDA Graph id 4989 reused
CUDA Graph id 4991 reused
CUDA Graph id 4993 reused
CUDA Graph id 4995 reused
CUDA Graph id 4997 reused
CUDA Graph id 4999 reused
CUDA Graph id 5001 reused
CUDA Graph id 5003 reused
CUDA Graph id 5005 reused
CUDA Graph id 5007 reused
CUDA Graph id 5009 reused
CUDA Graph id 5011 reused
CUDA Graph id 5013 reused
CUDA Graph id 5015 reused
CUDA Graph id 5017 reused
CUDA Graph id 5019 reused
CUDA Graph id 5021 reused
CUDA Graph id 5023 reused
CUDA Graph id 5025 reused
CUDA Graph id 5027 reused
CUDA Graph id 5029 reused
CUDA Graph id 5031 reused
CUDA Graph id 5033 reused
CUDA Graph id 4937 reused
CUDA Graph id 4939 reused
CUDA Graph id 4941 reused
CUDA Graph id 4943 reused
CUDA Graph id 4945 reused
CUDA Graph id 4947 reused
CUDA Graph id 4949 reused
CUDA Graph id 4951 reused
CUDA Graph id 4953 reused
CUDA Graph id 4955 reused
CUDA Graph id 4957 reused
CUDA Graph id 4959 reused
CUDA Graph id 4961 reused
CUDA Graph id 4963 reused
CUDA Graph id 4965 reused
CUDA Graph id 4967 reused
CUDA Graph id 4969 reused
CUDA Graph id 4971 reused
CUDA Graph id 4973 reused
CUDA Graph id 4975 reused
CUDA Graph id 4977 reused
CUDA Graph id 4979 reused
CUDA Graph id 4981 reused
CUDA Graph id 4983 reused
CUDA Graph id 4985 reused
CUDA Graph id 4987 reused
CUDA Graph id 4989 reused
CUDA Graph id 4991 reused
CUDA Graph id 4993 reused
CUDA Graph id 4995 reused
CUDA Graph id 4997 reused
CUDA Graph id 4999 reused
CUDA Graph id 5001 reused
CUDA Graph id 5003 reused
CUDA Graph id 5005 reused
CUDA Graph id 5007 reused
CUDA Graph id 5009 reused
CUDA Graph id 5011 reused
CUDA Graph id 5013 reused
CUDA Graph id 5015 reused
CUDA Graph id 5017 reused
CUDA Graph id 5019 reused
CUDA Graph id 5021 reused
CUDA Graph id 5023 reused
CUDA Graph id 5025 reused
CUDA Graph id 5027 reused
CUDA Graph id 5029 reused
CUDA Graph id 5031 reused
CUDA Graph id 5033 reused
CUDA Graph id 4937 reused
CUDA Graph id 4939 reused
CUDA Graph id 4941 reused
CUDA Graph id 4943 reused
CUDA Graph id 4945 reused
CUDA Graph id 4947 reused
CUDA Graph id 4949 reused
CUDA Graph id 4951 reused
CUDA Graph id 4953 reused
CUDA Graph id 4955 reused
CUDA Graph id 4957 reused
CUDA Graph id 4959 reused
CUDA Graph id 4961 reused
CUDA Graph id 4963 reused
CUDA Graph id 4965 reused
CUDA Graph id 4967 reused
CUDA Graph id 4969 reused
CUDA Graph id 4971 reused
CUDA Graph id 4973 reused
CUDA Graph id 4975 reused
CUDA Graph id 4977 reused
CUDA Graph id 4979 reused
CUDA Graph id 4981 reused
CUDA Graph id 4983 reused
CUDA Graph id 4985 reused
CUDA Graph id 4987 reused
CUDA Graph id 4989 reused
CUDA Graph id 4991 reused
CUDA Graph id 4993 reused
CUDA Graph id 4995 reused
CUDA Graph id 4997 reused
CUDA Graph id 4999 reused
CUDA Graph id 5001 reused
CUDA Graph id 5003 reused
CUDA Graph id 5005 reused
CUDA Graph id 5007 reused
CUDA Graph id 5009 reused
CUDA Graph id 5011 reused
CUDA Graph id 5013 reused
CUDA Graph id 5015 reused
CUDA Graph id 5017 reused
CUDA Graph id 5019 reused
CUDA Graph id 5021 reused
CUDA Graph id 5023 reused
CUDA Graph id 5025 reused
CUDA Graph id 5027 reused
CUDA Graph id 5029 reused
CUDA Graph id 5031 reused
CUDA Graph id 5033 reused
CUDA Graph id 4937 reused
CUDA Graph id 4939 reused
CUDA Graph id 4941 reused
CUDA Graph id 4943 reused
CUDA Graph id 4945 reused
CUDA Graph id 4947 reused
CUDA Graph id 4949 reused
CUDA Graph id 4951 reused
CUDA Graph id 4953 reused
CUDA Graph id 4955 reused
CUDA Graph id 4957 reused
CUDA Graph id 4959 reused
CUDA Graph id 4961 reused
CUDA Graph id 4963 reused
CUDA Graph id 4965 reused
CUDA Graph id 4967 reused
CUDA Graph id 4969 reused
CUDA Graph id 4971 reused
CUDA Graph id 4973 reused
CUDA Graph id 4975 reused
CUDA Graph id 4977 reused
CUDA Graph id 4979 reused
CUDA Graph id 4981 reused
CUDA Graph id 4983 reused
CUDA Graph id 4985 reused
CUDA Graph id 4987 reused
CUDA Graph id 4989 reused
CUDA Graph id 4991 reused
CUDA Graph id 4993 reused
CUDA Graph id 4995 reused
CUDA Graph id 4997 reused
CUDA Graph id 4999 reused
CUDA Graph id 5001 reused
CUDA Graph id 5003 reused
CUDA Graph id 5005 reused
CUDA Graph id 5007 reused
CUDA Graph id 5009 reused
CUDA Graph id 5011 reused
CUDA Graph id 5013 reused
CUDA Graph id 5015 reused
CUDA Graph id 5017 reused
CUDA Graph id 5019 reused
CUDA Graph id 5021 reused
CUDA Graph id 5023 reused
CUDA Graph id 5025 reused
CUDA Graph id 5027 reused
CUDA Graph id 5029 reused
CUDA Graph id 5031 reused
CUDA Graph id 5033 reused
CUDA Graph id 4937 reused
CUDA Graph id 4939 reused
CUDA Graph id 4941 reused
CUDA Graph id 4943 reused
CUDA Graph id 4945 reused
CUDA Graph id 4947 reused
CUDA Graph id 4949 reused
CUDA Graph id 4951 reused
CUDA Graph id 4953 reused
CUDA Graph id 4955 reused
CUDA Graph id 4957 reused
CUDA Graph id 4959 reused
CUDA Graph id 4961 reused
CUDA Graph id 4963 reused
CUDA Graph id 4965 reused
CUDA Graph id 4967 reused
CUDA Graph id 4969 reused
CUDA Graph id 4971 reused
CUDA Graph id 4973 reused
CUDA Graph id 4975 reused
CUDA Graph id 4977 reused
CUDA Graph id 4979 reused
CUDA Graph id 4981 reused
CUDA Graph id 4983 reused
CUDA Graph id 4985 reused
CUDA Graph id 4987 reused
CUDA Graph id 4989 reused
CUDA Graph id 4991 reused
CUDA Graph id 4993 reused
CUDA Graph id 4995 reused
CUDA Graph id 4997 reused
CUDA Graph id 4999 reused
CUDA Graph id 5001 reused
CUDA Graph id 5003 reused
CUDA Graph id 5005 reused
CUDA Graph id 5007 reused
CUDA Graph id 5009 reused
CUDA Graph id 5011 reused
CUDA Graph id 5013 reused
CUDA Graph id 5015 reused
CUDA Graph id 5017 reused
CUDA Graph id 5019 reused
CUDA Graph id 5021 reused
CUDA Graph id 5023 reused
CUDA Graph id 5025 reused
CUDA Graph id 5027 reused
CUDA Graph id 5029 reused
CUDA Graph id 5031 reused
CUDA Graph id 5033 reused
CUDA Graph id 4937 reused
CUDA Graph id 4939 reused
CUDA Graph id 4941 reused
CUDA Graph id 4943 reused
CUDA Graph id 4945 reused
CUDA Graph id 4947 reused
CUDA Graph id 4949 reused
CUDA Graph id 4951 reused
CUDA Graph id 4953 reused
CUDA Graph id 4955 reused
CUDA Graph id 4957 reused
CUDA Graph id 4959 reused
CUDA Graph id 4961 reused
CUDA Graph id 4963 reused
CUDA Graph id 4965 reused
CUDA Graph id 4967 reused
CUDA Graph id 4969 reused
CUDA Graph id 4971 reused
CUDA Graph id 4973 reused
CUDA Graph id 4975 reused
CUDA Graph id 4977 reused
CUDA Graph id 4979 reused
CUDA Graph id 4981 reused
CUDA Graph id 4983 reused
CUDA Graph id 4985 reused
CUDA Graph id 4987 reused
CUDA Graph id 4989 reused
CUDA Graph id 4991 reused
CUDA Graph id 4993 reused
CUDA Graph id 4995 reused
CUDA Graph id 4997 reused
CUDA Graph id 4999 reused
CUDA Graph id 5001 reused
CUDA Graph id 5003 reused
CUDA Graph id 5005 reused
CUDA Graph id 5007 reused
CUDA Graph id 5009 reused
CUDA Graph id 5011 reused
CUDA Graph id 5013 reused
CUDA Graph id 5015 reused
CUDA Graph id 5017 reused
CUDA Graph id 5019 reused
CUDA Graph id 5021 reused
CUDA Graph id 5023 reused
CUDA Graph id 5025 reused
CUDA Graph id 5027 reused
CUDA Graph id 5029 reused
CUDA Graph id 5031 reused
CUDA Graph id 5033 reused
CUDA Graph id 4937 reused
CUDA Graph id 4939 reused
CUDA Graph id 4941 reused
CUDA Graph id 4943 reused
CUDA Graph id 4945 reused
CUDA Graph id 4947 reused
CUDA Graph id 4949 reused
CUDA Graph id 4951 reused
CUDA Graph id 4953 reused
CUDA Graph id 4955 reused
CUDA Graph id 4957 reused
CUDA Graph id 4959 reused
CUDA Graph id 4961 reused
CUDA Graph id 4963 reused
CUDA Graph id 4965 reused
CUDA Graph id 4967 reused
CUDA Graph id 4969 reused
CUDA Graph id 4971 reused
CUDA Graph id 4973 reused
CUDA Graph id 4975 reused
CUDA Graph id 4977 reused
CUDA Graph id 4979 reused
CUDA Graph id 4981 reused
CUDA Graph id 4983 reused
CUDA Graph id 4985 reused
CUDA Graph id 4987 reused
CUDA Graph id 4989 reused
CUDA Graph id 4991 reused
CUDA Graph id 4993 reused
CUDA Graph id 4995 reused
CUDA Graph id 4997 reused
CUDA Graph id 4999 reused
CUDA Graph id 5001 reused
CUDA Graph id 5003 reused
CUDA Graph id 5005 reused
CUDA Graph id 5007 reused
CUDA Graph id 5009 reused
CUDA Graph id 5011 reused
CUDA Graph id 5013 reused
CUDA Graph id 5015 reused
CUDA Graph id 5017 reused
CUDA Graph id 5019 reused
CUDA Graph id 5021 reused
CUDA Graph id 5023 reused
CUDA Graph id 5025 reused
CUDA Graph id 5027 reused
CUDA Graph id 5029 reused
CUDA Graph id 5031 reused
CUDA Graph id 5033 reused
CUDA Graph id 4937 reused
CUDA Graph id 4939 reused
CUDA Graph id 4941 reused
CUDA Graph id 4943 reused
CUDA Graph id 4945 reused
CUDA Graph id 4947 reused
CUDA Graph id 4949 reused
CUDA Graph id 4951 reused
CUDA Graph id 4953 reused
CUDA Graph id 4955 reused
CUDA Graph id 4957 reused
CUDA Graph id 4959 reused
CUDA Graph id 4961 reused
CUDA Graph id 4963 reused
CUDA Graph id 4965 reused
CUDA Graph id 4967 reused
CUDA Graph id 4969 reused
CUDA Graph id 4971 reused
CUDA Graph id 4973 reused
CUDA Graph id 4975 reused
CUDA Graph id 4977 reused
CUDA Graph id 4979 reused
CUDA Graph id 4981 reused
CUDA Graph id 4983 reused
CUDA Graph id 4985 reused
CUDA Graph id 4987 reused
CUDA Graph id 4989 reused
CUDA Graph id 4991 reused
CUDA Graph id 4993 reused
CUDA Graph id 4995 reused
CUDA Graph id 4997 reused
CUDA Graph id 4999 reused
CUDA Graph id 5001 reused
CUDA Graph id 5003 reused
CUDA Graph id 5005 reused
CUDA Graph id 5007 reused
CUDA Graph id 5009 reused
CUDA Graph id 5011 reused
CUDA Graph id 5013 reused
CUDA Graph id 5015 reused
CUDA Graph id 5017 reused
CUDA Graph id 5019 reused
CUDA Graph id 5021 reused
CUDA Graph id 5023 reused
CUDA Graph id 5025 reused
CUDA Graph id 5027 reused
CUDA Graph id 5029 reused
CUDA Graph id 5031 reused
CUDA Graph id 5033 reused
CUDA Graph id 4937 reused
CUDA Graph id 4939 reused
CUDA Graph id 4941 reused
CUDA Graph id 4943 reused
CUDA Graph id 4945 reused
CUDA Graph id 4947 reused
CUDA Graph id 4949 reused
CUDA Graph id 4951 reused
CUDA Graph id 4953 reused
CUDA Graph id 4955 reused
CUDA Graph id 4957 reused
CUDA Graph id 4959 reused
CUDA Graph id 4961 reused
CUDA Graph id 4963 reused
CUDA Graph id 4965 reused
CUDA Graph id 4967 reused
CUDA Graph id 4969 reused
CUDA Graph id 4971 reused
CUDA Graph id 4973 reused
CUDA Graph id 4975 reused
CUDA Graph id 4977 reused
CUDA Graph id 4979 reused
CUDA Graph id 4981 reused
CUDA Graph id 4983 reused
CUDA Graph id 4985 reused
CUDA Graph id 4987 reused
CUDA Graph id 4989 reused
CUDA Graph id 4991 reused
CUDA Graph id 4993 reused
CUDA Graph id 4995 reused
CUDA Graph id 4997 reused
CUDA Graph id 4999 reused
CUDA Graph id 5001 reused
CUDA Graph id 5003 reused
CUDA Graph id 5005 reused
CUDA Graph id 5007 reused
CUDA Graph id 5009 reused
CUDA Graph id 5011 reused
CUDA Graph id 5013 reused
CUDA Graph id 5015 reused
CUDA Graph id 5017 reused
CUDA Graph id 5019 reused
CUDA Graph id 5021 reused
CUDA Graph id 5023 reused
CUDA Graph id 5025 reused
CUDA Graph id 5027 reused
CUDA Graph id 5029 reused
CUDA Graph id 5031 reused
CUDA Graph id 5033 reused
CUDA Graph id 4937 reused
CUDA Graph id 4939 reused
CUDA Graph id 4941 reused
CUDA Graph id 4943 reused
CUDA Graph id 4945 reused
CUDA Graph id 4947 reused
CUDA Graph id 4949 reused
CUDA Graph id 4951 reused
CUDA Graph id 4953 reused
CUDA Graph id 4955 reused
CUDA Graph id 4957 reused
CUDA Graph id 4959 reused
CUDA Graph id 4961 reused
CUDA Graph id 4963 reused
CUDA Graph id 4965 reused
CUDA Graph id 4967 reused
CUDA Graph id 4969 reused
CUDA Graph id 4971 reused
CUDA Graph id 4973 reused
CUDA Graph id 4975 reused
CUDA Graph id 4977 reused
CUDA Graph id 4979 reused
CUDA Graph id 4981 reused
CUDA Graph id 4983 reused
CUDA Graph id 4985 reused
CUDA Graph id 4987 reused
CUDA Graph id 4989 reused
CUDA Graph id 4991 reused
CUDA Graph id 4993 reused
CUDA Graph id 4995 reused
CUDA Graph id 4997 reused
CUDA Graph id 4999 reused
CUDA Graph id 5001 reused
CUDA Graph id 5003 reused
CUDA Graph id 5005 reused
CUDA Graph id 5007 reused
CUDA Graph id 5009 reused
CUDA Graph id 5011 reused
CUDA Graph id 5013 reused
CUDA Graph id 5015 reused
CUDA Graph id 5017 reused
CUDA Graph id 5019 reused
CUDA Graph id 5021 reused
CUDA Graph id 5023 reused
CUDA Graph id 5025 reused
CUDA Graph id 5027 reused
CUDA Graph id 5029 reused
CUDA Graph id 5031 reused
CUDA Graph id 5033 reused
CUDA Graph id 4937 reused
CUDA Graph id 4939 reused
CUDA Graph id 4941 reused
CUDA Graph id 4943 reused
CUDA Graph id 4945 reused
CUDA Graph id 4947 reused
CUDA Graph id 4949 reused
CUDA Graph id 4951 reused
CUDA Graph id 4953 reused
CUDA Graph id 4955 reused
CUDA Graph id 4957 reused
CUDA Graph id 4959 reused
CUDA Graph id 4961 reused
CUDA Graph id 4963 reused
CUDA Graph id 4965 reused
CUDA Graph id 4967 reused
CUDA Graph id 4969 reused
CUDA Graph id 4971 reused
CUDA Graph id 4973 reused
CUDA Graph id 4975 reused
CUDA Graph id 4977 reused
CUDA Graph id 4979 reused
CUDA Graph id 4981 reused
CUDA Graph id 4983 reused
CUDA Graph id 4985 reused
CUDA Graph id 4987 reused
CUDA Graph id 4989 reused
CUDA Graph id 4991 reused
CUDA Graph id 4993 reused
CUDA Graph id 4995 reused
CUDA Graph id 4997 reused
CUDA Graph id 4999 reused
CUDA Graph id 5001 reused
CUDA Graph id 5003 reused
CUDA Graph id 5005 reused
CUDA Graph id 5007 reused
CUDA Graph id 5009 reused
CUDA Graph id 5011 reused
CUDA Graph id 5013 reused
CUDA Graph id 5015 reused
CUDA Graph id 5017 reused
CUDA Graph id 5019 reused
CUDA Graph id 5021 reused
CUDA Graph id 5023 reused
CUDA Graph id 5025 reused
CUDA Graph id 5027 reused
CUDA Graph id 5029 reused
CUDA Graph id 5031 reused
CUDA Graph id 5033 reused
CUDA Graph id 4937 reused
CUDA Graph id 4939 reused
CUDA Graph id 4941 reused
CUDA Graph id 4943 reused
CUDA Graph id 4945 reused
CUDA Graph id 4947 reused
CUDA Graph id 4949 reused
CUDA Graph id 4951 reused
CUDA Graph id 4953 reused
CUDA Graph id 4955 reused
CUDA Graph id 4957 reused
CUDA Graph id 4959 reused
CUDA Graph id 4961 reused
CUDA Graph id 4963 reused
CUDA Graph id 4965 reused
CUDA Graph id 4967 reused
CUDA Graph id 4969 reused
CUDA Graph id 4971 reused
CUDA Graph id 4973 reused
CUDA Graph id 4975 reused
CUDA Graph id 4977 reused
CUDA Graph id 4979 reused
CUDA Graph id 4981 reused
CUDA Graph id 4983 reused
CUDA Graph id 4985 reused
CUDA Graph id 4987 reused
CUDA Graph id 4989 reused
CUDA Graph id 4991 reused
CUDA Graph id 4993 reused
CUDA Graph id 4995 reused
CUDA Graph id 4997 reused
CUDA Graph id 4999 reused
CUDA Graph id 5001 reused
CUDA Graph id 5003 reused
CUDA Graph id 5005 reused
CUDA Graph id 5007 reused
CUDA Graph id 5009 reused
CUDA Graph id 5011 reused
CUDA Graph id 5013 reused
CUDA Graph id 5015 reused
CUDA Graph id 5017 reused
CUDA Graph id 5019 reused
CUDA Graph id 5021 reused
CUDA Graph id 5023 reused
CUDA Graph id 5025 reused
CUDA Graph id 5027 reused
CUDA Graph id 5029 reused
CUDA Graph id 5031 reused
CUDA Graph id 5033 reused
CUDA Graph id 4937 reused
CUDA Graph id 4939 reused
CUDA Graph id 4941 reused
CUDA Graph id 4943 reused
CUDA Graph id 4945 reused
CUDA Graph id 4947 reused
CUDA Graph id 4949 reused
CUDA Graph id 4951 reused
CUDA Graph id 4953 reused
CUDA Graph id 4955 reused
CUDA Graph id 4957 reused
CUDA Graph id 4959 reused
CUDA Graph id 4961 reused
CUDA Graph id 4963 reused
CUDA Graph id 4965 reused
CUDA Graph id 4967 reused
CUDA Graph id 4969 reused
CUDA Graph id 4971 reused
CUDA Graph id 4973 reused
CUDA Graph id 4975 reused
CUDA Graph id 4977 reused
CUDA Graph id 4979 reused
CUDA Graph id 4981 reused
CUDA Graph id 4983 reused
CUDA Graph id 4985 reused
CUDA Graph id 4987 reused
CUDA Graph id 4989 reused
CUDA Graph id 4991 reused
CUDA Graph id 4993 reused
CUDA Graph id 4995 reused
CUDA Graph id 4997 reused
CUDA Graph id 4999 reused
CUDA Graph id 5001 reused
CUDA Graph id 5003 reused
CUDA Graph id 5005 reused
CUDA Graph id 5007 reused
CUDA Graph id 5009 reused
CUDA Graph id 5011 reused
CUDA Graph id 5013 reused
CUDA Graph id 5015 reused
CUDA Graph id 5017 reused
CUDA Graph id 5019 reused
CUDA Graph id 5021 reused
CUDA Graph id 5023 reused
CUDA Graph id 5025 reused
CUDA Graph id 5027 reused
CUDA Graph id 5029 reused
CUDA Graph id 5031 reused
CUDA Graph id 5033 reused
CUDA Graph id 4937 reused
CUDA Graph id 4939 reused
CUDA Graph id 4941 reused
CUDA Graph id 4943 reused
CUDA Graph id 4945 reused
CUDA Graph id 4947 reused
CUDA Graph id 4949 reused
CUDA Graph id 4951 reused
CUDA Graph id 4953 reused
CUDA Graph id 4955 reused
CUDA Graph id 4957 reused
CUDA Graph id 4959 reused
CUDA Graph id 4961 reused
CUDA Graph id 4963 reused
CUDA Graph id 4965 reused
CUDA Graph id 4967 reused
CUDA Graph id 4969 reused
CUDA Graph id 4971 reused
CUDA Graph id 4973 reused
CUDA Graph id 4975 reused
CUDA Graph id 4977 reused
CUDA Graph id 4979 reused
CUDA Graph id 4981 reused
CUDA Graph id 4983 reused
CUDA Graph id 4985 reused
CUDA Graph id 4987 reused
CUDA Graph id 4989 reused
CUDA Graph id 4991 reused
CUDA Graph id 4993 reused
CUDA Graph id 4995 reused
CUDA Graph id 4997 reused
CUDA Graph id 4999 reused
CUDA Graph id 5001 reused
CUDA Graph id 5003 reused
CUDA Graph id 5005 reused
CUDA Graph id 5007 reused
CUDA Graph id 5009 reused
CUDA Graph id 5011 reused
CUDA Graph id 5013 reused
CUDA Graph id 5015 reused
CUDA Graph id 5017 reused
CUDA Graph id 5019 reused
CUDA Graph id 5021 reused
CUDA Graph id 5023 reused
CUDA Graph id 5025 reused
CUDA Graph id 5027 reused
CUDA Graph id 5029 reused
CUDA Graph id 5031 reused
CUDA Graph id 5033 reused
CUDA Graph id 4937 reused
CUDA Graph id 4939 reused
CUDA Graph id 4941 reused
CUDA Graph id 4943 reused
CUDA Graph id 4945 reused
CUDA Graph id 4947 reused
CUDA Graph id 4949 reused
CUDA Graph id 4951 reused
CUDA Graph id 4953 reused
CUDA Graph id 4955 reused
CUDA Graph id 4957 reused
CUDA Graph id 4959 reused
CUDA Graph id 4961 reused
CUDA Graph id 4963 reused
CUDA Graph id 4965 reused
CUDA Graph id 4967 reused
CUDA Graph id 4969 reused
CUDA Graph id 4971 reused
CUDA Graph id 4973 reused
CUDA Graph id 4975 reused
CUDA Graph id 4977 reused
CUDA Graph id 4979 reused
CUDA Graph id 4981 reused
CUDA Graph id 4983 reused
CUDA Graph id 4985 reused
CUDA Graph id 4987 reused
CUDA Graph id 4989 reused
CUDA Graph id 4991 reused
CUDA Graph id 4993 reused
CUDA Graph id 4995 reused
CUDA Graph id 4997 reused
CUDA Graph id 4999 reused
CUDA Graph id 5001 reused
CUDA Graph id 5003 reused
CUDA Graph id 5005 reused
CUDA Graph id 5007 reused
CUDA Graph id 5009 reused
CUDA Graph id 5011 reused
CUDA Graph id 5013 reused
CUDA Graph id 5015 reused
CUDA Graph id 5017 reused
CUDA Graph id 5019 reused
CUDA Graph id 5021 reused
CUDA Graph id 5023 reused
CUDA Graph id 5025 reused
CUDA Graph id 5027 reused
CUDA Graph id 5029 reused
CUDA Graph id 5031 reused
CUDA Graph id 5033 reused
CUDA Graph id 4937 reused
CUDA Graph id 4939 reused
CUDA Graph id 4941 reused
CUDA Graph id 4943 reused
CUDA Graph id 4945 reused
CUDA Graph id 4947 reused
CUDA Graph id 4949 reused
CUDA Graph id 4951 reused
CUDA Graph id 4953 reused
CUDA Graph id 4955 reused
CUDA Graph id 4957 reused
CUDA Graph id 4959 reused
CUDA Graph id 4961 reused
CUDA Graph id 4963 reused
CUDA Graph id 4965 reused
CUDA Graph id 4967 reused
CUDA Graph id 4969 reused
CUDA Graph id 4971 reused
CUDA Graph id 4973 reused
CUDA Graph id 4975 reused
CUDA Graph id 4977 reused
CUDA Graph id 4979 reused
CUDA Graph id 4981 reused
CUDA Graph id 4983 reused
CUDA Graph id 4985 reused
CUDA Graph id 4987 reused
CUDA Graph id 4989 reused
CUDA Graph id 4991 reused
CUDA Graph id 4993 reused
CUDA Graph id 4995 reused
CUDA Graph id 4997 reused
CUDA Graph id 4999 reused
CUDA Graph id 5001 reused
CUDA Graph id 5003 reused
CUDA Graph id 5005 reused
CUDA Graph id 5007 reused
CUDA Graph id 5009 reused
CUDA Graph id 5011 reused
CUDA Graph id 5013 reused
CUDA Graph id 5015 reused
CUDA Graph id 5017 reused
CUDA Graph id 5019 reused
CUDA Graph id 5021 reused
CUDA Graph id 5023 reused
CUDA Graph id 5025 reused
CUDA Graph id 5027 reused
CUDA Graph id 5029 reused
CUDA Graph id 5031 reused
CUDA Graph id 5033 reused
CUDA Graph id 4937 reused
CUDA Graph id 4939 reused
CUDA Graph id 4941 reused
CUDA Graph id 4943 reused
CUDA Graph id 4945 reused
CUDA Graph id 4947 reused
CUDA Graph id 4949 reused
CUDA Graph id 4951 reused
CUDA Graph id 4953 reused
CUDA Graph id 4955 reused
CUDA Graph id 4957 reused
CUDA Graph id 4959 reused
CUDA Graph id 4961 reused
CUDA Graph id 4963 reused
CUDA Graph id 4965 reused
CUDA Graph id 4967 reused
CUDA Graph id 4969 reused
CUDA Graph id 4971 reused
CUDA Graph id 4973 reused
CUDA Graph id 4975 reused
CUDA Graph id 4977 reused
CUDA Graph id 4979 reused
CUDA Graph id 4981 reused
CUDA Graph id 4983 reused
CUDA Graph id 4985 reused
CUDA Graph id 4987 reused
CUDA Graph id 4989 reused
CUDA Graph id 4991 reused
CUDA Graph id 4993 reused
CUDA Graph id 4995 reused
CUDA Graph id 4997 reused
CUDA Graph id 4999 reused
CUDA Graph id 5001 reused
CUDA Graph id 5003 reused
CUDA Graph id 5005 reused
CUDA Graph id 5007 reused
CUDA Graph id 5009 reused
CUDA Graph id 5011 reused
CUDA Graph id 5013 reused
CUDA Graph id 5015 reused
CUDA Graph id 5017 reused
CUDA Graph id 5019 reused
CUDA Graph id 5021 reused
CUDA Graph id 5023 reused
CUDA Graph id 5025 reused
CUDA Graph id 5027 reused
CUDA Graph id 5029 reused
CUDA Graph id 5031 reused
CUDA Graph id 5033 reused
CUDA Graph id 4937 reused
CUDA Graph id 4939 reused
CUDA Graph id 4941 reused
CUDA Graph id 4943 reused
CUDA Graph id 4945 reused
CUDA Graph id 4947 reused
CUDA Graph id 4949 reused
CUDA Graph id 4951 reused
CUDA Graph id 4953 reused
CUDA Graph id 4955 reused
CUDA Graph id 4957 reused
CUDA Graph id 4959 reused
CUDA Graph id 4961 reused
CUDA Graph id 4963 reused
CUDA Graph id 4965 reused
CUDA Graph id 4967 reused
CUDA Graph id 4969 reused
CUDA Graph id 4971 reused
CUDA Graph id 4973 reused
CUDA Graph id 4975 reused
CUDA Graph id 4977 reused
CUDA Graph id 4979 reused
CUDA Graph id 4981 reused
CUDA Graph id 4983 reused
CUDA Graph id 4985 reused
CUDA Graph id 4987 reused
CUDA Graph id 4989 reused
CUDA Graph id 4991 reused
CUDA Graph id 4993 reused
CUDA Graph id 4995 reused
CUDA Graph id 4997 reused
CUDA Graph id 4999 reused
CUDA Graph id 5001 reused
CUDA Graph id 5003 reused
CUDA Graph id 5005 reused
CUDA Graph id 5007 reused
CUDA Graph id 5009 reused
CUDA Graph id 5011 reused
CUDA Graph id 5013 reused
CUDA Graph id 5015 reused
CUDA Graph id 5017 reused
CUDA Graph id 5019 reused
CUDA Graph id 5021 reused
CUDA Graph id 5023 reused
CUDA Graph id 5025 reused
CUDA Graph id 5027 reused
CUDA Graph id 5029 reused
CUDA Graph id 5031 reused
CUDA Graph id 5033 reused
CUDA Graph id 4937 reused
CUDA Graph id 4939 reused
CUDA Graph id 4941 reused
CUDA Graph id 4943 reused
CUDA Graph id 4945 reused
CUDA Graph id 4947 reused
CUDA Graph id 4949 reused
CUDA Graph id 4951 reused
CUDA Graph id 4953 reused
CUDA Graph id 4955 reused
CUDA Graph id 4957 reused
CUDA Graph id 4959 reused
CUDA Graph id 4961 reused
CUDA Graph id 4963 reused
CUDA Graph id 4965 reused
CUDA Graph id 4967 reused
CUDA Graph id 4969 reused
CUDA Graph id 4971 reused
CUDA Graph id 4973 reused
CUDA Graph id 4975 reused
CUDA Graph id 4977 reused
CUDA Graph id 4979 reused
CUDA Graph id 4981 reused
CUDA Graph id 4983 reused
CUDA Graph id 4985 reused
CUDA Graph id 4987 reused
CUDA Graph id 4989 reused
CUDA Graph id 4991 reused
CUDA Graph id 4993 reused
CUDA Graph id 4995 reused
CUDA Graph id 4997 reused
CUDA Graph id 4999 reused
CUDA Graph id 5001 reused
CUDA Graph id 5003 reused
CUDA Graph id 5005 reused
CUDA Graph id 5007 reused
CUDA Graph id 5009 reused
CUDA Graph id 5011 reused
CUDA Graph id 5013 reused
CUDA Graph id 5015 reused
CUDA Graph id 5017 reused
CUDA Graph id 5019 reused
CUDA Graph id 5021 reused
CUDA Graph id 5023 reused
CUDA Graph id 5025 reused
CUDA Graph id 5027 reused
CUDA Graph id 5029 reused
CUDA Graph id 5031 reused
CUDA Graph id 5033 reused
CUDA Graph id 4937 reused
CUDA Graph id 4939 reused
CUDA Graph id 4941 reused
CUDA Graph id 4943 reused
CUDA Graph id 4945 reused
CUDA Graph id 4947 reused
CUDA Graph id 4949 reused
CUDA Graph id 4951 reused
CUDA Graph id 4953 reused
CUDA Graph id 4955 reused
CUDA Graph id 4957 reused
CUDA Graph id 4959 reused
CUDA Graph id 4961 reused
CUDA Graph id 4963 reused
CUDA Graph id 4965 reused
CUDA Graph id 4967 reused
CUDA Graph id 4969 reused
CUDA Graph id 4971 reused
CUDA Graph id 4973 reused
CUDA Graph id 4975 reused
CUDA Graph id 4977 reused
CUDA Graph id 4979 reused
CUDA Graph id 4981 reused
CUDA Graph id 4983 reused
CUDA Graph id 4985 reused
CUDA Graph id 4987 reused
CUDA Graph id 4989 reused
CUDA Graph id 4991 reused
CUDA Graph id 4993 reused
CUDA Graph id 4995 reused
CUDA Graph id 4997 reused
CUDA Graph id 4999 reused
CUDA Graph id 5001 reused
CUDA Graph id 5003 reused
CUDA Graph id 5005 reused
CUDA Graph id 5007 reused
CUDA Graph id 5009 reused
CUDA Graph id 5011 reused
CUDA Graph id 5013 reused
CUDA Graph id 5015 reused
CUDA Graph id 5017 reused
CUDA Graph id 5019 reused
CUDA Graph id 5021 reused
CUDA Graph id 5023 reused
CUDA Graph id 5025 reused
CUDA Graph id 5027 reused
CUDA Graph id 5029 reused
CUDA Graph id 5031 reused
CUDA Graph id 5033 reused
CUDA Graph id 4937 reused
CUDA Graph id 4939 reused
CUDA Graph id 4941 reused
CUDA Graph id 4943 reused
CUDA Graph id 4945 reused
CUDA Graph id 4947 reused
CUDA Graph id 4949 reused
CUDA Graph id 4951 reused
CUDA Graph id 4953 reused
CUDA Graph id 4955 reused
CUDA Graph id 4957 reused
CUDA Graph id 4959 reused
CUDA Graph id 4961 reused
CUDA Graph id 4963 reused
CUDA Graph id 4965 reused
CUDA Graph id 4967 reused
CUDA Graph id 4969 reused
CUDA Graph id 4971 reused
CUDA Graph id 4973 reused
CUDA Graph id 4975 reused
CUDA Graph id 4977 reused
CUDA Graph id 4979 reused
CUDA Graph id 4981 reused
CUDA Graph id 4983 reused
CUDA Graph id 4985 reused
CUDA Graph id 4987 reused
CUDA Graph id 4989 reused
CUDA Graph id 4991 reused
CUDA Graph id 4993 reused
CUDA Graph id 4995 reused
CUDA Graph id 4997 reused
CUDA Graph id 4999 reused
CUDA Graph id 5001 reused
CUDA Graph id 5003 reused
CUDA Graph id 5005 reused
CUDA Graph id 5007 reused
CUDA Graph id 5009 reused
CUDA Graph id 5011 reused
CUDA Graph id 5013 reused
CUDA Graph id 5015 reused
CUDA Graph id 5017 reused
CUDA Graph id 5019 reused
CUDA Graph id 5021 reused
CUDA Graph id 5023 reused
CUDA Graph id 5025 reused
CUDA Graph id 5027 reused
CUDA Graph id 5029 reused
CUDA Graph id 5031 reused
CUDA Graph id 5033 reused
ggml_backend_cuda_graph_compute: CUDA graph warmup reset
ggml_backend_cuda_graph_compute: CUDA graph warmup reset
ggml_backend_cuda_graph_compute: CUDA graph warmup complete
ggml_backend_cuda_graph_compute: CUDA graph warmup reset
CUDA Graph id 5620 reused
ggml_backend_cuda_graph_compute: CUDA graph warmup complete
CUDA Graph id 5622 reused
CUDA Graph id 5624 reused
CUDA Graph id 5626 reused
CUDA Graph id 5628 reused
CUDA Graph id 5630 reused
CUDA Graph id 5632 reused
CUDA Graph id 5634 reused
CUDA Graph id 5636 reused
CUDA Graph id 5638 reused
CUDA Graph id 5640 reused
CUDA Graph id 5642 reused
CUDA Graph id 5644 reused
CUDA Graph id 5646 reused
CUDA Graph id 5648 reused
CUDA Graph id 5650 reused
CUDA Graph id 5652 reused
CUDA Graph id 5654 reused
CUDA Graph id 5656 reused
CUDA Graph id 5658 reused
CUDA Graph id 5660 reused
CUDA Graph id 5662 reused
CUDA Graph id 5664 reused
CUDA Graph id 5666 reused
CUDA Graph id 5668 reused
CUDA Graph id 5670 reused
CUDA Graph id 5672 reused
CUDA Graph id 5674 reused
CUDA Graph id 5676 reused
CUDA Graph id 5678 reused
CUDA Graph id 5680 reused
CUDA Graph id 5682 reused
CUDA Graph id 5684 reused
CUDA Graph id 5686 reused
CUDA Graph id 5688 reused
CUDA Graph id 5690 reused
CUDA Graph id 5692 reused
CUDA Graph id 5694 reused
CUDA Graph id 5696 reused
CUDA Graph id 5698 reused
CUDA Graph id 5700 reused
CUDA Graph id 5702 reused
CUDA Graph id 5704 reused
CUDA Graph id 5706 reused
CUDA Graph id 5708 reused
CUDA Graph id 5710 reused
CUDA Graph id 5712 reused
CUDA Graph id 5714 reused
CUDA Graph id 5716 reused
ggml_backend_cuda_graph_compute: CUDA graph warmup complete
CUDA Graph id 5620 reused
CUDA Graph id 5622 reused
CUDA Graph id 5624 reused
CUDA Graph id 5626 reused
CUDA Graph id 5628 reused
CUDA Graph id 5630 reused
CUDA Graph id 5632 reused
CUDA Graph id 5634 reused
CUDA Graph id 5636 reused
CUDA Graph id 5638 reused
CUDA Graph id 5640 reused
CUDA Graph id 5642 reused
CUDA Graph id 5644 reused
CUDA Graph id 5646 reused
CUDA Graph id 5648 reused
CUDA Graph id 5650 reused
CUDA Graph id 5652 reused
CUDA Graph id 5654 reused
CUDA Graph id 5656 reused
CUDA Graph id 5658 reused
CUDA Graph id 5660 reused
CUDA Graph id 5662 reused
CUDA Graph id 5664 reused
CUDA Graph id 5666 reused
CUDA Graph id 5668 reused
CUDA Graph id 5670 reused
CUDA Graph id 5672 reused
CUDA Graph id 5674 reused
CUDA Graph id 5676 reused
CUDA Graph id 5678 reused
CUDA Graph id 5680 reused
CUDA Graph id 5682 reused
CUDA Graph id 5684 reused
CUDA Graph id 5686 reused
CUDA Graph id 5688 reused
CUDA Graph id 5690 reused
CUDA Graph id 5692 reused
CUDA Graph id 5694 reused
CUDA Graph id 5696 reused
CUDA Graph id 5698 reused
CUDA Graph id 5700 reused
CUDA Graph id 5702 reused
CUDA Graph id 5704 reused
CUDA Graph id 5706 reused
CUDA Graph id 5708 reused
CUDA Graph id 5710 reused
CUDA Graph id 5712 reused
CUDA Graph id 5714 reused
CUDA Graph id 5716 reused
CUDA Graph id 5620 reused
CUDA Graph id 5622 reused
CUDA Graph id 5624 reused
CUDA Graph id 5626 reused
CUDA Graph id 5628 reused
CUDA Graph id 5630 reused
CUDA Graph id 5632 reused
CUDA Graph id 5634 reused
CUDA Graph id 5636 reused
CUDA Graph id 5638 reused
CUDA Graph id 5640 reused
CUDA Graph id 5642 reused
CUDA Graph id 5644 reused
CUDA Graph id 5646 reused
CUDA Graph id 5648 reused
CUDA Graph id 5650 reused
CUDA Graph id 5652 reused
CUDA Graph id 5654 reused
CUDA Graph id 5656 reused
CUDA Graph id 5658 reused
CUDA Graph id 5660 reused
CUDA Graph id 5662 reused
CUDA Graph id 5664 reused
CUDA Graph id 5666 reused
CUDA Graph id 5668 reused
CUDA Graph id 5670 reused
CUDA Graph id 5672 reused
CUDA Graph id 5674 reused
CUDA Graph id 5676 reused
CUDA Graph id 5678 reused
CUDA Graph id 5680 reused
CUDA Graph id 5682 reused
CUDA Graph id 5684 reused
CUDA Graph id 5686 reused
CUDA Graph id 5688 reused
CUDA Graph id 5690 reused
CUDA Graph id 5692 reused
CUDA Graph id 5694 reused
CUDA Graph id 5696 reused
CUDA Graph id 5698 reused
CUDA Graph id 5700 reused
CUDA Graph id 5702 reused
CUDA Graph id 5704 reused
CUDA Graph id 5706 reused
CUDA Graph id 5708 reused
CUDA Graph id 5710 reused
CUDA Graph id 5712 reused
CUDA Graph id 5714 reused
CUDA Graph id 5716 reused
CUDA Graph id 5620 reused
CUDA Graph id 5622 reused
CUDA Graph id 5624 reused
CUDA Graph id 5626 reused
CUDA Graph id 5628 reused
CUDA Graph id 5630 reused
CUDA Graph id 5632 reused
CUDA Graph id 5634 reused
CUDA Graph id 5636 reused
CUDA Graph id 5638 reused
CUDA Graph id 5640 reused
CUDA Graph id 5642 reused
CUDA Graph id 5644 reused
CUDA Graph id 5646 reused
CUDA Graph id 5648 reused
CUDA Graph id 5650 reused
CUDA Graph id 5652 reused
CUDA Graph id 5654 reused
CUDA Graph id 5656 reused
CUDA Graph id 5658 reused
CUDA Graph id 5660 reused
CUDA Graph id 5662 reused
CUDA Graph id 5664 reused
CUDA Graph id 5666 reused
CUDA Graph id 5668 reused
CUDA Graph id 5670 reused
CUDA Graph id 5672 reused
CUDA Graph id 5674 reused
CUDA Graph id 5676 reused
CUDA Graph id 5678 reused
CUDA Graph id 5680 reused
CUDA Graph id 5682 reused
CUDA Graph id 5684 reused
CUDA Graph id 5686 reused
CUDA Graph id 5688 reused
CUDA Graph id 5690 reused
CUDA Graph id 5692 reused
CUDA Graph id 5694 reused
CUDA Graph id 5696 reused
CUDA Graph id 5698 reused
CUDA Graph id 5700 reused
CUDA Graph id 5702 reused
CUDA Graph id 5704 reused
CUDA Graph id 5706 reused
CUDA Graph id 5708 reused
CUDA Graph id 5710 reused
CUDA Graph id 5712 reused
CUDA Graph id 5714 reused
CUDA Graph id 5716 reused
CUDA Graph id 5620 reused
CUDA Graph id 5622 reused
CUDA Graph id 5624 reused
CUDA Graph id 5626 reused
CUDA Graph id 5628 reused
CUDA Graph id 5630 reused
CUDA Graph id 5632 reused
CUDA Graph id 5634 reused
CUDA Graph id 5636 reused
CUDA Graph id 5638 reused
CUDA Graph id 5640 reused
CUDA Graph id 5642 reused
CUDA Graph id 5644 reused
CUDA Graph id 5646 reused
CUDA Graph id 5648 reused
CUDA Graph id 5650 reused
CUDA Graph id 5652 reused
CUDA Graph id 5654 reused
CUDA Graph id 5656 reused
CUDA Graph id 5658 reused
CUDA Graph id 5660 reused
CUDA Graph id 5662 reused
CUDA Graph id 5664 reused
CUDA Graph id 5666 reused
CUDA Graph id 5668 reused
CUDA Graph id 5670 reused
CUDA Graph id 5672 reused
CUDA Graph id 5674 reused
CUDA Graph id 5676 reused
CUDA Graph id 5678 reused
CUDA Graph id 5680 reused
CUDA Graph id 5682 reused
CUDA Graph id 5684 reused
CUDA Graph id 5686 reused
CUDA Graph id 5688 reused
CUDA Graph id 5690 reused
CUDA Graph id 5692 reused
CUDA Graph id 5694 reused
CUDA Graph id 5696 reused
CUDA Graph id 5698 reused
CUDA Graph id 5700 reused
CUDA Graph id 5702 reused
CUDA Graph id 5704 reused
CUDA Graph id 5706 reused
CUDA Graph id 5708 reused
CUDA Graph id 5710 reused
CUDA Graph id 5712 reused
CUDA Graph id 5714 reused
CUDA Graph id 5716 reused
CUDA Graph id 5620 reused
CUDA Graph id 5622 reused
CUDA Graph id 5624 reused
CUDA Graph id 5626 reused
CUDA Graph id 5628 reused
CUDA Graph id 5630 reused
CUDA Graph id 5632 reused
CUDA Graph id 5634 reused
CUDA Graph id 5636 reused
CUDA Graph id 5638 reused
CUDA Graph id 5640 reused
CUDA Graph id 5642 reused
CUDA Graph id 5644 reused
CUDA Graph id 5646 reused
CUDA Graph id 5648 reused
CUDA Graph id 5650 reused
CUDA Graph id 5652 reused
CUDA Graph id 5654 reused
CUDA Graph id 5656 reused
CUDA Graph id 5658 reused
CUDA Graph id 5660 reused
CUDA Graph id 5662 reused
CUDA Graph id 5664 reused
CUDA Graph id 5666 reused
CUDA Graph id 5668 reused
CUDA Graph id 5670 reused
CUDA Graph id 5672 reused
CUDA Graph id 5674 reused
CUDA Graph id 5676 reused
CUDA Graph id 5678 reused
CUDA Graph id 5680 reused
CUDA Graph id 5682 reused
CUDA Graph id 5684 reused
CUDA Graph id 5686 reused
CUDA Graph id 5688 reused
CUDA Graph id 5690 reused
CUDA Graph id 5692 reused
CUDA Graph id 5694 reused
CUDA Graph id 5696 reused
CUDA Graph id 5698 reused
CUDA Graph id 5700 reused
CUDA Graph id 5702 reused
CUDA Graph id 5704 reused
CUDA Graph id 5706 reused
CUDA Graph id 5708 reused
CUDA Graph id 5710 reused
CUDA Graph id 5712 reused
CUDA Graph id 5714 reused
CUDA Graph id 5716 reused
CUDA Graph id 5620 reused
CUDA Graph id 5622 reused
CUDA Graph id 5624 reused
CUDA Graph id 5626 reused
CUDA Graph id 5628 reused
CUDA Graph id 5630 reused
CUDA Graph id 5632 reused
CUDA Graph id 5634 reused
CUDA Graph id 5636 reused
CUDA Graph id 5638 reused
CUDA Graph id 5640 reused
CUDA Graph id 5642 reused
CUDA Graph id 5644 reused
CUDA Graph id 5646 reused
CUDA Graph id 5648 reused
CUDA Graph id 5650 reused
CUDA Graph id 5652 reused
CUDA Graph id 5654 reused
CUDA Graph id 5656 reused
CUDA Graph id 5658 reused
CUDA Graph id 5660 reused
CUDA Graph id 5662 reused
CUDA Graph id 5664 reused
CUDA Graph id 5666 reused
CUDA Graph id 5668 reused
CUDA Graph id 5670 reused
CUDA Graph id 5672 reused
CUDA Graph id 5674 reused
CUDA Graph id 5676 reused
CUDA Graph id 5678 reused
CUDA Graph id 5680 reused
CUDA Graph id 5682 reused
CUDA Graph id 5684 reused
CUDA Graph id 5686 reused
CUDA Graph id 5688 reused
CUDA Graph id 5690 reused
CUDA Graph id 5692 reused
CUDA Graph id 5694 reused
CUDA Graph id 5696 reused
CUDA Graph id 5698 reused
CUDA Graph id 5700 reused
CUDA Graph id 5702 reused
CUDA Graph id 5704 reused
CUDA Graph id 5706 reused
CUDA Graph id 5708 reused
CUDA Graph id 5710 reused
CUDA Graph id 5712 reused
CUDA Graph id 5714 reused
CUDA Graph id 5716 reused
CUDA Graph id 5620 reused
CUDA Graph id 5622 reused
CUDA Graph id 5624 reused
CUDA Graph id 5626 reused
CUDA Graph id 5628 reused
CUDA Graph id 5630 reused
CUDA Graph id 5632 reused
CUDA Graph id 5634 reused
CUDA Graph id 5636 reused
CUDA Graph id 5638 reused
CUDA Graph id 5640 reused
CUDA Graph id 5642 reused
CUDA Graph id 5644 reused
CUDA Graph id 5646 reused
CUDA Graph id 5648 reused
CUDA Graph id 5650 reused
CUDA Graph id 5652 reused
CUDA Graph id 5654 reused
CUDA Graph id 5656 reused
CUDA Graph id 5658 reused
CUDA Graph id 5660 reused
CUDA Graph id 5662 reused
CUDA Graph id 5664 reused
CUDA Graph id 5666 reused
CUDA Graph id 5668 reused
CUDA Graph id 5670 reused
CUDA Graph id 5672 reused
CUDA Graph id 5674 reused
CUDA Graph id 5676 reused
CUDA Graph id 5678 reused
CUDA Graph id 5680 reused
CUDA Graph id 5682 reused
CUDA Graph id 5684 reused
CUDA Graph id 5686 reused
CUDA Graph id 5688 reused
CUDA Graph id 5690 reused
CUDA Graph id 5692 reused
CUDA Graph id 5694 reused
CUDA Graph id 5696 reused
CUDA Graph id 5698 reused
CUDA Graph id 5700 reused
CUDA Graph id 5702 reused
CUDA Graph id 5704 reused
CUDA Graph id 5706 reused
CUDA Graph id 5708 reused
CUDA Graph id 5710 reused
CUDA Graph id 5712 reused
CUDA Graph id 5714 reused
CUDA Graph id 5716 reused
CUDA Graph id 5620 reused
CUDA Graph id 5622 reused
CUDA Graph id 5624 reused
CUDA Graph id 5626 reused
CUDA Graph id 5628 reused
CUDA Graph id 5630 reused
CUDA Graph id 5632 reused
CUDA Graph id 5634 reused
CUDA Graph id 5636 reused
CUDA Graph id 5638 reused
CUDA Graph id 5640 reused
CUDA Graph id 5642 reused
CUDA Graph id 5644 reused
CUDA Graph id 5646 reused
CUDA Graph id 5648 reused
CUDA Graph id 5650 reused
CUDA Graph id 5652 reused
CUDA Graph id 5654 reused
CUDA Graph id 5656 reused
CUDA Graph id 5658 reused
CUDA Graph id 5660 reused
CUDA Graph id 5662 reused
CUDA Graph id 5664 reused
CUDA Graph id 5666 reused
CUDA Graph id 5668 reused
CUDA Graph id 5670 reused
CUDA Graph id 5672 reused
CUDA Graph id 5674 reused
CUDA Graph id 5676 reused
CUDA Graph id 5678 reused
CUDA Graph id 5680 reused
CUDA Graph id 5682 reused
CUDA Graph id 5684 reused
CUDA Graph id 5686 reused
CUDA Graph id 5688 reused
CUDA Graph id 5690 reused
CUDA Graph id 5692 reused
CUDA Graph id 5694 reused
CUDA Graph id 5696 reused
CUDA Graph id 5698 reused
CUDA Graph id 5700 reused
CUDA Graph id 5702 reused
CUDA Graph id 5704 reused
CUDA Graph id 5706 reused
CUDA Graph id 5708 reused
CUDA Graph id 5710 reused
CUDA Graph id 5712 reused
CUDA Graph id 5714 reused
CUDA Graph id 5716 reused
CUDA Graph id 5620 reused
CUDA Graph id 5622 reused
CUDA Graph id 5624 reused
CUDA Graph id 5626 reused
CUDA Graph id 5628 reused
CUDA Graph id 5630 reused
CUDA Graph id 5632 reused
CUDA Graph id 5634 reused
CUDA Graph id 5636 reused
CUDA Graph id 5638 reused
CUDA Graph id 5640 reused
CUDA Graph id 5642 reused
CUDA Graph id 5644 reused
CUDA Graph id 5646 reused
CUDA Graph id 5648 reused
CUDA Graph id 5650 reused
CUDA Graph id 5652 reused
CUDA Graph id 5654 reused
CUDA Graph id 5656 reused
CUDA Graph id 5658 reused
CUDA Graph id 5660 reused
CUDA Graph id 5662 reused
CUDA Graph id 5664 reused
CUDA Graph id 5666 reused
CUDA Graph id 5668 reused
CUDA Graph id 5670 reused
CUDA Graph id 5672 reused
CUDA Graph id 5674 reused
CUDA Graph id 5676 reused
CUDA Graph id 5678 reused
CUDA Graph id 5680 reused
CUDA Graph id 5682 reused
CUDA Graph id 5684 reused
CUDA Graph id 5686 reused
CUDA Graph id 5688 reused
CUDA Graph id 5690 reused
CUDA Graph id 5692 reused
CUDA Graph id 5694 reused
CUDA Graph id 5696 reused
CUDA Graph id 5698 reused
CUDA Graph id 5700 reused
CUDA Graph id 5702 reused
CUDA Graph id 5704 reused
CUDA Graph id 5706 reused
CUDA Graph id 5708 reused
CUDA Graph id 5710 reused
CUDA Graph id 5712 reused
CUDA Graph id 5714 reused
CUDA Graph id 5716 reused
CUDA Graph id 5620 reused
CUDA Graph id 5622 reused
CUDA Graph id 5624 reused
CUDA Graph id 5626 reused
CUDA Graph id 5628 reused
CUDA Graph id 5630 reused
CUDA Graph id 5632 reused
CUDA Graph id 5634 reused
CUDA Graph id 5636 reused
CUDA Graph id 5638 reused
CUDA Graph id 5640 reused
CUDA Graph id 5642 reused
CUDA Graph id 5644 reused
CUDA Graph id 5646 reused
CUDA Graph id 5648 reused
CUDA Graph id 5650 reused
CUDA Graph id 5652 reused
CUDA Graph id 5654 reused
CUDA Graph id 5656 reused
CUDA Graph id 5658 reused
CUDA Graph id 5660 reused
CUDA Graph id 5662 reused
CUDA Graph id 5664 reused
CUDA Graph id 5666 reused
CUDA Graph id 5668 reused
CUDA Graph id 5670 reused
CUDA Graph id 5672 reused
CUDA Graph id 5674 reused
CUDA Graph id 5676 reused
CUDA Graph id 5678 reused
CUDA Graph id 5680 reused
CUDA Graph id 5682 reused
CUDA Graph id 5684 reused
CUDA Graph id 5686 reused
CUDA Graph id 5688 reused
CUDA Graph id 5690 reused
CUDA Graph id 5692 reused
CUDA Graph id 5694 reused
CUDA Graph id 5696 reused
CUDA Graph id 5698 reused
CUDA Graph id 5700 reused
CUDA Graph id 5702 reused
CUDA Graph id 5704 reused
CUDA Graph id 5706 reused
CUDA Graph id 5708 reused
CUDA Graph id 5710 reused
CUDA Graph id 5712 reused
CUDA Graph id 5714 reused
CUDA Graph id 5716 reused
CUDA Graph id 5620 reused
CUDA Graph id 5622 reused
CUDA Graph id 5624 reused
CUDA Graph id 5626 reused
CUDA Graph id 5628 reused
CUDA Graph id 5630 reused
CUDA Graph id 5632 reused
CUDA Graph id 5634 reused
CUDA Graph id 5636 reused
CUDA Graph id 5638 reused
CUDA Graph id 5640 reused
CUDA Graph id 5642 reused
CUDA Graph id 5644 reused
CUDA Graph id 5646 reused
CUDA Graph id 5648 reused
CUDA Graph id 5650 reused
CUDA Graph id 5652 reused
CUDA Graph id 5654 reused
CUDA Graph id 5656 reused
CUDA Graph id 5658 reused
CUDA Graph id 5660 reused
CUDA Graph id 5662 reused
CUDA Graph id 5664 reused
CUDA Graph id 5666 reused
CUDA Graph id 5668 reused
CUDA Graph id 5670 reused
CUDA Graph id 5672 reused
CUDA Graph id 5674 reused
CUDA Graph id 5676 reused
CUDA Graph id 5678 reused
CUDA Graph id 5680 reused
CUDA Graph id 5682 reused
CUDA Graph id 5684 reused
CUDA Graph id 5686 reused
CUDA Graph id 5688 reused
CUDA Graph id 5690 reused
CUDA Graph id 5692 reused
CUDA Graph id 5694 reused
CUDA Graph id 5696 reused
CUDA Graph id 5698 reused
CUDA Graph id 5700 reused
CUDA Graph id 5702 reused
CUDA Graph id 5704 reused
CUDA Graph id 5706 reused
CUDA Graph id 5708 reused
CUDA Graph id 5710 reused
CUDA Graph id 5712 reused
CUDA Graph id 5714 reused
CUDA Graph id 5716 reused
CUDA Graph id 5620 reused
CUDA Graph id 5622 reused
CUDA Graph id 5624 reused
CUDA Graph id 5626 reused
CUDA Graph id 5628 reused
CUDA Graph id 5630 reused
CUDA Graph id 5632 reused
CUDA Graph id 5634 reused
CUDA Graph id 5636 reused
CUDA Graph id 5638 reused
CUDA Graph id 5640 reused
CUDA Graph id 5642 reused
CUDA Graph id 5644 reused
CUDA Graph id 5646 reused
CUDA Graph id 5648 reused
CUDA Graph id 5650 reused
CUDA Graph id 5652 reused
CUDA Graph id 5654 reused
CUDA Graph id 5656 reused
CUDA Graph id 5658 reused
CUDA Graph id 5660 reused
CUDA Graph id 5662 reused
CUDA Graph id 5664 reused
CUDA Graph id 5666 reused
CUDA Graph id 5668 reused
CUDA Graph id 5670 reused
CUDA Graph id 5672 reused
CUDA Graph id 5674 reused
CUDA Graph id 5676 reused
CUDA Graph id 5678 reused
CUDA Graph id 5680 reused
CUDA Graph id 5682 reused
CUDA Graph id 5684 reused
CUDA Graph id 5686 reused
CUDA Graph id 5688 reused
CUDA Graph id 5690 reused
CUDA Graph id 5692 reused
CUDA Graph id 5694 reused
CUDA Graph id 5696 reused
CUDA Graph id 5698 reused
CUDA Graph id 5700 reused
CUDA Graph id 5702 reused
CUDA Graph id 5704 reused
CUDA Graph id 5706 reused
CUDA Graph id 5708 reused
CUDA Graph id 5710 reused
CUDA Graph id 5712 reused
CUDA Graph id 5714 reused
CUDA Graph id 5716 reused
CUDA Graph id 5620 reused
CUDA Graph id 5622 reused
CUDA Graph id 5624 reused
CUDA Graph id 5626 reused
CUDA Graph id 5628 reused
CUDA Graph id 5630 reused
CUDA Graph id 5632 reused
CUDA Graph id 5634 reused
CUDA Graph id 5636 reused
CUDA Graph id 5638 reused
CUDA Graph id 5640 reused
CUDA Graph id 5642 reused
CUDA Graph id 5644 reused
CUDA Graph id 5646 reused
CUDA Graph id 5648 reused
CUDA Graph id 5650 reused
CUDA Graph id 5652 reused
CUDA Graph id 5654 reused
CUDA Graph id 5656 reused
CUDA Graph id 5658 reused
CUDA Graph id 5660 reused
CUDA Graph id 5662 reused
CUDA Graph id 5664 reused
CUDA Graph id 5666 reused
CUDA Graph id 5668 reused
CUDA Graph id 5670 reused
CUDA Graph id 5672 reused
CUDA Graph id 5674 reused
CUDA Graph id 5676 reused
CUDA Graph id 5678 reused
CUDA Graph id 5680 reused
CUDA Graph id 5682 reused
CUDA Graph id 5684 reused
CUDA Graph id 5686 reused
CUDA Graph id 5688 reused
CUDA Graph id 5690 reused
CUDA Graph id 5692 reused
CUDA Graph id 5694 reused
CUDA Graph id 5696 reused
CUDA Graph id 5698 reused
CUDA Graph id 5700 reused
CUDA Graph id 5702 reused
CUDA Graph id 5704 reused
CUDA Graph id 5706 reused
CUDA Graph id 5708 reused
CUDA Graph id 5710 reused
CUDA Graph id 5712 reused
CUDA Graph id 5714 reused
CUDA Graph id 5716 reused
CUDA Graph id 5620 reused
CUDA Graph id 5622 reused
CUDA Graph id 5624 reused
CUDA Graph id 5626 reused
CUDA Graph id 5628 reused
CUDA Graph id 5630 reused
CUDA Graph id 5632 reused
CUDA Graph id 5634 reused
CUDA Graph id 5636 reused
CUDA Graph id 5638 reused
CUDA Graph id 5640 reused
CUDA Graph id 5642 reused
CUDA Graph id 5644 reused
CUDA Graph id 5646 reused
CUDA Graph id 5648 reused
CUDA Graph id 5650 reused
CUDA Graph id 5652 reused
CUDA Graph id 5654 reused
CUDA Graph id 5656 reused
CUDA Graph id 5658 reused
CUDA Graph id 5660 reused
CUDA Graph id 5662 reused
CUDA Graph id 5664 reused
CUDA Graph id 5666 reused
CUDA Graph id 5668 reused
CUDA Graph id 5670 reused
CUDA Graph id 5672 reused
CUDA Graph id 5674 reused
CUDA Graph id 5676 reused
CUDA Graph id 5678 reused
CUDA Graph id 5680 reused
CUDA Graph id 5682 reused
CUDA Graph id 5684 reused
CUDA Graph id 5686 reused
CUDA Graph id 5688 reused
CUDA Graph id 5690 reused
CUDA Graph id 5692 reused
CUDA Graph id 5694 reused
CUDA Graph id 5696 reused
CUDA Graph id 5698 reused
CUDA Graph id 5700 reused
CUDA Graph id 5702 reused
CUDA Graph id 5704 reused
CUDA Graph id 5706 reused
CUDA Graph id 5708 reused
CUDA Graph id 5710 reused
CUDA Graph id 5712 reused
CUDA Graph id 5714 reused
CUDA Graph id 5716 reused
CUDA Graph id 5620 reused
CUDA Graph id 5622 reused
CUDA Graph id 5624 reused
CUDA Graph id 5626 reused
CUDA Graph id 5628 reused
CUDA Graph id 5630 reused
CUDA Graph id 5632 reused
CUDA Graph id 5634 reused
CUDA Graph id 5636 reused
CUDA Graph id 5638 reused
CUDA Graph id 5640 reused
CUDA Graph id 5642 reused
CUDA Graph id 5644 reused
CUDA Graph id 5646 reused
CUDA Graph id 5648 reused
CUDA Graph id 5650 reused
CUDA Graph id 5652 reused
CUDA Graph id 5654 reused
CUDA Graph id 5656 reused
CUDA Graph id 5658 reused
CUDA Graph id 5660 reused
CUDA Graph id 5662 reused
CUDA Graph id 5664 reused
CUDA Graph id 5666 reused
CUDA Graph id 5668 reused
CUDA Graph id 5670 reused
CUDA Graph id 5672 reused
CUDA Graph id 5674 reused
CUDA Graph id 5676 reused
CUDA Graph id 5678 reused
CUDA Graph id 5680 reused
CUDA Graph id 5682 reused
CUDA Graph id 5684 reused
CUDA Graph id 5686 reused
CUDA Graph id 5688 reused
CUDA Graph id 5690 reused
CUDA Graph id 5692 reused
CUDA Graph id 5694 reused
CUDA Graph id 5696 reused
CUDA Graph id 5698 reused
CUDA Graph id 5700 reused
CUDA Graph id 5702 reused
CUDA Graph id 5704 reused
CUDA Graph id 5706 reused
CUDA Graph id 5708 reused
CUDA Graph id 5710 reused
CUDA Graph id 5712 reused
CUDA Graph id 5714 reused
CUDA Graph id 5716 reused
CUDA Graph id 5620 reused
CUDA Graph id 5622 reused
CUDA Graph id 5624 reused
CUDA Graph id 5626 reused
CUDA Graph id 5628 reused
CUDA Graph id 5630 reused
CUDA Graph id 5632 reused
CUDA Graph id 5634 reused
CUDA Graph id 5636 reused
CUDA Graph id 5638 reused
CUDA Graph id 5640 reused
CUDA Graph id 5642 reused
CUDA Graph id 5644 reused
CUDA Graph id 5646 reused
CUDA Graph id 5648 reused
CUDA Graph id 5650 reused
CUDA Graph id 5652 reused
CUDA Graph id 5654 reused
CUDA Graph id 5656 reused
CUDA Graph id 5658 reused
CUDA Graph id 5660 reused
CUDA Graph id 5662 reused
CUDA Graph id 5664 reused
CUDA Graph id 5666 reused
CUDA Graph id 5668 reused
CUDA Graph id 5670 reused
CUDA Graph id 5672 reused
CUDA Graph id 5674 reused
CUDA Graph id 5676 reused
CUDA Graph id 5678 reused
CUDA Graph id 5680 reused
CUDA Graph id 5682 reused
CUDA Graph id 5684 reused
CUDA Graph id 5686 reused
CUDA Graph id 5688 reused
CUDA Graph id 5690 reused
CUDA Graph id 5692 reused
CUDA Graph id 5694 reused
CUDA Graph id 5696 reused
CUDA Graph id 5698 reused
CUDA Graph id 5700 reused
CUDA Graph id 5702 reused
CUDA Graph id 5704 reused
CUDA Graph id 5706 reused
CUDA Graph id 5708 reused
CUDA Graph id 5710 reused
CUDA Graph id 5712 reused
CUDA Graph id 5714 reused
CUDA Graph id 5716 reused
CUDA Graph id 5620 reused
CUDA Graph id 5622 reused
CUDA Graph id 5624 reused
CUDA Graph id 5626 reused
CUDA Graph id 5628 reused
CUDA Graph id 5630 reused
CUDA Graph id 5632 reused
CUDA Graph id 5634 reused
CUDA Graph id 5636 reused
CUDA Graph id 5638 reused
CUDA Graph id 5640 reused
CUDA Graph id 5642 reused
CUDA Graph id 5644 reused
CUDA Graph id 5646 reused
CUDA Graph id 5648 reused
CUDA Graph id 5650 reused
CUDA Graph id 5652 reused
CUDA Graph id 5654 reused
CUDA Graph id 5656 reused
CUDA Graph id 5658 reused
CUDA Graph id 5660 reused
CUDA Graph id 5662 reused
CUDA Graph id 5664 reused
CUDA Graph id 5666 reused
CUDA Graph id 5668 reused
CUDA Graph id 5670 reused
CUDA Graph id 5672 reused
CUDA Graph id 5674 reused
CUDA Graph id 5676 reused
CUDA Graph id 5678 reused
CUDA Graph id 5680 reused
CUDA Graph id 5682 reused
CUDA Graph id 5684 reused
CUDA Graph id 5686 reused
CUDA Graph id 5688 reused
CUDA Graph id 5690 reused
CUDA Graph id 5692 reused
CUDA Graph id 5694 reused
CUDA Graph id 5696 reused
CUDA Graph id 5698 reused
CUDA Graph id 5700 reused
CUDA Graph id 5702 reused
CUDA Graph id 5704 reused
CUDA Graph id 5706 reused
CUDA Graph id 5708 reused
CUDA Graph id 5710 reused
CUDA Graph id 5712 reused
CUDA Graph id 5714 reused
CUDA Graph id 5716 reused
CUDA Graph id 5620 reused
CUDA Graph id 5622 reused
CUDA Graph id 5624 reused
CUDA Graph id 5626 reused
CUDA Graph id 5628 reused
CUDA Graph id 5630 reused
CUDA Graph id 5632 reused
CUDA Graph id 5634 reused
CUDA Graph id 5636 reused
CUDA Graph id 5638 reused
CUDA Graph id 5640 reused
CUDA Graph id 5642 reused
CUDA Graph id 5644 reused
CUDA Graph id 5646 reused
CUDA Graph id 5648 reused
CUDA Graph id 5650 reused
CUDA Graph id 5652 reused
CUDA Graph id 5654 reused
CUDA Graph id 5656 reused
CUDA Graph id 5658 reused
CUDA Graph id 5660 reused
CUDA Graph id 5662 reused
CUDA Graph id 5664 reused
CUDA Graph id 5666 reused
CUDA Graph id 5668 reused
CUDA Graph id 5670 reused
CUDA Graph id 5672 reused
CUDA Graph id 5674 reused
CUDA Graph id 5676 reused
CUDA Graph id 5678 reused
CUDA Graph id 5680 reused
CUDA Graph id 5682 reused
CUDA Graph id 5684 reused
CUDA Graph id 5686 reused
CUDA Graph id 5688 reused
CUDA Graph id 5690 reused
CUDA Graph id 5692 reused
CUDA Graph id 5694 reused
CUDA Graph id 5696 reused
CUDA Graph id 5698 reused
CUDA Graph id 5700 reused
CUDA Graph id 5702 reused
CUDA Graph id 5704 reused
CUDA Graph id 5706 reused
CUDA Graph id 5708 reused
CUDA Graph id 5710 reused
CUDA Graph id 5712 reused
CUDA Graph id 5714 reused
CUDA Graph id 5716 reused
CUDA Graph id 5620 reused
CUDA Graph id 5622 reused
CUDA Graph id 5624 reused
CUDA Graph id 5626 reused
CUDA Graph id 5628 reused
CUDA Graph id 5630 reused
CUDA Graph id 5632 reused
CUDA Graph id 5634 reused
CUDA Graph id 5636 reused
CUDA Graph id 5638 reused
CUDA Graph id 5640 reused
CUDA Graph id 5642 reused
CUDA Graph id 5644 reused
CUDA Graph id 5646 reused
CUDA Graph id 5648 reused
CUDA Graph id 5650 reused
CUDA Graph id 5652 reused
CUDA Graph id 5654 reused
CUDA Graph id 5656 reused
CUDA Graph id 5658 reused
CUDA Graph id 5660 reused
CUDA Graph id 5662 reused
CUDA Graph id 5664 reused
CUDA Graph id 5666 reused
CUDA Graph id 5668 reused
CUDA Graph id 5670 reused
CUDA Graph id 5672 reused
CUDA Graph id 5674 reused
CUDA Graph id 5676 reused
CUDA Graph id 5678 reused
CUDA Graph id 5680 reused
CUDA Graph id 5682 reused
CUDA Graph id 5684 reused
CUDA Graph id 5686 reused
CUDA Graph id 5688 reused
CUDA Graph id 5690 reused
CUDA Graph id 5692 reused
CUDA Graph id 5694 reused
CUDA Graph id 5696 reused
CUDA Graph id 5698 reused
CUDA Graph id 5700 reused
CUDA Graph id 5702 reused
CUDA Graph id 5704 reused
CUDA Graph id 5706 reused
CUDA Graph id 5708 reused
CUDA Graph id 5710 reused
CUDA Graph id 5712 reused
CUDA Graph id 5714 reused
CUDA Graph id 5716 reused
CUDA Graph id 5620 reused
CUDA Graph id 5622 reused
CUDA Graph id 5624 reused
CUDA Graph id 5626 reused
CUDA Graph id 5628 reused
CUDA Graph id 5630 reused
CUDA Graph id 5632 reused
CUDA Graph id 5634 reused
CUDA Graph id 5636 reused
CUDA Graph id 5638 reused
CUDA Graph id 5640 reused
CUDA Graph id 5642 reused
CUDA Graph id 5644 reused
CUDA Graph id 5646 reused
CUDA Graph id 5648 reused
CUDA Graph id 5650 reused
CUDA Graph id 5652 reused
CUDA Graph id 5654 reused
CUDA Graph id 5656 reused
CUDA Graph id 5658 reused
CUDA Graph id 5660 reused
CUDA Graph id 5662 reused
CUDA Graph id 5664 reused
CUDA Graph id 5666 reused
CUDA Graph id 5668 reused
CUDA Graph id 5670 reused
CUDA Graph id 5672 reused
CUDA Graph id 5674 reused
CUDA Graph id 5676 reused
CUDA Graph id 5678 reused
CUDA Graph id 5680 reused
CUDA Graph id 5682 reused
CUDA Graph id 5684 reused
CUDA Graph id 5686 reused
CUDA Graph id 5688 reused
CUDA Graph id 5690 reused
CUDA Graph id 5692 reused
CUDA Graph id 5694 reused
CUDA Graph id 5696 reused
CUDA Graph id 5698 reused
CUDA Graph id 5700 reused
CUDA Graph id 5702 reused
CUDA Graph id 5704 reused
CUDA Graph id 5706 reused
CUDA Graph id 5708 reused
CUDA Graph id 5710 reused
CUDA Graph id 5712 reused
CUDA Graph id 5714 reused
CUDA Graph id 5716 reused
CUDA Graph id 5620 reused
CUDA Graph id 5622 reused
CUDA Graph id 5624 reused
CUDA Graph id 5626 reused
CUDA Graph id 5628 reused
CUDA Graph id 5630 reused
CUDA Graph id 5632 reused
CUDA Graph id 5634 reused
CUDA Graph id 5636 reused
CUDA Graph id 5638 reused
CUDA Graph id 5640 reused
CUDA Graph id 5642 reused
CUDA Graph id 5644 reused
CUDA Graph id 5646 reused
CUDA Graph id 5648 reused
CUDA Graph id 5650 reused
CUDA Graph id 5652 reused
CUDA Graph id 5654 reused
CUDA Graph id 5656 reused
CUDA Graph id 5658 reused
CUDA Graph id 5660 reused
CUDA Graph id 5662 reused
CUDA Graph id 5664 reused
CUDA Graph id 5666 reused
CUDA Graph id 5668 reused
CUDA Graph id 5670 reused
CUDA Graph id 5672 reused
CUDA Graph id 5674 reused
CUDA Graph id 5676 reused
CUDA Graph id 5678 reused
CUDA Graph id 5680 reused
CUDA Graph id 5682 reused
CUDA Graph id 5684 reused
CUDA Graph id 5686 reused
CUDA Graph id 5688 reused
CUDA Graph id 5690 reused
CUDA Graph id 5692 reused
CUDA Graph id 5694 reused
CUDA Graph id 5696 reused
CUDA Graph id 5698 reused
CUDA Graph id 5700 reused
CUDA Graph id 5702 reused
CUDA Graph id 5704 reused
CUDA Graph id 5706 reused
CUDA Graph id 5708 reused
CUDA Graph id 5710 reused
CUDA Graph id 5712 reused
CUDA Graph id 5714 reused
CUDA Graph id 5716 reused
CUDA Graph id 5620 reused
CUDA Graph id 5622 reused
CUDA Graph id 5624 reused
CUDA Graph id 5626 reused
CUDA Graph id 5628 reused
CUDA Graph id 5630 reused
CUDA Graph id 5632 reused
CUDA Graph id 5634 reused
CUDA Graph id 5636 reused
CUDA Graph id 5638 reused
CUDA Graph id 5640 reused
CUDA Graph id 5642 reused
CUDA Graph id 5644 reused
CUDA Graph id 5646 reused
CUDA Graph id 5648 reused
CUDA Graph id 5650 reused
CUDA Graph id 5652 reused
CUDA Graph id 5654 reused
CUDA Graph id 5656 reused
CUDA Graph id 5658 reused
CUDA Graph id 5660 reused
CUDA Graph id 5662 reused
CUDA Graph id 5664 reused
CUDA Graph id 5666 reused
CUDA Graph id 5668 reused
CUDA Graph id 5670 reused
CUDA Graph id 5672 reused
CUDA Graph id 5674 reused
CUDA Graph id 5676 reused
CUDA Graph id 5678 reused
CUDA Graph id 5680 reused
CUDA Graph id 5682 reused
CUDA Graph id 5684 reused
CUDA Graph id 5686 reused
CUDA Graph id 5688 reused
CUDA Graph id 5690 reused
CUDA Graph id 5692 reused
CUDA Graph id 5694 reused
CUDA Graph id 5696 reused
CUDA Graph id 5698 reused
CUDA Graph id 5700 reused
CUDA Graph id 5702 reused
CUDA Graph id 5704 reused
CUDA Graph id 5706 reused
CUDA Graph id 5708 reused
CUDA Graph id 5710 reused
CUDA Graph id 5712 reused
CUDA Graph id 5714 reused
CUDA Graph id 5716 reused
CUDA Graph id 5620 reused
CUDA Graph id 5622 reused
CUDA Graph id 5624 reused
CUDA Graph id 5626 reused
CUDA Graph id 5628 reused
CUDA Graph id 5630 reused
CUDA Graph id 5632 reused
CUDA Graph id 5634 reused
CUDA Graph id 5636 reused
CUDA Graph id 5638 reused
CUDA Graph id 5640 reused
CUDA Graph id 5642 reused
CUDA Graph id 5644 reused
CUDA Graph id 5646 reused
CUDA Graph id 5648 reused
CUDA Graph id 5650 reused
CUDA Graph id 5652 reused
CUDA Graph id 5654 reused
CUDA Graph id 5656 reused
CUDA Graph id 5658 reused
CUDA Graph id 5660 reused
CUDA Graph id 5662 reused
CUDA Graph id 5664 reused
CUDA Graph id 5666 reused
CUDA Graph id 5668 reused
CUDA Graph id 5670 reused
CUDA Graph id 5672 reused
CUDA Graph id 5674 reused
CUDA Graph id 5676 reused
CUDA Graph id 5678 reused
CUDA Graph id 5680 reused
CUDA Graph id 5682 reused
CUDA Graph id 5684 reused
CUDA Graph id 5686 reused
CUDA Graph id 5688 reused
CUDA Graph id 5690 reused
CUDA Graph id 5692 reused
CUDA Graph id 5694 reused
CUDA Graph id 5696 reused
CUDA Graph id 5698 reused
CUDA Graph id 5700 reused
CUDA Graph id 5702 reused
CUDA Graph id 5704 reused
CUDA Graph id 5706 reused
CUDA Graph id 5708 reused
CUDA Graph id 5710 reused
CUDA Graph id 5712 reused
CUDA Graph id 5714 reused
CUDA Graph id 5716 reused
CUDA Graph id 5620 reused
CUDA Graph id 5622 reused
CUDA Graph id 5624 reused
CUDA Graph id 5626 reused
CUDA Graph id 5628 reused
CUDA Graph id 5630 reused
CUDA Graph id 5632 reused
CUDA Graph id 5634 reused
CUDA Graph id 5636 reused
CUDA Graph id 5638 reused
CUDA Graph id 5640 reused
CUDA Graph id 5642 reused
CUDA Graph id 5644 reused
CUDA Graph id 5646 reused
CUDA Graph id 5648 reused
CUDA Graph id 5650 reused
CUDA Graph id 5652 reused
CUDA Graph id 5654 reused
CUDA Graph id 5656 reused
CUDA Graph id 5658 reused
CUDA Graph id 5660 reused
CUDA Graph id 5662 reused
CUDA Graph id 5664 reused
CUDA Graph id 5666 reused
CUDA Graph id 5668 reused
CUDA Graph id 5670 reused
CUDA Graph id 5672 reused
CUDA Graph id 5674 reused
CUDA Graph id 5676 reused
CUDA Graph id 5678 reused
CUDA Graph id 5680 reused
CUDA Graph id 5682 reused
CUDA Graph id 5684 reused
CUDA Graph id 5686 reused
CUDA Graph id 5688 reused
CUDA Graph id 5690 reused
CUDA Graph id 5692 reused
CUDA Graph id 5694 reused
CUDA Graph id 5696 reused
CUDA Graph id 5698 reused
CUDA Graph id 5700 reused
CUDA Graph id 5702 reused
CUDA Graph id 5704 reused
CUDA Graph id 5706 reused
CUDA Graph id 5708 reused
CUDA Graph id 5710 reused
CUDA Graph id 5712 reused
CUDA Graph id 5714 reused
CUDA Graph id 5716 reused
CUDA Graph id 5620 reused
CUDA Graph id 5622 reused
CUDA Graph id 5624 reused
CUDA Graph id 5626 reused
CUDA Graph id 5628 reused
CUDA Graph id 5630 reused
CUDA Graph id 5632 reused
CUDA Graph id 5634 reused
CUDA Graph id 5636 reused
CUDA Graph id 5638 reused
CUDA Graph id 5640 reused
CUDA Graph id 5642 reused
CUDA Graph id 5644 reused
CUDA Graph id 5646 reused
CUDA Graph id 5648 reused
CUDA Graph id 5650 reused
CUDA Graph id 5652 reused
CUDA Graph id 5654 reused
CUDA Graph id 5656 reused
CUDA Graph id 5658 reused
CUDA Graph id 5660 reused
CUDA Graph id 5662 reused
CUDA Graph id 5664 reused
CUDA Graph id 5666 reused
CUDA Graph id 5668 reused
CUDA Graph id 5670 reused
CUDA Graph id 5672 reused
CUDA Graph id 5674 reused
CUDA Graph id 5676 reused
CUDA Graph id 5678 reused
CUDA Graph id 5680 reused
CUDA Graph id 5682 reused
CUDA Graph id 5684 reused
CUDA Graph id 5686 reused
CUDA Graph id 5688 reused
CUDA Graph id 5690 reused
CUDA Graph id 5692 reused
CUDA Graph id 5694 reused
CUDA Graph id 5696 reused
CUDA Graph id 5698 reused
CUDA Graph id 5700 reused
CUDA Graph id 5702 reused
CUDA Graph id 5704 reused
CUDA Graph id 5706 reused
CUDA Graph id 5708 reused
CUDA Graph id 5710 reused
CUDA Graph id 5712 reused
CUDA Graph id 5714 reused
CUDA Graph id 5716 reused
CUDA Graph id 5620 reused
CUDA Graph id 5622 reused
CUDA Graph id 5624 reused
CUDA Graph id 5626 reused
CUDA Graph id 5628 reused
CUDA Graph id 5630 reused
CUDA Graph id 5632 reused
CUDA Graph id 5634 reused
CUDA Graph id 5636 reused
CUDA Graph id 5638 reused
CUDA Graph id 5640 reused
CUDA Graph id 5642 reused
CUDA Graph id 5644 reused
CUDA Graph id 5646 reused
CUDA Graph id 5648 reused
CUDA Graph id 5650 reused
CUDA Graph id 5652 reused
CUDA Graph id 5654 reused
CUDA Graph id 5656 reused
CUDA Graph id 5658 reused
CUDA Graph id 5660 reused
CUDA Graph id 5662 reused
CUDA Graph id 5664 reused
CUDA Graph id 5666 reused
CUDA Graph id 5668 reused
CUDA Graph id 5670 reused
CUDA Graph id 5672 reused
CUDA Graph id 5674 reused
CUDA Graph id 5676 reused
CUDA Graph id 5678 reused
CUDA Graph id 5680 reused
CUDA Graph id 5682 reused
CUDA Graph id 5684 reused
CUDA Graph id 5686 reused
CUDA Graph id 5688 reused
CUDA Graph id 5690 reused
CUDA Graph id 5692 reused
CUDA Graph id 5694 reused
CUDA Graph id 5696 reused
CUDA Graph id 5698 reused
CUDA Graph id 5700 reused
CUDA Graph id 5702 reused
CUDA Graph id 5704 reused
CUDA Graph id 5706 reused
CUDA Graph id 5708 reused
CUDA Graph id 5710 reused
CUDA Graph id 5712 reused
CUDA Graph id 5714 reused
CUDA Graph id 5716 reused
CUDA Graph id 5620 reused
CUDA Graph id 5622 reused
CUDA Graph id 5624 reused
CUDA Graph id 5626 reused
CUDA Graph id 5628 reused
CUDA Graph id 5630 reused
CUDA Graph id 5632 reused
CUDA Graph id 5634 reused
CUDA Graph id 5636 reused
CUDA Graph id 5638 reused
CUDA Graph id 5640 reused
CUDA Graph id 5642 reused
CUDA Graph id 5644 reused
CUDA Graph id 5646 reused
CUDA Graph id 5648 reused
CUDA Graph id 5650 reused
CUDA Graph id 5652 reused
CUDA Graph id 5654 reused
CUDA Graph id 5656 reused
CUDA Graph id 5658 reused
CUDA Graph id 5660 reused
CUDA Graph id 5662 reused
CUDA Graph id 5664 reused
CUDA Graph id 5666 reused
CUDA Graph id 5668 reused
CUDA Graph id 5670 reused
CUDA Graph id 5672 reused
CUDA Graph id 5674 reused
CUDA Graph id 5676 reused
CUDA Graph id 5678 reused
CUDA Graph id 5680 reused
CUDA Graph id 5682 reused
CUDA Graph id 5684 reused
CUDA Graph id 5686 reused
CUDA Graph id 5688 reused
CUDA Graph id 5690 reused
CUDA Graph id 5692 reused
CUDA Graph id 5694 reused
CUDA Graph id 5696 reused
CUDA Graph id 5698 reused
CUDA Graph id 5700 reused
CUDA Graph id 5702 reused
CUDA Graph id 5704 reused
CUDA Graph id 5706 reused
CUDA Graph id 5708 reused
CUDA Graph id 5710 reused
CUDA Graph id 5712 reused
CUDA Graph id 5714 reused
CUDA Graph id 5716 reused
CUDA Graph id 5620 reused
CUDA Graph id 5622 reused
CUDA Graph id 5624 reused
CUDA Graph id 5626 reused
CUDA Graph id 5628 reused
CUDA Graph id 5630 reused
CUDA Graph id 5632 reused
CUDA Graph id 5634 reused
CUDA Graph id 5636 reused
CUDA Graph id 5638 reused
CUDA Graph id 5640 reused
CUDA Graph id 5642 reused
CUDA Graph id 5644 reused
CUDA Graph id 5646 reused
CUDA Graph id 5648 reused
CUDA Graph id 5650 reused
CUDA Graph id 5652 reused
CUDA Graph id 5654 reused
CUDA Graph id 5656 reused
CUDA Graph id 5658 reused
CUDA Graph id 5660 reused
CUDA Graph id 5662 reused
CUDA Graph id 5664 reused
CUDA Graph id 5666 reused
CUDA Graph id 5668 reused
CUDA Graph id 5670 reused
CUDA Graph id 5672 reused
CUDA Graph id 5674 reused
CUDA Graph id 5676 reused
CUDA Graph id 5678 reused
CUDA Graph id 5680 reused
CUDA Graph id 5682 reused
CUDA Graph id 5684 reused
CUDA Graph id 5686 reused
CUDA Graph id 5688 reused
CUDA Graph id 5690 reused
CUDA Graph id 5692 reused
CUDA Graph id 5694 reused
CUDA Graph id 5696 reused
CUDA Graph id 5698 reused
CUDA Graph id 5700 reused
CUDA Graph id 5702 reused
CUDA Graph id 5704 reused
CUDA Graph id 5706 reused
CUDA Graph id 5708 reused
CUDA Graph id 5710 reused
CUDA Graph id 5712 reused
CUDA Graph id 5714 reused
CUDA Graph id 5716 reused
CUDA Graph id 5620 reused
CUDA Graph id 5622 reused
CUDA Graph id 5624 reused
CUDA Graph id 5626 reused
CUDA Graph id 5628 reused
CUDA Graph id 5630 reused
CUDA Graph id 5632 reused
CUDA Graph id 5634 reused
CUDA Graph id 5636 reused
CUDA Graph id 5638 reused
CUDA Graph id 5640 reused
CUDA Graph id 5642 reused
CUDA Graph id 5644 reused
CUDA Graph id 5646 reused
CUDA Graph id 5648 reused
CUDA Graph id 5650 reused
CUDA Graph id 5652 reused
CUDA Graph id 5654 reused
CUDA Graph id 5656 reused
CUDA Graph id 5658 reused
CUDA Graph id 5660 reused
CUDA Graph id 5662 reused
CUDA Graph id 5664 reused
CUDA Graph id 5666 reused
CUDA Graph id 5668 reused
CUDA Graph id 5670 reused
CUDA Graph id 5672 reused
CUDA Graph id 5674 reused
CUDA Graph id 5676 reused
CUDA Graph id 5678 reused
CUDA Graph id 5680 reused
CUDA Graph id 5682 reused
CUDA Graph id 5684 reused
CUDA Graph id 5686 reused
CUDA Graph id 5688 reused
CUDA Graph id 5690 reused
CUDA Graph id 5692 reused
CUDA Graph id 5694 reused
CUDA Graph id 5696 reused
CUDA Graph id 5698 reused
CUDA Graph id 5700 reused
CUDA Graph id 5702 reused
CUDA Graph id 5704 reused
CUDA Graph id 5706 reused
CUDA Graph id 5708 reused
CUDA Graph id 5710 reused
CUDA Graph id 5712 reused
CUDA Graph id 5714 reused
CUDA Graph id 5716 reused
ggml_backend_cuda_graph_compute: CUDA graph warmup reset
ggml_backend_cuda_graph_compute: CUDA graph warmup reset
ggml_backend_cuda_graph_compute: CUDA graph warmup complete
ggml_backend_cuda_graph_compute: CUDA graph warmup reset
CUDA Graph id 6303 reused
ggml_backend_cuda_graph_compute: CUDA graph warmup complete
CUDA Graph id 6305 reused
CUDA Graph id 6307 reused
CUDA Graph id 6309 reused
CUDA Graph id 6311 reused
CUDA Graph id 6313 reused
CUDA Graph id 6315 reused
CUDA Graph id 6317 reused
CUDA Graph id 6319 reused
CUDA Graph id 6321 reused
CUDA Graph id 6323 reused
CUDA Graph id 6325 reused
CUDA Graph id 6327 reused
CUDA Graph id 6329 reused
CUDA Graph id 6331 reused
CUDA Graph id 6333 reused
CUDA Graph id 6335 reused
CUDA Graph id 6337 reused
CUDA Graph id 6339 reused
CUDA Graph id 6341 reused
CUDA Graph id 6343 reused
CUDA Graph id 6345 reused
CUDA Graph id 6347 reused
CUDA Graph id 6349 reused
CUDA Graph id 6351 reused
CUDA Graph id 6353 reused
CUDA Graph id 6355 reused
CUDA Graph id 6357 reused
CUDA Graph id 6359 reused
CUDA Graph id 6361 reused
CUDA Graph id 6363 reused
CUDA Graph id 6365 reused
CUDA Graph id 6367 reused
CUDA Graph id 6369 reused
CUDA Graph id 6371 reused
CUDA Graph id 6373 reused
CUDA Graph id 6375 reused
CUDA Graph id 6377 reused
CUDA Graph id 6379 reused
CUDA Graph id 6381 reused
CUDA Graph id 6383 reused
CUDA Graph id 6385 reused
CUDA Graph id 6387 reused
CUDA Graph id 6389 reused
CUDA Graph id 6391 reused
CUDA Graph id 6393 reused
CUDA Graph id 6395 reused
CUDA Graph id 6397 reused
CUDA Graph id 6399 reused
ggml_backend_cuda_graph_compute: CUDA graph warmup complete
CUDA Graph id 6303 reused
CUDA Graph id 6305 reused
CUDA Graph id 6307 reused
CUDA Graph id 6309 reused
CUDA Graph id 6311 reused
CUDA Graph id 6313 reused
CUDA Graph id 6315 reused
CUDA Graph id 6317 reused
CUDA Graph id 6319 reused
CUDA Graph id 6321 reused
CUDA Graph id 6323 reused
CUDA Graph id 6325 reused
CUDA Graph id 6327 reused
CUDA Graph id 6329 reused
CUDA Graph id 6331 reused
CUDA Graph id 6333 reused
CUDA Graph id 6335 reused
CUDA Graph id 6337 reused
CUDA Graph id 6339 reused
CUDA Graph id 6341 reused
CUDA Graph id 6343 reused
CUDA Graph id 6345 reused
CUDA Graph id 6347 reused
CUDA Graph id 6349 reused
CUDA Graph id 6351 reused
CUDA Graph id 6353 reused
CUDA Graph id 6355 reused
CUDA Graph id 6357 reused
CUDA Graph id 6359 reused
CUDA Graph id 6361 reused
CUDA Graph id 6363 reused
CUDA Graph id 6365 reused
CUDA Graph id 6367 reused
CUDA Graph id 6369 reused
CUDA Graph id 6371 reused
CUDA Graph id 6373 reused
CUDA Graph id 6375 reused
CUDA Graph id 6377 reused
CUDA Graph id 6379 reused
CUDA Graph id 6381 reused
CUDA Graph id 6383 reused
CUDA Graph id 6385 reused
CUDA Graph id 6387 reused
CUDA Graph id 6389 reused
CUDA Graph id 6391 reused
CUDA Graph id 6393 reused
CUDA Graph id 6395 reused
CUDA Graph id 6397 reused
CUDA Graph id 6399 reused
CUDA Graph id 6303 reused
CUDA Graph id 6305 reused
CUDA Graph id 6307 reused
CUDA Graph id 6309 reused
CUDA Graph id 6311 reused
CUDA Graph id 6313 reused
CUDA Graph id 6315 reused
CUDA Graph id 6317 reused
CUDA Graph id 6319 reused
CUDA Graph id 6321 reused
CUDA Graph id 6323 reused
CUDA Graph id 6325 reused
CUDA Graph id 6327 reused
CUDA Graph id 6329 reused
CUDA Graph id 6331 reused
CUDA Graph id 6333 reused
CUDA Graph id 6335 reused
CUDA Graph id 6337 reused
CUDA Graph id 6339 reused
CUDA Graph id 6341 reused
CUDA Graph id 6343 reused
CUDA Graph id 6345 reused
CUDA Graph id 6347 reused
CUDA Graph id 6349 reused
CUDA Graph id 6351 reused
CUDA Graph id 6353 reused
CUDA Graph id 6355 reused
CUDA Graph id 6357 reused
CUDA Graph id 6359 reused
CUDA Graph id 6361 reused
CUDA Graph id 6363 reused
CUDA Graph id 6365 reused
CUDA Graph id 6367 reused
CUDA Graph id 6369 reused
CUDA Graph id 6371 reused
CUDA Graph id 6373 reused
CUDA Graph id 6375 reused
CUDA Graph id 6377 reused
CUDA Graph id 6379 reused
CUDA Graph id 6381 reused
CUDA Graph id 6383 reused
CUDA Graph id 6385 reused
CUDA Graph id 6387 reused
CUDA Graph id 6389 reused
CUDA Graph id 6391 reused
CUDA Graph id 6393 reused
CUDA Graph id 6395 reused
CUDA Graph id 6397 reused
CUDA Graph id 6399 reused
CUDA Graph id 6303 reused
CUDA Graph id 6305 reused
CUDA Graph id 6307 reused
CUDA Graph id 6309 reused
CUDA Graph id 6311 reused
CUDA Graph id 6313 reused
CUDA Graph id 6315 reused
CUDA Graph id 6317 reused
CUDA Graph id 6319 reused
CUDA Graph id 6321 reused
CUDA Graph id 6323 reused
CUDA Graph id 6325 reused
CUDA Graph id 6327 reused
CUDA Graph id 6329 reused
CUDA Graph id 6331 reused
CUDA Graph id 6333 reused
CUDA Graph id 6335 reused
CUDA Graph id 6337 reused
CUDA Graph id 6339 reused
CUDA Graph id 6341 reused
CUDA Graph id 6343 reused
CUDA Graph id 6345 reused
CUDA Graph id 6347 reused
CUDA Graph id 6349 reused
CUDA Graph id 6351 reused
CUDA Graph id 6353 reused
CUDA Graph id 6355 reused
CUDA Graph id 6357 reused
CUDA Graph id 6359 reused
CUDA Graph id 6361 reused
CUDA Graph id 6363 reused
CUDA Graph id 6365 reused
CUDA Graph id 6367 reused
CUDA Graph id 6369 reused
CUDA Graph id 6371 reused
CUDA Graph id 6373 reused
CUDA Graph id 6375 reused
CUDA Graph id 6377 reused
CUDA Graph id 6379 reused
CUDA Graph id 6381 reused
CUDA Graph id 6383 reused
CUDA Graph id 6385 reused
CUDA Graph id 6387 reused
CUDA Graph id 6389 reused
CUDA Graph id 6391 reused
CUDA Graph id 6393 reused
CUDA Graph id 6395 reused
CUDA Graph id 6397 reused
CUDA Graph id 6399 reused
CUDA Graph id 6303 reused
CUDA Graph id 6305 reused
CUDA Graph id 6307 reused
CUDA Graph id 6309 reused
CUDA Graph id 6311 reused
CUDA Graph id 6313 reused
CUDA Graph id 6315 reused
CUDA Graph id 6317 reused
CUDA Graph id 6319 reused
CUDA Graph id 6321 reused
CUDA Graph id 6323 reused
CUDA Graph id 6325 reused
CUDA Graph id 6327 reused
CUDA Graph id 6329 reused
CUDA Graph id 6331 reused
CUDA Graph id 6333 reused
CUDA Graph id 6335 reused
CUDA Graph id 6337 reused
CUDA Graph id 6339 reused
CUDA Graph id 6341 reused
CUDA Graph id 6343 reused
CUDA Graph id 6345 reused
CUDA Graph id 6347 reused
CUDA Graph id 6349 reused
CUDA Graph id 6351 reused
CUDA Graph id 6353 reused
CUDA Graph id 6355 reused
CUDA Graph id 6357 reused
CUDA Graph id 6359 reused
CUDA Graph id 6361 reused
CUDA Graph id 6363 reused
CUDA Graph id 6365 reused
CUDA Graph id 6367 reused
CUDA Graph id 6369 reused
CUDA Graph id 6371 reused
CUDA Graph id 6373 reused
CUDA Graph id 6375 reused
CUDA Graph id 6377 reused
CUDA Graph id 6379 reused
CUDA Graph id 6381 reused
CUDA Graph id 6383 reused
CUDA Graph id 6385 reused
CUDA Graph id 6387 reused
CUDA Graph id 6389 reused
CUDA Graph id 6391 reused
CUDA Graph id 6393 reused
CUDA Graph id 6395 reused
CUDA Graph id 6397 reused
CUDA Graph id 6399 reused
CUDA Graph id 6303 reused
CUDA Graph id 6305 reused
CUDA Graph id 6307 reused
CUDA Graph id 6309 reused
CUDA Graph id 6311 reused
CUDA Graph id 6313 reused
CUDA Graph id 6315 reused
CUDA Graph id 6317 reused
CUDA Graph id 6319 reused
CUDA Graph id 6321 reused
CUDA Graph id 6323 reused
CUDA Graph id 6325 reused
CUDA Graph id 6327 reused
CUDA Graph id 6329 reused
CUDA Graph id 6331 reused
CUDA Graph id 6333 reused
CUDA Graph id 6335 reused
CUDA Graph id 6337 reused
CUDA Graph id 6339 reused
CUDA Graph id 6341 reused
CUDA Graph id 6343 reused
CUDA Graph id 6345 reused
CUDA Graph id 6347 reused
CUDA Graph id 6349 reused
CUDA Graph id 6351 reused
CUDA Graph id 6353 reused
CUDA Graph id 6355 reused
CUDA Graph id 6357 reused
CUDA Graph id 6359 reused
CUDA Graph id 6361 reused
CUDA Graph id 6363 reused
CUDA Graph id 6365 reused
CUDA Graph id 6367 reused
CUDA Graph id 6369 reused
CUDA Graph id 6371 reused
CUDA Graph id 6373 reused
CUDA Graph id 6375 reused
CUDA Graph id 6377 reused
CUDA Graph id 6379 reused
CUDA Graph id 6381 reused
CUDA Graph id 6383 reused
CUDA Graph id 6385 reused
CUDA Graph id 6387 reused
CUDA Graph id 6389 reused
CUDA Graph id 6391 reused
CUDA Graph id 6393 reused
CUDA Graph id 6395 reused
CUDA Graph id 6397 reused
CUDA Graph id 6399 reused
CUDA Graph id 6303 reused
CUDA Graph id 6305 reused
CUDA Graph id 6307 reused
CUDA Graph id 6309 reused
CUDA Graph id 6311 reused
CUDA Graph id 6313 reused
CUDA Graph id 6315 reused
CUDA Graph id 6317 reused
CUDA Graph id 6319 reused
CUDA Graph id 6321 reused
CUDA Graph id 6323 reused
CUDA Graph id 6325 reused
CUDA Graph id 6327 reused
CUDA Graph id 6329 reused
CUDA Graph id 6331 reused
CUDA Graph id 6333 reused
CUDA Graph id 6335 reused
CUDA Graph id 6337 reused
CUDA Graph id 6339 reused
CUDA Graph id 6341 reused
CUDA Graph id 6343 reused
CUDA Graph id 6345 reused
CUDA Graph id 6347 reused
CUDA Graph id 6349 reused
CUDA Graph id 6351 reused
CUDA Graph id 6353 reused
CUDA Graph id 6355 reused
CUDA Graph id 6357 reused
CUDA Graph id 6359 reused
CUDA Graph id 6361 reused
CUDA Graph id 6363 reused
CUDA Graph id 6365 reused
CUDA Graph id 6367 reused
CUDA Graph id 6369 reused
CUDA Graph id 6371 reused
CUDA Graph id 6373 reused
CUDA Graph id 6375 reused
CUDA Graph id 6377 reused
CUDA Graph id 6379 reused
CUDA Graph id 6381 reused
CUDA Graph id 6383 reused
CUDA Graph id 6385 reused
CUDA Graph id 6387 reused
CUDA Graph id 6389 reused
CUDA Graph id 6391 reused
CUDA Graph id 6393 reused
CUDA Graph id 6395 reused
CUDA Graph id 6397 reused
CUDA Graph id 6399 reused
CUDA Graph id 6303 reused
CUDA Graph id 6305 reused
CUDA Graph id 6307 reused
CUDA Graph id 6309 reused
CUDA Graph id 6311 reused
CUDA Graph id 6313 reused
CUDA Graph id 6315 reused
CUDA Graph id 6317 reused
CUDA Graph id 6319 reused
CUDA Graph id 6321 reused
CUDA Graph id 6323 reused
CUDA Graph id 6325 reused
CUDA Graph id 6327 reused
CUDA Graph id 6329 reused
CUDA Graph id 6331 reused
CUDA Graph id 6333 reused
CUDA Graph id 6335 reused
CUDA Graph id 6337 reused
CUDA Graph id 6339 reused
CUDA Graph id 6341 reused
CUDA Graph id 6343 reused
CUDA Graph id 6345 reused
CUDA Graph id 6347 reused
CUDA Graph id 6349 reused
CUDA Graph id 6351 reused
CUDA Graph id 6353 reused
CUDA Graph id 6355 reused
CUDA Graph id 6357 reused
CUDA Graph id 6359 reused
CUDA Graph id 6361 reused
CUDA Graph id 6363 reused
CUDA Graph id 6365 reused
CUDA Graph id 6367 reused
CUDA Graph id 6369 reused
CUDA Graph id 6371 reused
CUDA Graph id 6373 reused
CUDA Graph id 6375 reused
CUDA Graph id 6377 reused
CUDA Graph id 6379 reused
CUDA Graph id 6381 reused
CUDA Graph id 6383 reused
CUDA Graph id 6385 reused
CUDA Graph id 6387 reused
CUDA Graph id 6389 reused
CUDA Graph id 6391 reused
CUDA Graph id 6393 reused
CUDA Graph id 6395 reused
CUDA Graph id 6397 reused
CUDA Graph id 6399 reused
CUDA Graph id 6303 reused
CUDA Graph id 6305 reused
CUDA Graph id 6307 reused
CUDA Graph id 6309 reused
CUDA Graph id 6311 reused
CUDA Graph id 6313 reused
CUDA Graph id 6315 reused
CUDA Graph id 6317 reused
CUDA Graph id 6319 reused
CUDA Graph id 6321 reused
CUDA Graph id 6323 reused
CUDA Graph id 6325 reused
CUDA Graph id 6327 reused
CUDA Graph id 6329 reused
CUDA Graph id 6331 reused
CUDA Graph id 6333 reused
CUDA Graph id 6335 reused
CUDA Graph id 6337 reused
CUDA Graph id 6339 reused
CUDA Graph id 6341 reused
CUDA Graph id 6343 reused
CUDA Graph id 6345 reused
CUDA Graph id 6347 reused
CUDA Graph id 6349 reused
CUDA Graph id 6351 reused
CUDA Graph id 6353 reused
CUDA Graph id 6355 reused
CUDA Graph id 6357 reused
CUDA Graph id 6359 reused
CUDA Graph id 6361 reused
CUDA Graph id 6363 reused
CUDA Graph id 6365 reused
CUDA Graph id 6367 reused
CUDA Graph id 6369 reused
CUDA Graph id 6371 reused
CUDA Graph id 6373 reused
CUDA Graph id 6375 reused
CUDA Graph id 6377 reused
CUDA Graph id 6379 reused
CUDA Graph id 6381 reused
CUDA Graph id 6383 reused
CUDA Graph id 6385 reused
CUDA Graph id 6387 reused
CUDA Graph id 6389 reused
CUDA Graph id 6391 reused
CUDA Graph id 6393 reused
CUDA Graph id 6395 reused
CUDA Graph id 6397 reused
CUDA Graph id 6399 reused
CUDA Graph id 6303 reused
CUDA Graph id 6305 reused
CUDA Graph id 6307 reused
CUDA Graph id 6309 reused
CUDA Graph id 6311 reused
CUDA Graph id 6313 reused
CUDA Graph id 6315 reused
CUDA Graph id 6317 reused
CUDA Graph id 6319 reused
CUDA Graph id 6321 reused
CUDA Graph id 6323 reused
CUDA Graph id 6325 reused
CUDA Graph id 6327 reused
CUDA Graph id 6329 reused
CUDA Graph id 6331 reused
CUDA Graph id 6333 reused
CUDA Graph id 6335 reused
CUDA Graph id 6337 reused
CUDA Graph id 6339 reused
CUDA Graph id 6341 reused
CUDA Graph id 6343 reused
CUDA Graph id 6345 reused
CUDA Graph id 6347 reused
CUDA Graph id 6349 reused
CUDA Graph id 6351 reused
CUDA Graph id 6353 reused
CUDA Graph id 6355 reused
CUDA Graph id 6357 reused
CUDA Graph id 6359 reused
CUDA Graph id 6361 reused
CUDA Graph id 6363 reused
CUDA Graph id 6365 reused
CUDA Graph id 6367 reused
CUDA Graph id 6369 reused
CUDA Graph id 6371 reused
CUDA Graph id 6373 reused
CUDA Graph id 6375 reused
CUDA Graph id 6377 reused
CUDA Graph id 6379 reused
CUDA Graph id 6381 reused
CUDA Graph id 6383 reused
CUDA Graph id 6385 reused
CUDA Graph id 6387 reused
CUDA Graph id 6389 reused
CUDA Graph id 6391 reused
CUDA Graph id 6393 reused
CUDA Graph id 6395 reused
CUDA Graph id 6397 reused
CUDA Graph id 6399 reused
CUDA Graph id 6303 reused
CUDA Graph id 6305 reused
CUDA Graph id 6307 reused
CUDA Graph id 6309 reused
CUDA Graph id 6311 reused
CUDA Graph id 6313 reused
CUDA Graph id 6315 reused
CUDA Graph id 6317 reused
CUDA Graph id 6319 reused
CUDA Graph id 6321 reused
CUDA Graph id 6323 reused
CUDA Graph id 6325 reused
CUDA Graph id 6327 reused
CUDA Graph id 6329 reused
CUDA Graph id 6331 reused
CUDA Graph id 6333 reused
CUDA Graph id 6335 reused
CUDA Graph id 6337 reused
CUDA Graph id 6339 reused
CUDA Graph id 6341 reused
CUDA Graph id 6343 reused
CUDA Graph id 6345 reused
CUDA Graph id 6347 reused
CUDA Graph id 6349 reused
CUDA Graph id 6351 reused
CUDA Graph id 6353 reused
CUDA Graph id 6355 reused
CUDA Graph id 6357 reused
CUDA Graph id 6359 reused
CUDA Graph id 6361 reused
CUDA Graph id 6363 reused
CUDA Graph id 6365 reused
CUDA Graph id 6367 reused
CUDA Graph id 6369 reused
CUDA Graph id 6371 reused
CUDA Graph id 6373 reused
CUDA Graph id 6375 reused
CUDA Graph id 6377 reused
CUDA Graph id 6379 reused
CUDA Graph id 6381 reused
CUDA Graph id 6383 reused
CUDA Graph id 6385 reused
CUDA Graph id 6387 reused
CUDA Graph id 6389 reused
CUDA Graph id 6391 reused
CUDA Graph id 6393 reused
CUDA Graph id 6395 reused
CUDA Graph id 6397 reused
CUDA Graph id 6399 reused
CUDA Graph id 6303 reused
CUDA Graph id 6305 reused
CUDA Graph id 6307 reused
CUDA Graph id 6309 reused
CUDA Graph id 6311 reused
CUDA Graph id 6313 reused
CUDA Graph id 6315 reused
CUDA Graph id 6317 reused
CUDA Graph id 6319 reused
CUDA Graph id 6321 reused
CUDA Graph id 6323 reused
CUDA Graph id 6325 reused
CUDA Graph id 6327 reused
CUDA Graph id 6329 reused
CUDA Graph id 6331 reused
CUDA Graph id 6333 reused
CUDA Graph id 6335 reused
CUDA Graph id 6337 reused
CUDA Graph id 6339 reused
CUDA Graph id 6341 reused
CUDA Graph id 6343 reused
CUDA Graph id 6345 reused
CUDA Graph id 6347 reused
CUDA Graph id 6349 reused
CUDA Graph id 6351 reused
CUDA Graph id 6353 reused
CUDA Graph id 6355 reused
CUDA Graph id 6357 reused
CUDA Graph id 6359 reused
CUDA Graph id 6361 reused
CUDA Graph id 6363 reused
CUDA Graph id 6365 reused
CUDA Graph id 6367 reused
CUDA Graph id 6369 reused
CUDA Graph id 6371 reused
CUDA Graph id 6373 reused
CUDA Graph id 6375 reused
CUDA Graph id 6377 reused
CUDA Graph id 6379 reused
CUDA Graph id 6381 reused
CUDA Graph id 6383 reused
CUDA Graph id 6385 reused
CUDA Graph id 6387 reused
CUDA Graph id 6389 reused
CUDA Graph id 6391 reused
CUDA Graph id 6393 reused
CUDA Graph id 6395 reused
CUDA Graph id 6397 reused
CUDA Graph id 6399 reused
CUDA Graph id 6303 reused
CUDA Graph id 6305 reused
CUDA Graph id 6307 reused
CUDA Graph id 6309 reused
CUDA Graph id 6311 reused
CUDA Graph id 6313 reused
CUDA Graph id 6315 reused
CUDA Graph id 6317 reused
CUDA Graph id 6319 reused
CUDA Graph id 6321 reused
CUDA Graph id 6323 reused
CUDA Graph id 6325 reused
CUDA Graph id 6327 reused
CUDA Graph id 6329 reused
CUDA Graph id 6331 reused
CUDA Graph id 6333 reused
CUDA Graph id 6335 reused
CUDA Graph id 6337 reused
CUDA Graph id 6339 reused
CUDA Graph id 6341 reused
CUDA Graph id 6343 reused
CUDA Graph id 6345 reused
CUDA Graph id 6347 reused
CUDA Graph id 6349 reused
CUDA Graph id 6351 reused
CUDA Graph id 6353 reused
CUDA Graph id 6355 reused
CUDA Graph id 6357 reused
CUDA Graph id 6359 reused
CUDA Graph id 6361 reused
CUDA Graph id 6363 reused
CUDA Graph id 6365 reused
CUDA Graph id 6367 reused
CUDA Graph id 6369 reused
CUDA Graph id 6371 reused
CUDA Graph id 6373 reused
CUDA Graph id 6375 reused
CUDA Graph id 6377 reused
CUDA Graph id 6379 reused
CUDA Graph id 6381 reused
CUDA Graph id 6383 reused
CUDA Graph id 6385 reused
CUDA Graph id 6387 reused
CUDA Graph id 6389 reused
CUDA Graph id 6391 reused
CUDA Graph id 6393 reused
CUDA Graph id 6395 reused
CUDA Graph id 6397 reused
CUDA Graph id 6399 reused
CUDA Graph id 6303 reused
CUDA Graph id 6305 reused
CUDA Graph id 6307 reused
CUDA Graph id 6309 reused
CUDA Graph id 6311 reused
CUDA Graph id 6313 reused
CUDA Graph id 6315 reused
CUDA Graph id 6317 reused
CUDA Graph id 6319 reused
CUDA Graph id 6321 reused
CUDA Graph id 6323 reused
CUDA Graph id 6325 reused
CUDA Graph id 6327 reused
CUDA Graph id 6329 reused
CUDA Graph id 6331 reused
CUDA Graph id 6333 reused
CUDA Graph id 6335 reused
CUDA Graph id 6337 reused
CUDA Graph id 6339 reused
CUDA Graph id 6341 reused
CUDA Graph id 6343 reused
CUDA Graph id 6345 reused
CUDA Graph id 6347 reused
CUDA Graph id 6349 reused
CUDA Graph id 6351 reused
CUDA Graph id 6353 reused
CUDA Graph id 6355 reused
CUDA Graph id 6357 reused
CUDA Graph id 6359 reused
CUDA Graph id 6361 reused
CUDA Graph id 6363 reused
CUDA Graph id 6365 reused
CUDA Graph id 6367 reused
CUDA Graph id 6369 reused
CUDA Graph id 6371 reused
CUDA Graph id 6373 reused
CUDA Graph id 6375 reused
CUDA Graph id 6377 reused
CUDA Graph id 6379 reused
CUDA Graph id 6381 reused
CUDA Graph id 6383 reused
CUDA Graph id 6385 reused
CUDA Graph id 6387 reused
CUDA Graph id 6389 reused
CUDA Graph id 6391 reused
CUDA Graph id 6393 reused
CUDA Graph id 6395 reused
CUDA Graph id 6397 reused
CUDA Graph id 6399 reused
CUDA Graph id 6303 reused
CUDA Graph id 6305 reused
CUDA Graph id 6307 reused
CUDA Graph id 6309 reused
CUDA Graph id 6311 reused
CUDA Graph id 6313 reused
CUDA Graph id 6315 reused
CUDA Graph id 6317 reused
CUDA Graph id 6319 reused
CUDA Graph id 6321 reused
CUDA Graph id 6323 reused
CUDA Graph id 6325 reused
CUDA Graph id 6327 reused
CUDA Graph id 6329 reused
CUDA Graph id 6331 reused
CUDA Graph id 6333 reused
CUDA Graph id 6335 reused
CUDA Graph id 6337 reused
CUDA Graph id 6339 reused
CUDA Graph id 6341 reused
CUDA Graph id 6343 reused
CUDA Graph id 6345 reused
CUDA Graph id 6347 reused
CUDA Graph id 6349 reused
CUDA Graph id 6351 reused
CUDA Graph id 6353 reused
CUDA Graph id 6355 reused
CUDA Graph id 6357 reused
CUDA Graph id 6359 reused
CUDA Graph id 6361 reused
CUDA Graph id 6363 reused
CUDA Graph id 6365 reused
CUDA Graph id 6367 reused
CUDA Graph id 6369 reused
CUDA Graph id 6371 reused
CUDA Graph id 6373 reused
CUDA Graph id 6375 reused
CUDA Graph id 6377 reused
CUDA Graph id 6379 reused
CUDA Graph id 6381 reused
CUDA Graph id 6383 reused
CUDA Graph id 6385 reused
CUDA Graph id 6387 reused
CUDA Graph id 6389 reused
CUDA Graph id 6391 reused
CUDA Graph id 6393 reused
CUDA Graph id 6395 reused
CUDA Graph id 6397 reused
CUDA Graph id 6399 reused
CUDA Graph id 6303 reused
CUDA Graph id 6305 reused
CUDA Graph id 6307 reused
CUDA Graph id 6309 reused
CUDA Graph id 6311 reused
CUDA Graph id 6313 reused
CUDA Graph id 6315 reused
CUDA Graph id 6317 reused
CUDA Graph id 6319 reused
CUDA Graph id 6321 reused
CUDA Graph id 6323 reused
CUDA Graph id 6325 reused
CUDA Graph id 6327 reused
CUDA Graph id 6329 reused
CUDA Graph id 6331 reused
CUDA Graph id 6333 reused
CUDA Graph id 6335 reused
CUDA Graph id 6337 reused
CUDA Graph id 6339 reused
CUDA Graph id 6341 reused
CUDA Graph id 6343 reused
CUDA Graph id 6345 reused
CUDA Graph id 6347 reused
CUDA Graph id 6349 reused
CUDA Graph id 6351 reused
CUDA Graph id 6353 reused
CUDA Graph id 6355 reused
CUDA Graph id 6357 reused
CUDA Graph id 6359 reused
CUDA Graph id 6361 reused
CUDA Graph id 6363 reused
CUDA Graph id 6365 reused
CUDA Graph id 6367 reused
CUDA Graph id 6369 reused
CUDA Graph id 6371 reused
CUDA Graph id 6373 reused
CUDA Graph id 6375 reused
CUDA Graph id 6377 reused
CUDA Graph id 6379 reused
CUDA Graph id 6381 reused
CUDA Graph id 6383 reused
CUDA Graph id 6385 reused
CUDA Graph id 6387 reused
CUDA Graph id 6389 reused
CUDA Graph id 6391 reused
CUDA Graph id 6393 reused
CUDA Graph id 6395 reused
CUDA Graph id 6397 reused
CUDA Graph id 6399 reused
CUDA Graph id 6303 reused
CUDA Graph id 6305 reused
CUDA Graph id 6307 reused
CUDA Graph id 6309 reused
CUDA Graph id 6311 reused
CUDA Graph id 6313 reused
CUDA Graph id 6315 reused
CUDA Graph id 6317 reused
CUDA Graph id 6319 reused
CUDA Graph id 6321 reused
CUDA Graph id 6323 reused
CUDA Graph id 6325 reused
CUDA Graph id 6327 reused
CUDA Graph id 6329 reused
CUDA Graph id 6331 reused
CUDA Graph id 6333 reused
CUDA Graph id 6335 reused
CUDA Graph id 6337 reused
CUDA Graph id 6339 reused
CUDA Graph id 6341 reused
CUDA Graph id 6343 reused
CUDA Graph id 6345 reused
CUDA Graph id 6347 reused
CUDA Graph id 6349 reused
CUDA Graph id 6351 reused
CUDA Graph id 6353 reused
CUDA Graph id 6355 reused
CUDA Graph id 6357 reused
CUDA Graph id 6359 reused
CUDA Graph id 6361 reused
CUDA Graph id 6363 reused
CUDA Graph id 6365 reused
CUDA Graph id 6367 reused
CUDA Graph id 6369 reused
CUDA Graph id 6371 reused
CUDA Graph id 6373 reused
CUDA Graph id 6375 reused
CUDA Graph id 6377 reused
CUDA Graph id 6379 reused
CUDA Graph id 6381 reused
CUDA Graph id 6383 reused
CUDA Graph id 6385 reused
CUDA Graph id 6387 reused
CUDA Graph id 6389 reused
CUDA Graph id 6391 reused
CUDA Graph id 6393 reused
CUDA Graph id 6395 reused
CUDA Graph id 6397 reused
CUDA Graph id 6399 reused
CUDA Graph id 6303 reused
CUDA Graph id 6305 reused
CUDA Graph id 6307 reused
CUDA Graph id 6309 reused
CUDA Graph id 6311 reused
CUDA Graph id 6313 reused
CUDA Graph id 6315 reused
CUDA Graph id 6317 reused
CUDA Graph id 6319 reused
CUDA Graph id 6321 reused
CUDA Graph id 6323 reused
CUDA Graph id 6325 reused
CUDA Graph id 6327 reused
CUDA Graph id 6329 reused
CUDA Graph id 6331 reused
CUDA Graph id 6333 reused
CUDA Graph id 6335 reused
CUDA Graph id 6337 reused
CUDA Graph id 6339 reused
CUDA Graph id 6341 reused
CUDA Graph id 6343 reused
CUDA Graph id 6345 reused
CUDA Graph id 6347 reused
CUDA Graph id 6349 reused
CUDA Graph id 6351 reused
CUDA Graph id 6353 reused
CUDA Graph id 6355 reused
CUDA Graph id 6357 reused
CUDA Graph id 6359 reused
CUDA Graph id 6361 reused
CUDA Graph id 6363 reused
CUDA Graph id 6365 reused
CUDA Graph id 6367 reused
CUDA Graph id 6369 reused
CUDA Graph id 6371 reused
CUDA Graph id 6373 reused
CUDA Graph id 6375 reused
CUDA Graph id 6377 reused
CUDA Graph id 6379 reused
CUDA Graph id 6381 reused
CUDA Graph id 6383 reused
CUDA Graph id 6385 reused
CUDA Graph id 6387 reused
CUDA Graph id 6389 reused
CUDA Graph id 6391 reused
CUDA Graph id 6393 reused
CUDA Graph id 6395 reused
CUDA Graph id 6397 reused
CUDA Graph id 6399 reused
CUDA Graph id 6303 reused
CUDA Graph id 6305 reused
CUDA Graph id 6307 reused
CUDA Graph id 6309 reused
CUDA Graph id 6311 reused
CUDA Graph id 6313 reused
CUDA Graph id 6315 reused
CUDA Graph id 6317 reused
CUDA Graph id 6319 reused
CUDA Graph id 6321 reused
CUDA Graph id 6323 reused
CUDA Graph id 6325 reused
CUDA Graph id 6327 reused
CUDA Graph id 6329 reused
CUDA Graph id 6331 reused
CUDA Graph id 6333 reused
CUDA Graph id 6335 reused
CUDA Graph id 6337 reused
CUDA Graph id 6339 reused
CUDA Graph id 6341 reused
CUDA Graph id 6343 reused
CUDA Graph id 6345 reused
CUDA Graph id 6347 reused
CUDA Graph id 6349 reused
CUDA Graph id 6351 reused
CUDA Graph id 6353 reused
CUDA Graph id 6355 reused
CUDA Graph id 6357 reused
CUDA Graph id 6359 reused
CUDA Graph id 6361 reused
CUDA Graph id 6363 reused
CUDA Graph id 6365 reused
CUDA Graph id 6367 reused
CUDA Graph id 6369 reused
CUDA Graph id 6371 reused
CUDA Graph id 6373 reused
CUDA Graph id 6375 reused
CUDA Graph id 6377 reused
CUDA Graph id 6379 reused
CUDA Graph id 6381 reused
CUDA Graph id 6383 reused
CUDA Graph id 6385 reused
CUDA Graph id 6387 reused
CUDA Graph id 6389 reused
CUDA Graph id 6391 reused
CUDA Graph id 6393 reused
CUDA Graph id 6395 reused
CUDA Graph id 6397 reused
CUDA Graph id 6399 reused
CUDA Graph id 6303 reused
CUDA Graph id 6305 reused
CUDA Graph id 6307 reused
CUDA Graph id 6309 reused
CUDA Graph id 6311 reused
CUDA Graph id 6313 reused
CUDA Graph id 6315 reused
CUDA Graph id 6317 reused
CUDA Graph id 6319 reused
CUDA Graph id 6321 reused
CUDA Graph id 6323 reused
CUDA Graph id 6325 reused
CUDA Graph id 6327 reused
CUDA Graph id 6329 reused
CUDA Graph id 6331 reused
CUDA Graph id 6333 reused
CUDA Graph id 6335 reused
CUDA Graph id 6337 reused
CUDA Graph id 6339 reused
CUDA Graph id 6341 reused
CUDA Graph id 6343 reused
CUDA Graph id 6345 reused
CUDA Graph id 6347 reused
CUDA Graph id 6349 reused
CUDA Graph id 6351 reused
CUDA Graph id 6353 reused
CUDA Graph id 6355 reused
CUDA Graph id 6357 reused
CUDA Graph id 6359 reused
CUDA Graph id 6361 reused
CUDA Graph id 6363 reused
CUDA Graph id 6365 reused
CUDA Graph id 6367 reused
CUDA Graph id 6369 reused
CUDA Graph id 6371 reused
CUDA Graph id 6373 reused
CUDA Graph id 6375 reused
CUDA Graph id 6377 reused
CUDA Graph id 6379 reused
CUDA Graph id 6381 reused
CUDA Graph id 6383 reused
CUDA Graph id 6385 reused
CUDA Graph id 6387 reused
CUDA Graph id 6389 reused
CUDA Graph id 6391 reused
CUDA Graph id 6393 reused
CUDA Graph id 6395 reused
CUDA Graph id 6397 reused
CUDA Graph id 6399 reused
CUDA Graph id 6303 reused
CUDA Graph id 6305 reused
CUDA Graph id 6307 reused
CUDA Graph id 6309 reused
CUDA Graph id 6311 reused
CUDA Graph id 6313 reused
CUDA Graph id 6315 reused
CUDA Graph id 6317 reused
CUDA Graph id 6319 reused
CUDA Graph id 6321 reused
CUDA Graph id 6323 reused
CUDA Graph id 6325 reused
CUDA Graph id 6327 reused
CUDA Graph id 6329 reused
CUDA Graph id 6331 reused
CUDA Graph id 6333 reused
CUDA Graph id 6335 reused
CUDA Graph id 6337 reused
CUDA Graph id 6339 reused
CUDA Graph id 6341 reused
CUDA Graph id 6343 reused
CUDA Graph id 6345 reused
CUDA Graph id 6347 reused
CUDA Graph id 6349 reused
CUDA Graph id 6351 reused
CUDA Graph id 6353 reused
CUDA Graph id 6355 reused
CUDA Graph id 6357 reused
CUDA Graph id 6359 reused
CUDA Graph id 6361 reused
CUDA Graph id 6363 reused
CUDA Graph id 6365 reused
CUDA Graph id 6367 reused
CUDA Graph id 6369 reused
CUDA Graph id 6371 reused
CUDA Graph id 6373 reused
CUDA Graph id 6375 reused
CUDA Graph id 6377 reused
CUDA Graph id 6379 reused
CUDA Graph id 6381 reused
CUDA Graph id 6383 reused
CUDA Graph id 6385 reused
CUDA Graph id 6387 reused
CUDA Graph id 6389 reused
CUDA Graph id 6391 reused
CUDA Graph id 6393 reused
CUDA Graph id 6395 reused
CUDA Graph id 6397 reused
CUDA Graph id 6399 reused
CUDA Graph id 6303 reused
CUDA Graph id 6305 reused
CUDA Graph id 6307 reused
CUDA Graph id 6309 reused
CUDA Graph id 6311 reused
CUDA Graph id 6313 reused
CUDA Graph id 6315 reused
CUDA Graph id 6317 reused
CUDA Graph id 6319 reused
CUDA Graph id 6321 reused
CUDA Graph id 6323 reused
CUDA Graph id 6325 reused
CUDA Graph id 6327 reused
CUDA Graph id 6329 reused
CUDA Graph id 6331 reused
CUDA Graph id 6333 reused
CUDA Graph id 6335 reused
CUDA Graph id 6337 reused
CUDA Graph id 6339 reused
CUDA Graph id 6341 reused
CUDA Graph id 6343 reused
CUDA Graph id 6345 reused
CUDA Graph id 6347 reused
CUDA Graph id 6349 reused
CUDA Graph id 6351 reused
CUDA Graph id 6353 reused
CUDA Graph id 6355 reused
CUDA Graph id 6357 reused
CUDA Graph id 6359 reused
CUDA Graph id 6361 reused
CUDA Graph id 6363 reused
CUDA Graph id 6365 reused
CUDA Graph id 6367 reused
CUDA Graph id 6369 reused
CUDA Graph id 6371 reused
CUDA Graph id 6373 reused
CUDA Graph id 6375 reused
CUDA Graph id 6377 reused
CUDA Graph id 6379 reused
CUDA Graph id 6381 reused
CUDA Graph id 6383 reused
CUDA Graph id 6385 reused
CUDA Graph id 6387 reused
CUDA Graph id 6389 reused
CUDA Graph id 6391 reused
CUDA Graph id 6393 reused
CUDA Graph id 6395 reused
CUDA Graph id 6397 reused
CUDA Graph id 6399 reused
CUDA Graph id 6303 reused
CUDA Graph id 6305 reused
CUDA Graph id 6307 reused
CUDA Graph id 6309 reused
CUDA Graph id 6311 reused
CUDA Graph id 6313 reused
CUDA Graph id 6315 reused
CUDA Graph id 6317 reused
CUDA Graph id 6319 reused
CUDA Graph id 6321 reused
CUDA Graph id 6323 reused
CUDA Graph id 6325 reused
CUDA Graph id 6327 reused
CUDA Graph id 6329 reused
CUDA Graph id 6331 reused
CUDA Graph id 6333 reused
CUDA Graph id 6335 reused
CUDA Graph id 6337 reused
CUDA Graph id 6339 reused
CUDA Graph id 6341 reused
CUDA Graph id 6343 reused
CUDA Graph id 6345 reused
CUDA Graph id 6347 reused
CUDA Graph id 6349 reused
CUDA Graph id 6351 reused
CUDA Graph id 6353 reused
CUDA Graph id 6355 reused
CUDA Graph id 6357 reused
CUDA Graph id 6359 reused
CUDA Graph id 6361 reused
CUDA Graph id 6363 reused
CUDA Graph id 6365 reused
CUDA Graph id 6367 reused
CUDA Graph id 6369 reused
CUDA Graph id 6371 reused
CUDA Graph id 6373 reused
CUDA Graph id 6375 reused
CUDA Graph id 6377 reused
CUDA Graph id 6379 reused
CUDA Graph id 6381 reused
CUDA Graph id 6383 reused
CUDA Graph id 6385 reused
CUDA Graph id 6387 reused
CUDA Graph id 6389 reused
CUDA Graph id 6391 reused
CUDA Graph id 6393 reused
CUDA Graph id 6395 reused
CUDA Graph id 6397 reused
CUDA Graph id 6399 reused
CUDA Graph id 6303 reused
CUDA Graph id 6305 reused
CUDA Graph id 6307 reused
CUDA Graph id 6309 reused
CUDA Graph id 6311 reused
CUDA Graph id 6313 reused
CUDA Graph id 6315 reused
CUDA Graph id 6317 reused
CUDA Graph id 6319 reused
CUDA Graph id 6321 reused
CUDA Graph id 6323 reused
CUDA Graph id 6325 reused
CUDA Graph id 6327 reused
CUDA Graph id 6329 reused
CUDA Graph id 6331 reused
CUDA Graph id 6333 reused
CUDA Graph id 6335 reused
CUDA Graph id 6337 reused
CUDA Graph id 6339 reused
CUDA Graph id 6341 reused
CUDA Graph id 6343 reused
CUDA Graph id 6345 reused
CUDA Graph id 6347 reused
CUDA Graph id 6349 reused
CUDA Graph id 6351 reused
CUDA Graph id 6353 reused
CUDA Graph id 6355 reused
CUDA Graph id 6357 reused
CUDA Graph id 6359 reused
CUDA Graph id 6361 reused
CUDA Graph id 6363 reused
CUDA Graph id 6365 reused
CUDA Graph id 6367 reused
CUDA Graph id 6369 reused
CUDA Graph id 6371 reused
CUDA Graph id 6373 reused
CUDA Graph id 6375 reused
CUDA Graph id 6377 reused
CUDA Graph id 6379 reused
CUDA Graph id 6381 reused
CUDA Graph id 6383 reused
CUDA Graph id 6385 reused
CUDA Graph id 6387 reused
CUDA Graph id 6389 reused
CUDA Graph id 6391 reused
CUDA Graph id 6393 reused
CUDA Graph id 6395 reused
CUDA Graph id 6397 reused
CUDA Graph id 6399 reused
CUDA Graph id 6303 reused
CUDA Graph id 6305 reused
CUDA Graph id 6307 reused
CUDA Graph id 6309 reused
CUDA Graph id 6311 reused
CUDA Graph id 6313 reused
CUDA Graph id 6315 reused
CUDA Graph id 6317 reused
CUDA Graph id 6319 reused
CUDA Graph id 6321 reused
CUDA Graph id 6323 reused
CUDA Graph id 6325 reused
CUDA Graph id 6327 reused
CUDA Graph id 6329 reused
CUDA Graph id 6331 reused
CUDA Graph id 6333 reused
CUDA Graph id 6335 reused
CUDA Graph id 6337 reused
CUDA Graph id 6339 reused
CUDA Graph id 6341 reused
CUDA Graph id 6343 reused
CUDA Graph id 6345 reused
CUDA Graph id 6347 reused
CUDA Graph id 6349 reused
CUDA Graph id 6351 reused
CUDA Graph id 6353 reused
CUDA Graph id 6355 reused
CUDA Graph id 6357 reused
CUDA Graph id 6359 reused
CUDA Graph id 6361 reused
CUDA Graph id 6363 reused
CUDA Graph id 6365 reused
CUDA Graph id 6367 reused
CUDA Graph id 6369 reused
CUDA Graph id 6371 reused
CUDA Graph id 6373 reused
CUDA Graph id 6375 reused
CUDA Graph id 6377 reused
CUDA Graph id 6379 reused
CUDA Graph id 6381 reused
CUDA Graph id 6383 reused
CUDA Graph id 6385 reused
CUDA Graph id 6387 reused
CUDA Graph id 6389 reused
CUDA Graph id 6391 reused
CUDA Graph id 6393 reused
CUDA Graph id 6395 reused
CUDA Graph id 6397 reused
CUDA Graph id 6399 reused
CUDA Graph id 6303 reused
CUDA Graph id 6305 reused
CUDA Graph id 6307 reused
CUDA Graph id 6309 reused
CUDA Graph id 6311 reused
CUDA Graph id 6313 reused
CUDA Graph id 6315 reused
CUDA Graph id 6317 reused
CUDA Graph id 6319 reused
CUDA Graph id 6321 reused
CUDA Graph id 6323 reused
CUDA Graph id 6325 reused
CUDA Graph id 6327 reused
CUDA Graph id 6329 reused
CUDA Graph id 6331 reused
CUDA Graph id 6333 reused
CUDA Graph id 6335 reused
CUDA Graph id 6337 reused
CUDA Graph id 6339 reused
CUDA Graph id 6341 reused
CUDA Graph id 6343 reused
CUDA Graph id 6345 reused
CUDA Graph id 6347 reused
CUDA Graph id 6349 reused
CUDA Graph id 6351 reused
CUDA Graph id 6353 reused
CUDA Graph id 6355 reused
CUDA Graph id 6357 reused
CUDA Graph id 6359 reused
CUDA Graph id 6361 reused
CUDA Graph id 6363 reused
CUDA Graph id 6365 reused
CUDA Graph id 6367 reused
CUDA Graph id 6369 reused
CUDA Graph id 6371 reused
CUDA Graph id 6373 reused
CUDA Graph id 6375 reused
CUDA Graph id 6377 reused
CUDA Graph id 6379 reused
CUDA Graph id 6381 reused
CUDA Graph id 6383 reused
CUDA Graph id 6385 reused
CUDA Graph id 6387 reused
CUDA Graph id 6389 reused
CUDA Graph id 6391 reused
CUDA Graph id 6393 reused
CUDA Graph id 6395 reused
CUDA Graph id 6397 reused
CUDA Graph id 6399 reused
CUDA Graph id 6303 reused
CUDA Graph id 6305 reused
CUDA Graph id 6307 reused
CUDA Graph id 6309 reused
CUDA Graph id 6311 reused
CUDA Graph id 6313 reused
CUDA Graph id 6315 reused
CUDA Graph id 6317 reused
CUDA Graph id 6319 reused
CUDA Graph id 6321 reused
CUDA Graph id 6323 reused
CUDA Graph id 6325 reused
CUDA Graph id 6327 reused
CUDA Graph id 6329 reused
CUDA Graph id 6331 reused
CUDA Graph id 6333 reused
CUDA Graph id 6335 reused
CUDA Graph id 6337 reused
CUDA Graph id 6339 reused
CUDA Graph id 6341 reused
CUDA Graph id 6343 reused
CUDA Graph id 6345 reused
CUDA Graph id 6347 reused
CUDA Graph id 6349 reused
CUDA Graph id 6351 reused
CUDA Graph id 6353 reused
CUDA Graph id 6355 reused
CUDA Graph id 6357 reused
CUDA Graph id 6359 reused
CUDA Graph id 6361 reused
CUDA Graph id 6363 reused
CUDA Graph id 6365 reused
CUDA Graph id 6367 reused
CUDA Graph id 6369 reused
CUDA Graph id 6371 reused
CUDA Graph id 6373 reused
CUDA Graph id 6375 reused
CUDA Graph id 6377 reused
CUDA Graph id 6379 reused
CUDA Graph id 6381 reused
CUDA Graph id 6383 reused
CUDA Graph id 6385 reused
CUDA Graph id 6387 reused
CUDA Graph id 6389 reused
CUDA Graph id 6391 reused
CUDA Graph id 6393 reused
CUDA Graph id 6395 reused
CUDA Graph id 6397 reused
CUDA Graph id 6399 reused
CUDA Graph id 6303 reused
CUDA Graph id 6305 reused
CUDA Graph id 6307 reused
CUDA Graph id 6309 reused
CUDA Graph id 6311 reused
CUDA Graph id 6313 reused
CUDA Graph id 6315 reused
CUDA Graph id 6317 reused
CUDA Graph id 6319 reused
CUDA Graph id 6321 reused
CUDA Graph id 6323 reused
CUDA Graph id 6325 reused
CUDA Graph id 6327 reused
CUDA Graph id 6329 reused
CUDA Graph id 6331 reused
CUDA Graph id 6333 reused
CUDA Graph id 6335 reused
CUDA Graph id 6337 reused
CUDA Graph id 6339 reused
CUDA Graph id 6341 reused
CUDA Graph id 6343 reused
CUDA Graph id 6345 reused
CUDA Graph id 6347 reused
CUDA Graph id 6349 reused
CUDA Graph id 6351 reused
CUDA Graph id 6353 reused
CUDA Graph id 6355 reused
CUDA Graph id 6357 reused
CUDA Graph id 6359 reused
CUDA Graph id 6361 reused
CUDA Graph id 6363 reused
CUDA Graph id 6365 reused
CUDA Graph id 6367 reused
CUDA Graph id 6369 reused
CUDA Graph id 6371 reused
CUDA Graph id 6373 reused
CUDA Graph id 6375 reused
CUDA Graph id 6377 reused
CUDA Graph id 6379 reused
CUDA Graph id 6381 reused
CUDA Graph id 6383 reused
CUDA Graph id 6385 reused
CUDA Graph id 6387 reused
CUDA Graph id 6389 reused
CUDA Graph id 6391 reused
CUDA Graph id 6393 reused
CUDA Graph id 6395 reused
CUDA Graph id 6397 reused
CUDA Graph id 6399 reused
CUDA Graph id 6303 reused
CUDA Graph id 6305 reused
CUDA Graph id 6307 reused
CUDA Graph id 6309 reused
CUDA Graph id 6311 reused
CUDA Graph id 6313 reused
CUDA Graph id 6315 reused
CUDA Graph id 6317 reused
CUDA Graph id 6319 reused
CUDA Graph id 6321 reused
CUDA Graph id 6323 reused
CUDA Graph id 6325 reused
CUDA Graph id 6327 reused
CUDA Graph id 6329 reused
CUDA Graph id 6331 reused
CUDA Graph id 6333 reused
CUDA Graph id 6335 reused
CUDA Graph id 6337 reused
CUDA Graph id 6339 reused
CUDA Graph id 6341 reused
CUDA Graph id 6343 reused
CUDA Graph id 6345 reused
CUDA Graph id 6347 reused
CUDA Graph id 6349 reused
CUDA Graph id 6351 reused
CUDA Graph id 6353 reused
CUDA Graph id 6355 reused
CUDA Graph id 6357 reused
CUDA Graph id 6359 reused
CUDA Graph id 6361 reused
CUDA Graph id 6363 reused
CUDA Graph id 6365 reused
CUDA Graph id 6367 reused
CUDA Graph id 6369 reused
CUDA Graph id 6371 reused
CUDA Graph id 6373 reused
CUDA Graph id 6375 reused
CUDA Graph id 6377 reused
CUDA Graph id 6379 reused
CUDA Graph id 6381 reused
CUDA Graph id 6383 reused
CUDA Graph id 6385 reused
CUDA Graph id 6387 reused
CUDA Graph id 6389 reused
CUDA Graph id 6391 reused
CUDA Graph id 6393 reused
CUDA Graph id 6395 reused
CUDA Graph id 6397 reused
CUDA Graph id 6399 reused
CUDA Graph id 6303 reused
CUDA Graph id 6305 reused
CUDA Graph id 6307 reused
CUDA Graph id 6309 reused
CUDA Graph id 6311 reused
CUDA Graph id 6313 reused
CUDA Graph id 6315 reused
CUDA Graph id 6317 reused
CUDA Graph id 6319 reused
CUDA Graph id 6321 reused
CUDA Graph id 6323 reused
CUDA Graph id 6325 reused
CUDA Graph id 6327 reused
CUDA Graph id 6329 reused
CUDA Graph id 6331 reused
CUDA Graph id 6333 reused
CUDA Graph id 6335 reused
CUDA Graph id 6337 reused
CUDA Graph id 6339 reused
CUDA Graph id 6341 reused
CUDA Graph id 6343 reused
CUDA Graph id 6345 reused
CUDA Graph id 6347 reused
CUDA Graph id 6349 reused
CUDA Graph id 6351 reused
CUDA Graph id 6353 reused
CUDA Graph id 6355 reused
CUDA Graph id 6357 reused
CUDA Graph id 6359 reused
CUDA Graph id 6361 reused
CUDA Graph id 6363 reused
CUDA Graph id 6365 reused
CUDA Graph id 6367 reused
CUDA Graph id 6369 reused
CUDA Graph id 6371 reused
CUDA Graph id 6373 reused
CUDA Graph id 6375 reused
CUDA Graph id 6377 reused
CUDA Graph id 6379 reused
CUDA Graph id 6381 reused
CUDA Graph id 6383 reused
CUDA Graph id 6385 reused
CUDA Graph id 6387 reused
CUDA Graph id 6389 reused
CUDA Graph id 6391 reused
CUDA Graph id 6393 reused
CUDA Graph id 6395 reused
CUDA Graph id 6397 reused
CUDA Graph id 6399 reused
ggml_backend_cuda_graph_compute: CUDA graph warmup reset
ggml_backend_cuda_graph_compute: CUDA graph warmup reset
ggml_backend_cuda_graph_compute: CUDA graph warmup reset
ggml_backend_cuda_graph_compute: CUDA graph warmup reset
ggml_backend_cuda_graph_compute: CUDA graph warmup reset
ggml_backend_cuda_graph_compute: CUDA graph warmup reset
ggml_backend_cuda_graph_compute: CUDA graph warmup reset
ggml_backend_cuda_graph_compute: CUDA graph warmup reset
ggml_backend_cuda_graph_compute: CUDA graph warmup reset
ggml_backend_cuda_graph_compute: CUDA graph warmup reset
ggml_backend_cuda_graph_compute: CUDA graph warmup reset
ggml_backend_cuda_graph_compute: CUDA graph warmup reset
ggml_backend_cuda_graph_compute: CUDA graph warmup reset
ggml_backend_cuda_graph_compute: CUDA graph warmup reset
ggml_backend_cuda_graph_compute: CUDA graph warmup reset
ggml_backend_cuda_graph_compute: CUDA graph warmup reset
ggml_backend_cuda_graph_compute: CUDA graph warmup reset
ggml_backend_cuda_graph_compute: CUDA graph warmup reset
ggml_backend_cuda_graph_compute: CUDA graph warmup reset
ggml_backend_cuda_graph_compute: CUDA graph warmup reset
ggml_backend_cuda_graph_compute: CUDA graph warmup reset
ggml_backend_cuda_graph_compute: CUDA graph warmup reset
ggml_backend_cuda_graph_compute: CUDA graph warmup reset
ggml_backend_cuda_graph_compute: CUDA graph warmup reset
ggml_backend_cuda_graph_compute: CUDA graph warmup reset
ggml_backend_cuda_graph_compute: CUDA graph warmup reset
ggml_backend_cuda_graph_compute: CUDA graph warmup reset
ggml_backend_cuda_graph_compute: CUDA graph warmup reset
ggml_backend_cuda_graph_compute: CUDA graph warmup reset
ggml_backend_cuda_graph_compute: CUDA graph warmup reset
ggml_backend_cuda_graph_compute: CUDA graph warmup reset
ggml_backend_cuda_graph_compute: CUDA graph warmup reset
ggml_backend_cuda_graph_compute: CUDA graph warmup reset
ggml_backend_cuda_graph_compute: CUDA graph warmup reset
ggml_backend_cuda_graph_compute: CUDA graph warmup reset
ggml_backend_cuda_graph_compute: CUDA graph warmup reset
ggml_backend_cuda_graph_compute: CUDA graph warmup reset
ggml_backend_cuda_graph_compute: CUDA graph warmup reset
ggml_backend_cuda_graph_compute: CUDA graph warmup reset
ggml_backend_cuda_graph_compute: CUDA graph warmup reset
ggml_backend_cuda_graph_compute: CUDA graph warmup reset
ggml_backend_cuda_graph_compute: CUDA graph warmup reset
ggml_backend_cuda_graph_compute: CUDA graph warmup reset
ggml_backend_cuda_graph_compute: CUDA graph warmup reset
ggml_backend_cuda_graph_compute: CUDA graph warmup reset
ggml_backend_cuda_graph_compute: CUDA graph warmup reset
ggml_backend_cuda_graph_compute: CUDA graph warmup reset
ggml_backend_cuda_graph_compute: CUDA graph warmup reset
ggml_backend_cuda_graph_compute: CUDA graph warmup reset
CUDA Graph id 6548 reused
ggml_backend_cuda_graph_compute: CUDA graph warmup complete
CUDA Graph id 6550 reused
ggml_backend_cuda_graph_compute: CUDA graph warmup complete
CUDA Graph id 6552 reused
ggml_backend_cuda_graph_compute: CUDA graph warmup complete
CUDA Graph id 6554 reused
ggml_backend_cuda_graph_compute: CUDA graph warmup complete
CUDA Graph id 6556 reused
ggml_backend_cuda_graph_compute: CUDA graph warmup complete
CUDA Graph id 6558 reused
ggml_backend_cuda_graph_compute: CUDA graph warmup complete
CUDA Graph id 6560 reused
ggml_backend_cuda_graph_compute: CUDA graph warmup complete
CUDA Graph id 6562 reused
ggml_backend_cuda_graph_compute: CUDA graph warmup complete
CUDA Graph id 6564 reused
ggml_backend_cuda_graph_compute: CUDA graph warmup complete
CUDA Graph id 6566 reused
ggml_backend_cuda_graph_compute: CUDA graph warmup complete
CUDA Graph id 6568 reused
ggml_backend_cuda_graph_compute: CUDA graph warmup complete
CUDA Graph id 6570 reused
ggml_backend_cuda_graph_compute: CUDA graph warmup complete
CUDA Graph id 6572 reused
ggml_backend_cuda_graph_compute: CUDA graph warmup complete
CUDA Graph id 6574 reused
ggml_backend_cuda_graph_compute: CUDA graph warmup complete
CUDA Graph id 6576 reused
ggml_backend_cuda_graph_compute: CUDA graph warmup complete
CUDA Graph id 6578 reused
ggml_backend_cuda_graph_compute: CUDA graph warmup complete
CUDA Graph id 6580 reused
ggml_backend_cuda_graph_compute: CUDA graph warmup complete
CUDA Graph id 6582 reused
ggml_backend_cuda_graph_compute: CUDA graph warmup complete
CUDA Graph id 6584 reused
ggml_backend_cuda_graph_compute: CUDA graph warmup complete
CUDA Graph id 6586 reused
ggml_backend_cuda_graph_compute: CUDA graph warmup complete
CUDA Graph id 6588 reused
ggml_backend_cuda_graph_compute: CUDA graph warmup complete
CUDA Graph id 6590 reused
ggml_backend_cuda_graph_compute: CUDA graph warmup complete
CUDA Graph id 6592 reused
ggml_backend_cuda_graph_compute: CUDA graph warmup complete
CUDA Graph id 6594 reused
ggml_backend_cuda_graph_compute: CUDA graph warmup complete
CUDA Graph id 6596 reused
ggml_backend_cuda_graph_compute: CUDA graph warmup complete
CUDA Graph id 6598 reused
ggml_backend_cuda_graph_compute: CUDA graph warmup complete
CUDA Graph id 6600 reused
ggml_backend_cuda_graph_compute: CUDA graph warmup complete
CUDA Graph id 6602 reused
ggml_backend_cuda_graph_compute: CUDA graph warmup complete
CUDA Graph id 6604 reused
ggml_backend_cuda_graph_compute: CUDA graph warmup complete
CUDA Graph id 6606 reused
ggml_backend_cuda_graph_compute: CUDA graph warmup complete
CUDA Graph id 6608 reused
ggml_backend_cuda_graph_compute: CUDA graph warmup complete
CUDA Graph id 6610 reused
ggml_backend_cuda_graph_compute: CUDA graph warmup complete
CUDA Graph id 6612 reused
ggml_backend_cuda_graph_compute: CUDA graph warmup complete
CUDA Graph id 6614 reused
ggml_backend_cuda_graph_compute: CUDA graph warmup complete
CUDA Graph id 6616 reused
ggml_backend_cuda_graph_compute: CUDA graph warmup complete
CUDA Graph id 6618 reused
ggml_backend_cuda_graph_compute: CUDA graph warmup complete
CUDA Graph id 6620 reused
ggml_backend_cuda_graph_compute: CUDA graph warmup complete
CUDA Graph id 6622 reused
ggml_backend_cuda_graph_compute: CUDA graph warmup complete
CUDA Graph id 6624 reused
ggml_backend_cuda_graph_compute: CUDA graph warmup complete
CUDA Graph id 6626 reused
ggml_backend_cuda_graph_compute: CUDA graph warmup complete
CUDA Graph id 6628 reused
ggml_backend_cuda_graph_compute: CUDA graph warmup complete
CUDA Graph id 6630 reused
ggml_backend_cuda_graph_compute: CUDA graph warmup complete
CUDA Graph id 6632 reused
ggml_backend_cuda_graph_compute: CUDA graph warmup complete
CUDA Graph id 6634 reused
ggml_backend_cuda_graph_compute: CUDA graph warmup complete
CUDA Graph id 6636 reused
ggml_backend_cuda_graph_compute: CUDA graph warmup complete
CUDA Graph id 6638 reused
ggml_backend_cuda_graph_compute: CUDA graph warmup complete
CUDA Graph id 6640 reused
ggml_backend_cuda_graph_compute: CUDA graph warmup complete
CUDA Graph id 6642 reused
ggml_backend_cuda_graph_compute: CUDA graph warmup complete
CUDA Graph id 6644 reused
ggml_backend_cuda_graph_compute: CUDA graph warmup complete
CUDA Graph id 6548 reused
CUDA Graph id 6550 reused
CUDA Graph id 6552 reused
CUDA Graph id 6554 reused
CUDA Graph id 6556 reused
CUDA Graph id 6558 reused
CUDA Graph id 6560 reused
CUDA Graph id 6562 reused
CUDA Graph id 6564 reused
CUDA Graph id 6566 reused
CUDA Graph id 6568 reused
CUDA Graph id 6570 reused
CUDA Graph id 6572 reused
CUDA Graph id 6574 reused
CUDA Graph id 6576 reused
CUDA Graph id 6578 reused
CUDA Graph id 6580 reused
CUDA Graph id 6582 reused
CUDA Graph id 6584 reused
CUDA Graph id 6586 reused
CUDA Graph id 6588 reused
CUDA Graph id 6590 reused
CUDA Graph id 6592 reused
CUDA Graph id 6594 reused
CUDA Graph id 6596 reused
CUDA Graph id 6598 reused
CUDA Graph id 6600 reused
CUDA Graph id 6602 reused
CUDA Graph id 6604 reused
CUDA Graph id 6606 reused
CUDA Graph id 6608 reused
CUDA Graph id 6610 reused
CUDA Graph id 6612 reused
CUDA Graph id 6614 reused
CUDA Graph id 6616 reused
CUDA Graph id 6618 reused
CUDA Graph id 6620 reused
CUDA Graph id 6622 reused
CUDA Graph id 6624 reused
CUDA Graph id 6626 reused
CUDA Graph id 6628 reused
CUDA Graph id 6630 reused
CUDA Graph id 6632 reused
CUDA Graph id 6634 reused
CUDA Graph id 6636 reused
CUDA Graph id 6638 reused
CUDA Graph id 6640 reused
CUDA Graph id 6642 reused
CUDA Graph id 6644 reused
CUDA Graph id 6548 reused
CUDA Graph id 6550 reused
CUDA Graph id 6552 reused
CUDA Graph id 6554 reused
CUDA Graph id 6556 reused
CUDA Graph id 6558 reused
CUDA Graph id 6560 reused
CUDA Graph id 6562 reused
CUDA Graph id 6564 reused
CUDA Graph id 6566 reused
CUDA Graph id 6568 reused
CUDA Graph id 6570 reused
CUDA Graph id 6572 reused
CUDA Graph id 6574 reused
CUDA Graph id 6576 reused
CUDA Graph id 6578 reused
CUDA Graph id 6580 reused
CUDA Graph id 6582 reused
CUDA Graph id 6584 reused
CUDA Graph id 6586 reused
CUDA Graph id 6588 reused
CUDA Graph id 6590 reused
CUDA Graph id 6592 reused
CUDA Graph id 6594 reused
CUDA Graph id 6596 reused
CUDA Graph id 6598 reused
CUDA Graph id 6600 reused
CUDA Graph id 6602 reused
CUDA Graph id 6604 reused
CUDA Graph id 6606 reused
CUDA Graph id 6608 reused
CUDA Graph id 6610 reused
CUDA Graph id 6612 reused
CUDA Graph id 6614 reused
CUDA Graph id 6616 reused
CUDA Graph id 6618 reused
CUDA Graph id 6620 reused
CUDA Graph id 6622 reused
CUDA Graph id 6624 reused
CUDA Graph id 6626 reused
CUDA Graph id 6628 reused
CUDA Graph id 6630 reused
CUDA Graph id 6632 reused
CUDA Graph id 6634 reused
CUDA Graph id 6636 reused
CUDA Graph id 6638 reused
CUDA Graph id 6640 reused
CUDA Graph id 6642 reused
CUDA Graph id 6644 reused
CUDA Graph id 6548 reused
CUDA Graph id 6550 reused
CUDA Graph id 6552 reused
CUDA Graph id 6554 reused
CUDA Graph id 6556 reused
CUDA Graph id 6558 reused
CUDA Graph id 6560 reused
CUDA Graph id 6562 reused
CUDA Graph id 6564 reused
CUDA Graph id 6566 reused
CUDA Graph id 6568 reused
CUDA Graph id 6570 reused
CUDA Graph id 6572 reused
CUDA Graph id 6574 reused
CUDA Graph id 6576 reused
CUDA Graph id 6578 reused
CUDA Graph id 6580 reused
CUDA Graph id 6582 reused
CUDA Graph id 6584 reused
CUDA Graph id 6586 reused
CUDA Graph id 6588 reused
CUDA Graph id 6590 reused
CUDA Graph id 6592 reused
CUDA Graph id 6594 reused
CUDA Graph id 6596 reused
CUDA Graph id 6598 reused
CUDA Graph id 6600 reused
CUDA Graph id 6602 reused
CUDA Graph id 6604 reused
CUDA Graph id 6606 reused
CUDA Graph id 6608 reused
CUDA Graph id 6610 reused
CUDA Graph id 6612 reused
CUDA Graph id 6614 reused
CUDA Graph id 6616 reused
CUDA Graph id 6618 reused
CUDA Graph id 6620 reused
CUDA Graph id 6622 reused
CUDA Graph id 6624 reused
CUDA Graph id 6626 reused
CUDA Graph id 6628 reused
CUDA Graph id 6630 reused
CUDA Graph id 6632 reused
CUDA Graph id 6634 reused
CUDA Graph id 6636 reused
CUDA Graph id 6638 reused
CUDA Graph id 6640 reused
CUDA Graph id 6642 reused
CUDA Graph id 6644 reused
CUDA Graph id 6548 reused
CUDA Graph id 6550 reused
CUDA Graph id 6552 reused
CUDA Graph id 6554 reused
CUDA Graph id 6556 reused
CUDA Graph id 6558 reused
CUDA Graph id 6560 reused
CUDA Graph id 6562 reused
CUDA Graph id 6564 reused
CUDA Graph id 6566 reused
CUDA Graph id 6568 reused
CUDA Graph id 6570 reused
CUDA Graph id 6572 reused
CUDA Graph id 6574 reused
CUDA Graph id 6576 reused
CUDA Graph id 6578 reused
CUDA Graph id 6580 reused
CUDA Graph id 6582 reused
CUDA Graph id 6584 reused
CUDA Graph id 6586 reused
CUDA Graph id 6588 reused
CUDA Graph id 6590 reused
CUDA Graph id 6592 reused
CUDA Graph id 6594 reused
CUDA Graph id 6596 reused
CUDA Graph id 6598 reused
CUDA Graph id 6600 reused
CUDA Graph id 6602 reused
CUDA Graph id 6604 reused
CUDA Graph id 6606 reused
CUDA Graph id 6608 reused
CUDA Graph id 6610 reused
CUDA Graph id 6612 reused
CUDA Graph id 6614 reused
CUDA Graph id 6616 reused
CUDA Graph id 6618 reused
CUDA Graph id 6620 reused
CUDA Graph id 6622 reused
CUDA Graph id 6624 reused
CUDA Graph id 6626 reused
CUDA Graph id 6628 reused
CUDA Graph id 6630 reused
CUDA Graph id 6632 reused
CUDA Graph id 6634 reused
CUDA Graph id 6636 reused
CUDA Graph id 6638 reused
CUDA Graph id 6640 reused
CUDA Graph id 6642 reused
CUDA Graph id 6644 reused
CUDA Graph id 6548 reused
CUDA Graph id 6550 reused
CUDA Graph id 6552 reused
CUDA Graph id 6554 reused
CUDA Graph id 6556 reused
CUDA Graph id 6558 reused
CUDA Graph id 6560 reused
CUDA Graph id 6562 reused
CUDA Graph id 6564 reused
CUDA Graph id 6566 reused
CUDA Graph id 6568 reused
CUDA Graph id 6570 reused
CUDA Graph id 6572 reused
CUDA Graph id 6574 reused
CUDA Graph id 6576 reused
CUDA Graph id 6578 reused
CUDA Graph id 6580 reused
CUDA Graph id 6582 reused
CUDA Graph id 6584 reused
CUDA Graph id 6586 reused
CUDA Graph id 6588 reused
CUDA Graph id 6590 reused
CUDA Graph id 6592 reused
CUDA Graph id 6594 reused
CUDA Graph id 6596 reused
CUDA Graph id 6598 reused
CUDA Graph id 6600 reused
CUDA Graph id 6602 reused
CUDA Graph id 6604 reused
CUDA Graph id 6606 reused
CUDA Graph id 6608 reused
CUDA Graph id 6610 reused
CUDA Graph id 6612 reused
CUDA Graph id 6614 reused
CUDA Graph id 6616 reused
CUDA Graph id 6618 reused
CUDA Graph id 6620 reused
CUDA Graph id 6622 reused
CUDA Graph id 6624 reused
CUDA Graph id 6626 reused
CUDA Graph id 6628 reused
CUDA Graph id 6630 reused
CUDA Graph id 6632 reused
CUDA Graph id 6634 reused
CUDA Graph id 6636 reused
CUDA Graph id 6638 reused
CUDA Graph id 6640 reused
CUDA Graph id 6642 reused
CUDA Graph id 6644 reused
CUDA Graph id 6548 reused
CUDA Graph id 6550 reused
CUDA Graph id 6552 reused
CUDA Graph id 6554 reused
CUDA Graph id 6556 reused
CUDA Graph id 6558 reused
CUDA Graph id 6560 reused
CUDA Graph id 6562 reused
CUDA Graph id 6564 reused
CUDA Graph id 6566 reused
CUDA Graph id 6568 reused
CUDA Graph id 6570 reused
CUDA Graph id 6572 reused
CUDA Graph id 6574 reused
CUDA Graph id 6576 reused
CUDA Graph id 6578 reused
CUDA Graph id 6580 reused
CUDA Graph id 6582 reused
CUDA Graph id 6584 reused
CUDA Graph id 6586 reused
CUDA Graph id 6588 reused
CUDA Graph id 6590 reused
CUDA Graph id 6592 reused
CUDA Graph id 6594 reused
CUDA Graph id 6596 reused
CUDA Graph id 6598 reused
CUDA Graph id 6600 reused
CUDA Graph id 6602 reused
CUDA Graph id 6604 reused
CUDA Graph id 6606 reused
CUDA Graph id 6608 reused
CUDA Graph id 6610 reused
CUDA Graph id 6612 reused
CUDA Graph id 6614 reused
CUDA Graph id 6616 reused
CUDA Graph id 6618 reused
CUDA Graph id 6620 reused
CUDA Graph id 6622 reused
CUDA Graph id 6624 reused
CUDA Graph id 6626 reused
CUDA Graph id 6628 reused
CUDA Graph id 6630 reused
CUDA Graph id 6632 reused
CUDA Graph id 6634 reused
CUDA Graph id 6636 reused
CUDA Graph id 6638 reused
CUDA Graph id 6640 reused
CUDA Graph id 6642 reused
CUDA Graph id 6644 reused
CUDA Graph id 6548 reused
CUDA Graph id 6550 reused
CUDA Graph id 6552 reused
CUDA Graph id 6554 reused
CUDA Graph id 6556 reused
CUDA Graph id 6558 reused
CUDA Graph id 6560 reused
CUDA Graph id 6562 reused
CUDA Graph id 6564 reused
CUDA Graph id 6566 reused
CUDA Graph id 6568 reused
CUDA Graph id 6570 reused
CUDA Graph id 6572 reused
CUDA Graph id 6574 reused
CUDA Graph id 6576 reused
CUDA Graph id 6578 reused
CUDA Graph id 6580 reused
CUDA Graph id 6582 reused
CUDA Graph id 6584 reused
CUDA Graph id 6586 reused
CUDA Graph id 6588 reused
CUDA Graph id 6590 reused
CUDA Graph id 6592 reused
CUDA Graph id 6594 reused
CUDA Graph id 6596 reused
CUDA Graph id 6598 reused
CUDA Graph id 6600 reused
CUDA Graph id 6602 reused
CUDA Graph id 6604 reused
CUDA Graph id 6606 reused
CUDA Graph id 6608 reused
CUDA Graph id 6610 reused
CUDA Graph id 6612 reused
CUDA Graph id 6614 reused
CUDA Graph id 6616 reused
CUDA Graph id 6618 reused
CUDA Graph id 6620 reused
CUDA Graph id 6622 reused
CUDA Graph id 6624 reused
CUDA Graph id 6626 reused
CUDA Graph id 6628 reused
CUDA Graph id 6630 reused
CUDA Graph id 6632 reused
CUDA Graph id 6634 reused
CUDA Graph id 6636 reused
CUDA Graph id 6638 reused
CUDA Graph id 6640 reused
CUDA Graph id 6642 reused
CUDA Graph id 6644 reused
CUDA Graph id 6548 reused
CUDA Graph id 6550 reused
CUDA Graph id 6552 reused
CUDA Graph id 6554 reused
CUDA Graph id 6556 reused
CUDA Graph id 6558 reused
CUDA Graph id 6560 reused
CUDA Graph id 6562 reused
CUDA Graph id 6564 reused
CUDA Graph id 6566 reused
CUDA Graph id 6568 reused
CUDA Graph id 6570 reused
CUDA Graph id 6572 reused
CUDA Graph id 6574 reused
CUDA Graph id 6576 reused
CUDA Graph id 6578 reused
CUDA Graph id 6580 reused
CUDA Graph id 6582 reused
CUDA Graph id 6584 reused
CUDA Graph id 6586 reused
CUDA Graph id 6588 reused
CUDA Graph id 6590 reused
CUDA Graph id 6592 reused
CUDA Graph id 6594 reused
CUDA Graph id 6596 reused
CUDA Graph id 6598 reused
CUDA Graph id 6600 reused
CUDA Graph id 6602 reused
CUDA Graph id 6604 reused
CUDA Graph id 6606 reused
CUDA Graph id 6608 reused
CUDA Graph id 6610 reused
CUDA Graph id 6612 reused
CUDA Graph id 6614 reused
CUDA Graph id 6616 reused
CUDA Graph id 6618 reused
CUDA Graph id 6620 reused
CUDA Graph id 6622 reused
CUDA Graph id 6624 reused
CUDA Graph id 6626 reused
CUDA Graph id 6628 reused
CUDA Graph id 6630 reused
CUDA Graph id 6632 reused
CUDA Graph id 6634 reused
CUDA Graph id 6636 reused
CUDA Graph id 6638 reused
CUDA Graph id 6640 reused
CUDA Graph id 6642 reused
CUDA Graph id 6644 reused
CUDA Graph id 6548 reused
CUDA Graph id 6550 reused
CUDA Graph id 6552 reused
CUDA Graph id 6554 reused
CUDA Graph id 6556 reused
CUDA Graph id 6558 reused
CUDA Graph id 6560 reused
CUDA Graph id 6562 reused
CUDA Graph id 6564 reused
CUDA Graph id 6566 reused
CUDA Graph id 6568 reused
CUDA Graph id 6570 reused
CUDA Graph id 6572 reused
CUDA Graph id 6574 reused
CUDA Graph id 6576 reused
CUDA Graph id 6578 reused
CUDA Graph id 6580 reused
CUDA Graph id 6582 reused
CUDA Graph id 6584 reused
CUDA Graph id 6586 reused
CUDA Graph id 6588 reused
CUDA Graph id 6590 reused
CUDA Graph id 6592 reused
CUDA Graph id 6594 reused
CUDA Graph id 6596 reused
CUDA Graph id 6598 reused
CUDA Graph id 6600 reused
CUDA Graph id 6602 reused
CUDA Graph id 6604 reused
CUDA Graph id 6606 reused
CUDA Graph id 6608 reused
CUDA Graph id 6610 reused
CUDA Graph id 6612 reused
CUDA Graph id 6614 reused
CUDA Graph id 6616 reused
CUDA Graph id 6618 reused
CUDA Graph id 6620 reused
CUDA Graph id 6622 reused
CUDA Graph id 6624 reused
CUDA Graph id 6626 reused
CUDA Graph id 6628 reused
CUDA Graph id 6630 reused
CUDA Graph id 6632 reused
CUDA Graph id 6634 reused
CUDA Graph id 6636 reused
CUDA Graph id 6638 reused
CUDA Graph id 6640 reused
CUDA Graph id 6642 reused
CUDA Graph id 6644 reused
CUDA Graph id 6548 reused
CUDA Graph id 6550 reused
CUDA Graph id 6552 reused
CUDA Graph id 6554 reused
CUDA Graph id 6556 reused
CUDA Graph id 6558 reused
CUDA Graph id 6560 reused
CUDA Graph id 6562 reused
CUDA Graph id 6564 reused
CUDA Graph id 6566 reused
CUDA Graph id 6568 reused
CUDA Graph id 6570 reused
CUDA Graph id 6572 reused
CUDA Graph id 6574 reused
CUDA Graph id 6576 reused
CUDA Graph id 6578 reused
CUDA Graph id 6580 reused
CUDA Graph id 6582 reused
CUDA Graph id 6584 reused
CUDA Graph id 6586 reused
CUDA Graph id 6588 reused
CUDA Graph id 6590 reused
CUDA Graph id 6592 reused
CUDA Graph id 6594 reused
CUDA Graph id 6596 reused
CUDA Graph id 6598 reused
CUDA Graph id 6600 reused
CUDA Graph id 6602 reused
CUDA Graph id 6604 reused
CUDA Graph id 6606 reused
CUDA Graph id 6608 reused
CUDA Graph id 6610 reused
CUDA Graph id 6612 reused
CUDA Graph id 6614 reused
CUDA Graph id 6616 reused
CUDA Graph id 6618 reused
CUDA Graph id 6620 reused
CUDA Graph id 6622 reused
CUDA Graph id 6624 reused
CUDA Graph id 6626 reused
CUDA Graph id 6628 reused
CUDA Graph id 6630 reused
CUDA Graph id 6632 reused
CUDA Graph id 6634 reused
CUDA Graph id 6636 reused
CUDA Graph id 6638 reused
CUDA Graph id 6640 reused
CUDA Graph id 6642 reused
CUDA Graph id 6644 reused
CUDA Graph id 6548 reused
CUDA Graph id 6550 reused
CUDA Graph id 6552 reused
CUDA Graph id 6554 reused
CUDA Graph id 6556 reused
CUDA Graph id 6558 reused
CUDA Graph id 6560 reused
CUDA Graph id 6562 reused
CUDA Graph id 6564 reused
CUDA Graph id 6566 reused
CUDA Graph id 6568 reused
CUDA Graph id 6570 reused
CUDA Graph id 6572 reused
CUDA Graph id 6574 reused
CUDA Graph id 6576 reused
CUDA Graph id 6578 reused
CUDA Graph id 6580 reused
CUDA Graph id 6582 reused
CUDA Graph id 6584 reused
CUDA Graph id 6586 reused
CUDA Graph id 6588 reused
CUDA Graph id 6590 reused
CUDA Graph id 6592 reused
CUDA Graph id 6594 reused
CUDA Graph id 6596 reused
CUDA Graph id 6598 reused
CUDA Graph id 6600 reused
CUDA Graph id 6602 reused
CUDA Graph id 6604 reused
CUDA Graph id 6606 reused
CUDA Graph id 6608 reused
CUDA Graph id 6610 reused
CUDA Graph id 6612 reused
CUDA Graph id 6614 reused
CUDA Graph id 6616 reused
CUDA Graph id 6618 reused
CUDA Graph id 6620 reused
CUDA Graph id 6622 reused
CUDA Graph id 6624 reused
CUDA Graph id 6626 reused
CUDA Graph id 6628 reused
CUDA Graph id 6630 reused
CUDA Graph id 6632 reused
CUDA Graph id 6634 reused
CUDA Graph id 6636 reused
CUDA Graph id 6638 reused
CUDA Graph id 6640 reused
CUDA Graph id 6642 reused
CUDA Graph id 6644 reused
CUDA Graph id 6548 reused
CUDA Graph id 6550 reused
CUDA Graph id 6552 reused
CUDA Graph id 6554 reused
CUDA Graph id 6556 reused
CUDA Graph id 6558 reused
CUDA Graph id 6560 reused
CUDA Graph id 6562 reused
CUDA Graph id 6564 reused
CUDA Graph id 6566 reused
CUDA Graph id 6568 reused
CUDA Graph id 6570 reused
CUDA Graph id 6572 reused
CUDA Graph id 6574 reused
CUDA Graph id 6576 reused
CUDA Graph id 6578 reused
CUDA Graph id 6580 reused
CUDA Graph id 6582 reused
CUDA Graph id 6584 reused
CUDA Graph id 6586 reused
CUDA Graph id 6588 reused
CUDA Graph id 6590 reused
CUDA Graph id 6592 reused
CUDA Graph id 6594 reused
CUDA Graph id 6596 reused
CUDA Graph id 6598 reused
CUDA Graph id 6600 reused
CUDA Graph id 6602 reused
CUDA Graph id 6604 reused
CUDA Graph id 6606 reused
CUDA Graph id 6608 reused
CUDA Graph id 6610 reused
CUDA Graph id 6612 reused
CUDA Graph id 6614 reused
CUDA Graph id 6616 reused
CUDA Graph id 6618 reused
CUDA Graph id 6620 reused
CUDA Graph id 6622 reused
CUDA Graph id 6624 reused
CUDA Graph id 6626 reused
CUDA Graph id 6628 reused
CUDA Graph id 6630 reused
CUDA Graph id 6632 reused
CUDA Graph id 6634 reused
CUDA Graph id 6636 reused
CUDA Graph id 6638 reused
CUDA Graph id 6640 reused
CUDA Graph id 6642 reused
CUDA Graph id 6644 reused
CUDA Graph id 6548 reused
CUDA Graph id 6550 reused
CUDA Graph id 6552 reused
CUDA Graph id 6554 reused
CUDA Graph id 6556 reused
CUDA Graph id 6558 reused
CUDA Graph id 6560 reused
CUDA Graph id 6562 reused
CUDA Graph id 6564 reused
CUDA Graph id 6566 reused
CUDA Graph id 6568 reused
CUDA Graph id 6570 reused
CUDA Graph id 6572 reused
CUDA Graph id 6574 reused
CUDA Graph id 6576 reused
CUDA Graph id 6578 reused
CUDA Graph id 6580 reused
CUDA Graph id 6582 reused
CUDA Graph id 6584 reused
CUDA Graph id 6586 reused
CUDA Graph id 6588 reused
CUDA Graph id 6590 reused
CUDA Graph id 6592 reused
CUDA Graph id 6594 reused
CUDA Graph id 6596 reused
CUDA Graph id 6598 reused
CUDA Graph id 6600 reused
CUDA Graph id 6602 reused
CUDA Graph id 6604 reused
CUDA Graph id 6606 reused
CUDA Graph id 6608 reused
CUDA Graph id 6610 reused
CUDA Graph id 6612 reused
CUDA Graph id 6614 reused
CUDA Graph id 6616 reused
CUDA Graph id 6618 reused
CUDA Graph id 6620 reused
CUDA Graph id 6622 reused
CUDA Graph id 6624 reused
CUDA Graph id 6626 reused
CUDA Graph id 6628 reused
CUDA Graph id 6630 reused
CUDA Graph id 6632 reused
CUDA Graph id 6634 reused
CUDA Graph id 6636 reused
CUDA Graph id 6638 reused
CUDA Graph id 6640 reused
CUDA Graph id 6642 reused
CUDA Graph id 6644 reused
CUDA Graph id 6548 reused
CUDA Graph id 6550 reused
CUDA Graph id 6552 reused
CUDA Graph id 6554 reused
CUDA Graph id 6556 reused
CUDA Graph id 6558 reused
CUDA Graph id 6560 reused
CUDA Graph id 6562 reused
CUDA Graph id 6564 reused
CUDA Graph id 6566 reused
CUDA Graph id 6568 reused
CUDA Graph id 6570 reused
CUDA Graph id 6572 reused
CUDA Graph id 6574 reused
CUDA Graph id 6576 reused
CUDA Graph id 6578 reused
CUDA Graph id 6580 reused
CUDA Graph id 6582 reused
CUDA Graph id 6584 reused
CUDA Graph id 6586 reused
CUDA Graph id 6588 reused
CUDA Graph id 6590 reused
CUDA Graph id 6592 reused
CUDA Graph id 6594 reused
CUDA Graph id 6596 reused
CUDA Graph id 6598 reused
CUDA Graph id 6600 reused
CUDA Graph id 6602 reused
CUDA Graph id 6604 reused
CUDA Graph id 6606 reused
CUDA Graph id 6608 reused
CUDA Graph id 6610 reused
CUDA Graph id 6612 reused
CUDA Graph id 6614 reused
CUDA Graph id 6616 reused
CUDA Graph id 6618 reused
CUDA Graph id 6620 reused
CUDA Graph id 6622 reused
CUDA Graph id 6624 reused
CUDA Graph id 6626 reused
CUDA Graph id 6628 reused
CUDA Graph id 6630 reused
CUDA Graph id 6632 reused
CUDA Graph id 6634 reused
CUDA Graph id 6636 reused
CUDA Graph id 6638 reused
CUDA Graph id 6640 reused
CUDA Graph id 6642 reused
CUDA Graph id 6644 reused
CUDA Graph id 6548 reused
CUDA Graph id 6550 reused
CUDA Graph id 6552 reused
CUDA Graph id 6554 reused
CUDA Graph id 6556 reused
CUDA Graph id 6558 reused
CUDA Graph id 6560 reused
CUDA Graph id 6562 reused
CUDA Graph id 6564 reused
CUDA Graph id 6566 reused
CUDA Graph id 6568 reused
CUDA Graph id 6570 reused
CUDA Graph id 6572 reused
CUDA Graph id 6574 reused
CUDA Graph id 6576 reused
CUDA Graph id 6578 reused
CUDA Graph id 6580 reused
CUDA Graph id 6582 reused
CUDA Graph id 6584 reused
CUDA Graph id 6586 reused
CUDA Graph id 6588 reused
CUDA Graph id 6590 reused
CUDA Graph id 6592 reused
CUDA Graph id 6594 reused
CUDA Graph id 6596 reused
CUDA Graph id 6598 reused
CUDA Graph id 6600 reused
CUDA Graph id 6602 reused
CUDA Graph id 6604 reused
CUDA Graph id 6606 reused
CUDA Graph id 6608 reused
CUDA Graph id 6610 reused
CUDA Graph id 6612 reused
CUDA Graph id 6614 reused
CUDA Graph id 6616 reused
CUDA Graph id 6618 reused
CUDA Graph id 6620 reused
CUDA Graph id 6622 reused
CUDA Graph id 6624 reused
CUDA Graph id 6626 reused
CUDA Graph id 6628 reused
CUDA Graph id 6630 reused
CUDA Graph id 6632 reused
CUDA Graph id 6634 reused
CUDA Graph id 6636 reused
CUDA Graph id 6638 reused
CUDA Graph id 6640 reused
CUDA Graph id 6642 reused
CUDA Graph id 6644 reused
CUDA Graph id 6548 reused
CUDA Graph id 6550 reused
CUDA Graph id 6552 reused
CUDA Graph id 6554 reused
CUDA Graph id 6556 reused
CUDA Graph id 6558 reused
CUDA Graph id 6560 reused
CUDA Graph id 6562 reused
CUDA Graph id 6564 reused
CUDA Graph id 6566 reused
CUDA Graph id 6568 reused
CUDA Graph id 6570 reused
CUDA Graph id 6572 reused
CUDA Graph id 6574 reused
CUDA Graph id 6576 reused
CUDA Graph id 6578 reused
CUDA Graph id 6580 reused
CUDA Graph id 6582 reused
CUDA Graph id 6584 reused
CUDA Graph id 6586 reused
CUDA Graph id 6588 reused
CUDA Graph id 6590 reused
CUDA Graph id 6592 reused
CUDA Graph id 6594 reused
CUDA Graph id 6596 reused
CUDA Graph id 6598 reused
CUDA Graph id 6600 reused
CUDA Graph id 6602 reused
CUDA Graph id 6604 reused
CUDA Graph id 6606 reused
CUDA Graph id 6608 reused
CUDA Graph id 6610 reused
CUDA Graph id 6612 reused
CUDA Graph id 6614 reused
CUDA Graph id 6616 reused
CUDA Graph id 6618 reused
CUDA Graph id 6620 reused
CUDA Graph id 6622 reused
CUDA Graph id 6624 reused
CUDA Graph id 6626 reused
CUDA Graph id 6628 reused
CUDA Graph id 6630 reused
CUDA Graph id 6632 reused
CUDA Graph id 6634 reused
CUDA Graph id 6636 reused
CUDA Graph id 6638 reused
CUDA Graph id 6640 reused
CUDA Graph id 6642 reused
CUDA Graph id 6644 reused
CUDA Graph id 6548 reused
CUDA Graph id 6550 reused
CUDA Graph id 6552 reused
CUDA Graph id 6554 reused
CUDA Graph id 6556 reused
CUDA Graph id 6558 reused
CUDA Graph id 6560 reused
CUDA Graph id 6562 reused
CUDA Graph id 6564 reused
CUDA Graph id 6566 reused
CUDA Graph id 6568 reused
CUDA Graph id 6570 reused
CUDA Graph id 6572 reused
CUDA Graph id 6574 reused
CUDA Graph id 6576 reused
CUDA Graph id 6578 reused
CUDA Graph id 6580 reused
CUDA Graph id 6582 reused
CUDA Graph id 6584 reused
CUDA Graph id 6586 reused
CUDA Graph id 6588 reused
CUDA Graph id 6590 reused
CUDA Graph id 6592 reused
CUDA Graph id 6594 reused
CUDA Graph id 6596 reused
CUDA Graph id 6598 reused
CUDA Graph id 6600 reused
CUDA Graph id 6602 reused
CUDA Graph id 6604 reused
CUDA Graph id 6606 reused
CUDA Graph id 6608 reused
CUDA Graph id 6610 reused
CUDA Graph id 6612 reused
CUDA Graph id 6614 reused
CUDA Graph id 6616 reused
CUDA Graph id 6618 reused
CUDA Graph id 6620 reused
CUDA Graph id 6622 reused
CUDA Graph id 6624 reused
CUDA Graph id 6626 reused
CUDA Graph id 6628 reused
CUDA Graph id 6630 reused
CUDA Graph id 6632 reused
CUDA Graph id 6634 reused
CUDA Graph id 6636 reused
CUDA Graph id 6638 reused
CUDA Graph id 6640 reused
CUDA Graph id 6642 reused
CUDA Graph id 6644 reused
CUDA Graph id 6548 reused
CUDA Graph id 6550 reused
CUDA Graph id 6552 reused
CUDA Graph id 6554 reused
CUDA Graph id 6556 reused
CUDA Graph id 6558 reused
CUDA Graph id 6560 reused
CUDA Graph id 6562 reused
CUDA Graph id 6564 reused
CUDA Graph id 6566 reused
CUDA Graph id 6568 reused
CUDA Graph id 6570 reused
CUDA Graph id 6572 reused
CUDA Graph id 6574 reused
CUDA Graph id 6576 reused
CUDA Graph id 6578 reused
CUDA Graph id 6580 reused
CUDA Graph id 6582 reused
CUDA Graph id 6584 reused
CUDA Graph id 6586 reused
CUDA Graph id 6588 reused
CUDA Graph id 6590 reused
CUDA Graph id 6592 reused
CUDA Graph id 6594 reused
CUDA Graph id 6596 reused
CUDA Graph id 6598 reused
CUDA Graph id 6600 reused
CUDA Graph id 6602 reused
CUDA Graph id 6604 reused
CUDA Graph id 6606 reused
CUDA Graph id 6608 reused
CUDA Graph id 6610 reused
CUDA Graph id 6612 reused
CUDA Graph id 6614 reused
CUDA Graph id 6616 reused
CUDA Graph id 6618 reused
CUDA Graph id 6620 reused
CUDA Graph id 6622 reused
CUDA Graph id 6624 reused
CUDA Graph id 6626 reused
CUDA Graph id 6628 reused
CUDA Graph id 6630 reused
CUDA Graph id 6632 reused
CUDA Graph id 6634 reused
CUDA Graph id 6636 reused
CUDA Graph id 6638 reused
CUDA Graph id 6640 reused
CUDA Graph id 6642 reused
CUDA Graph id 6644 reused
CUDA Graph id 6548 reused
CUDA Graph id 6550 reused
CUDA Graph id 6552 reused
CUDA Graph id 6554 reused
CUDA Graph id 6556 reused
CUDA Graph id 6558 reused
CUDA Graph id 6560 reused
CUDA Graph id 6562 reused
CUDA Graph id 6564 reused
CUDA Graph id 6566 reused
CUDA Graph id 6568 reused
CUDA Graph id 6570 reused
CUDA Graph id 6572 reused
CUDA Graph id 6574 reused
CUDA Graph id 6576 reused
CUDA Graph id 6578 reused
CUDA Graph id 6580 reused
CUDA Graph id 6582 reused
CUDA Graph id 6584 reused
CUDA Graph id 6586 reused
CUDA Graph id 6588 reused
CUDA Graph id 6590 reused
CUDA Graph id 6592 reused
CUDA Graph id 6594 reused
CUDA Graph id 6596 reused
CUDA Graph id 6598 reused
CUDA Graph id 6600 reused
CUDA Graph id 6602 reused
CUDA Graph id 6604 reused
CUDA Graph id 6606 reused
CUDA Graph id 6608 reused
CUDA Graph id 6610 reused
CUDA Graph id 6612 reused
CUDA Graph id 6614 reused
CUDA Graph id 6616 reused
CUDA Graph id 6618 reused
CUDA Graph id 6620 reused
CUDA Graph id 6622 reused
CUDA Graph id 6624 reused
CUDA Graph id 6626 reused
CUDA Graph id 6628 reused
CUDA Graph id 6630 reused
CUDA Graph id 6632 reused
CUDA Graph id 6634 reused
CUDA Graph id 6636 reused
CUDA Graph id 6638 reused
CUDA Graph id 6640 reused
CUDA Graph id 6642 reused
CUDA Graph id 6644 reused
CUDA Graph id 6548 reused
CUDA Graph id 6550 reused
CUDA Graph id 6552 reused
CUDA Graph id 6554 reused
CUDA Graph id 6556 reused
CUDA Graph id 6558 reused
CUDA Graph id 6560 reused
CUDA Graph id 6562 reused
CUDA Graph id 6564 reused
CUDA Graph id 6566 reused
CUDA Graph id 6568 reused
CUDA Graph id 6570 reused
CUDA Graph id 6572 reused
CUDA Graph id 6574 reused
CUDA Graph id 6576 reused
CUDA Graph id 6578 reused
CUDA Graph id 6580 reused
CUDA Graph id 6582 reused
CUDA Graph id 6584 reused
CUDA Graph id 6586 reused
CUDA Graph id 6588 reused
CUDA Graph id 6590 reused
CUDA Graph id 6592 reused
CUDA Graph id 6594 reused
CUDA Graph id 6596 reused
CUDA Graph id 6598 reused
CUDA Graph id 6600 reused
CUDA Graph id 6602 reused
CUDA Graph id 6604 reused
CUDA Graph id 6606 reused
CUDA Graph id 6608 reused
CUDA Graph id 6610 reused
CUDA Graph id 6612 reused
CUDA Graph id 6614 reused
CUDA Graph id 6616 reused
CUDA Graph id 6618 reused
CUDA Graph id 6620 reused
CUDA Graph id 6622 reused
CUDA Graph id 6624 reused
CUDA Graph id 6626 reused
CUDA Graph id 6628 reused
CUDA Graph id 6630 reused
CUDA Graph id 6632 reused
CUDA Graph id 6634 reused
CUDA Graph id 6636 reused
CUDA Graph id 6638 reused
CUDA Graph id 6640 reused
CUDA Graph id 6642 reused
CUDA Graph id 6644 reused
CUDA Graph id 6548 reused
CUDA Graph id 6550 reused
CUDA Graph id 6552 reused
CUDA Graph id 6554 reused
CUDA Graph id 6556 reused
CUDA Graph id 6558 reused
CUDA Graph id 6560 reused
CUDA Graph id 6562 reused
CUDA Graph id 6564 reused
CUDA Graph id 6566 reused
CUDA Graph id 6568 reused
CUDA Graph id 6570 reused
CUDA Graph id 6572 reused
CUDA Graph id 6574 reused
CUDA Graph id 6576 reused
CUDA Graph id 6578 reused
CUDA Graph id 6580 reused
CUDA Graph id 6582 reused
CUDA Graph id 6584 reused
CUDA Graph id 6586 reused
CUDA Graph id 6588 reused
CUDA Graph id 6590 reused
CUDA Graph id 6592 reused
CUDA Graph id 6594 reused
CUDA Graph id 6596 reused
CUDA Graph id 6598 reused
CUDA Graph id 6600 reused
CUDA Graph id 6602 reused
CUDA Graph id 6604 reused
CUDA Graph id 6606 reused
CUDA Graph id 6608 reused
CUDA Graph id 6610 reused
CUDA Graph id 6612 reused
CUDA Graph id 6614 reused
CUDA Graph id 6616 reused
CUDA Graph id 6618 reused
CUDA Graph id 6620 reused
CUDA Graph id 6622 reused
CUDA Graph id 6624 reused
CUDA Graph id 6626 reused
CUDA Graph id 6628 reused
CUDA Graph id 6630 reused
CUDA Graph id 6632 reused
CUDA Graph id 6634 reused
CUDA Graph id 6636 reused
CUDA Graph id 6638 reused
CUDA Graph id 6640 reused
CUDA Graph id 6642 reused
CUDA Graph id 6644 reused
CUDA Graph id 6548 reused
CUDA Graph id 6550 reused
CUDA Graph id 6552 reused
CUDA Graph id 6554 reused
CUDA Graph id 6556 reused
CUDA Graph id 6558 reused
CUDA Graph id 6560 reused
CUDA Graph id 6562 reused
CUDA Graph id 6564 reused
CUDA Graph id 6566 reused
CUDA Graph id 6568 reused
CUDA Graph id 6570 reused
CUDA Graph id 6572 reused
CUDA Graph id 6574 reused
CUDA Graph id 6576 reused
CUDA Graph id 6578 reused
CUDA Graph id 6580 reused
CUDA Graph id 6582 reused
CUDA Graph id 6584 reused
CUDA Graph id 6586 reused
CUDA Graph id 6588 reused
CUDA Graph id 6590 reused
CUDA Graph id 6592 reused
CUDA Graph id 6594 reused
CUDA Graph id 6596 reused
CUDA Graph id 6598 reused
CUDA Graph id 6600 reused
CUDA Graph id 6602 reused
CUDA Graph id 6604 reused
CUDA Graph id 6606 reused
CUDA Graph id 6608 reused
CUDA Graph id 6610 reused
CUDA Graph id 6612 reused
CUDA Graph id 6614 reused
CUDA Graph id 6616 reused
CUDA Graph id 6618 reused
CUDA Graph id 6620 reused
CUDA Graph id 6622 reused
CUDA Graph id 6624 reused
CUDA Graph id 6626 reused
CUDA Graph id 6628 reused
CUDA Graph id 6630 reused
CUDA Graph id 6632 reused
CUDA Graph id 6634 reused
CUDA Graph id 6636 reused
CUDA Graph id 6638 reused
CUDA Graph id 6640 reused
CUDA Graph id 6642 reused
CUDA Graph id 6644 reused
CUDA Graph id 6548 reused
CUDA Graph id 6550 reused
CUDA Graph id 6552 reused
CUDA Graph id 6554 reused
CUDA Graph id 6556 reused
CUDA Graph id 6558 reused
CUDA Graph id 6560 reused
CUDA Graph id 6562 reused
CUDA Graph id 6564 reused
CUDA Graph id 6566 reused
CUDA Graph id 6568 reused
CUDA Graph id 6570 reused
CUDA Graph id 6572 reused
CUDA Graph id 6574 reused
CUDA Graph id 6576 reused
CUDA Graph id 6578 reused
CUDA Graph id 6580 reused
CUDA Graph id 6582 reused
CUDA Graph id 6584 reused
CUDA Graph id 6586 reused
CUDA Graph id 6588 reused
CUDA Graph id 6590 reused
CUDA Graph id 6592 reused
CUDA Graph id 6594 reused
CUDA Graph id 6596 reused
CUDA Graph id 6598 reused
CUDA Graph id 6600 reused
CUDA Graph id 6602 reused
CUDA Graph id 6604 reused
CUDA Graph id 6606 reused
CUDA Graph id 6608 reused
CUDA Graph id 6610 reused
CUDA Graph id 6612 reused
CUDA Graph id 6614 reused
CUDA Graph id 6616 reused
CUDA Graph id 6618 reused
CUDA Graph id 6620 reused
CUDA Graph id 6622 reused
CUDA Graph id 6624 reused
CUDA Graph id 6626 reused
CUDA Graph id 6628 reused
CUDA Graph id 6630 reused
CUDA Graph id 6632 reused
CUDA Graph id 6634 reused
CUDA Graph id 6636 reused
CUDA Graph id 6638 reused
CUDA Graph id 6640 reused
CUDA Graph id 6642 reused
CUDA Graph id 6644 reused
CUDA Graph id 6548 reused
CUDA Graph id 6550 reused
CUDA Graph id 6552 reused
CUDA Graph id 6554 reused
CUDA Graph id 6556 reused
CUDA Graph id 6558 reused
CUDA Graph id 6560 reused
CUDA Graph id 6562 reused
CUDA Graph id 6564 reused
CUDA Graph id 6566 reused
CUDA Graph id 6568 reused
CUDA Graph id 6570 reused
CUDA Graph id 6572 reused
CUDA Graph id 6574 reused
CUDA Graph id 6576 reused
CUDA Graph id 6578 reused
CUDA Graph id 6580 reused
CUDA Graph id 6582 reused
CUDA Graph id 6584 reused
CUDA Graph id 6586 reused
CUDA Graph id 6588 reused
CUDA Graph id 6590 reused
CUDA Graph id 6592 reused
CUDA Graph id 6594 reused
CUDA Graph id 6596 reused
CUDA Graph id 6598 reused
CUDA Graph id 6600 reused
CUDA Graph id 6602 reused
CUDA Graph id 6604 reused
CUDA Graph id 6606 reused
CUDA Graph id 6608 reused
CUDA Graph id 6610 reused
CUDA Graph id 6612 reused
CUDA Graph id 6614 reused
CUDA Graph id 6616 reused
CUDA Graph id 6618 reused
CUDA Graph id 6620 reused
CUDA Graph id 6622 reused
CUDA Graph id 6624 reused
CUDA Graph id 6626 reused
CUDA Graph id 6628 reused
CUDA Graph id 6630 reused
CUDA Graph id 6632 reused
CUDA Graph id 6634 reused
CUDA Graph id 6636 reused
CUDA Graph id 6638 reused
CUDA Graph id 6640 reused
CUDA Graph id 6642 reused
CUDA Graph id 6644 reused
CUDA Graph id 6548 reused
CUDA Graph id 6550 reused
CUDA Graph id 6552 reused
CUDA Graph id 6554 reused
CUDA Graph id 6556 reused
CUDA Graph id 6558 reused
CUDA Graph id 6560 reused
CUDA Graph id 6562 reused
CUDA Graph id 6564 reused
CUDA Graph id 6566 reused
CUDA Graph id 6568 reused
CUDA Graph id 6570 reused
CUDA Graph id 6572 reused
CUDA Graph id 6574 reused
CUDA Graph id 6576 reused
CUDA Graph id 6578 reused
CUDA Graph id 6580 reused
CUDA Graph id 6582 reused
CUDA Graph id 6584 reused
CUDA Graph id 6586 reused
CUDA Graph id 6588 reused
CUDA Graph id 6590 reused
CUDA Graph id 6592 reused
CUDA Graph id 6594 reused
CUDA Graph id 6596 reused
CUDA Graph id 6598 reused
CUDA Graph id 6600 reused
CUDA Graph id 6602 reused
CUDA Graph id 6604 reused
CUDA Graph id 6606 reused
CUDA Graph id 6608 reused
CUDA Graph id 6610 reused
CUDA Graph id 6612 reused
CUDA Graph id 6614 reused
CUDA Graph id 6616 reused
CUDA Graph id 6618 reused
CUDA Graph id 6620 reused
CUDA Graph id 6622 reused
CUDA Graph id 6624 reused
CUDA Graph id 6626 reused
CUDA Graph id 6628 reused
CUDA Graph id 6630 reused
CUDA Graph id 6632 reused
CUDA Graph id 6634 reused
CUDA Graph id 6636 reused
CUDA Graph id 6638 reused
CUDA Graph id 6640 reused
CUDA Graph id 6642 reused
CUDA Graph id 6644 reused
CUDA Graph id 6548 reused
CUDA Graph id 6550 reused
CUDA Graph id 6552 reused
CUDA Graph id 6554 reused
CUDA Graph id 6556 reused
CUDA Graph id 6558 reused
CUDA Graph id 6560 reused
CUDA Graph id 6562 reused
CUDA Graph id 6564 reused
CUDA Graph id 6566 reused
CUDA Graph id 6568 reused
CUDA Graph id 6570 reused
CUDA Graph id 6572 reused
CUDA Graph id 6574 reused
CUDA Graph id 6576 reused
CUDA Graph id 6578 reused
CUDA Graph id 6580 reused
CUDA Graph id 6582 reused
CUDA Graph id 6584 reused
CUDA Graph id 6586 reused
CUDA Graph id 6588 reused
CUDA Graph id 6590 reused
CUDA Graph id 6592 reused
CUDA Graph id 6594 reused
CUDA Graph id 6596 reused
CUDA Graph id 6598 reused
CUDA Graph id 6600 reused
CUDA Graph id 6602 reused
CUDA Graph id 6604 reused
CUDA Graph id 6606 reused
CUDA Graph id 6608 reused
CUDA Graph id 6610 reused
CUDA Graph id 6612 reused
CUDA Graph id 6614 reused
CUDA Graph id 6616 reused
CUDA Graph id 6618 reused
CUDA Graph id 6620 reused
CUDA Graph id 6622 reused
CUDA Graph id 6624 reused
CUDA Graph id 6626 reused
CUDA Graph id 6628 reused
CUDA Graph id 6630 reused
CUDA Graph id 6632 reused
CUDA Graph id 6634 reused
CUDA Graph id 6636 reused
CUDA Graph id 6638 reused
CUDA Graph id 6640 reused
CUDA Graph id 6642 reused
CUDA Graph id 6644 reused
CUDA Graph id 6548 reused
CUDA Graph id 6550 reused
CUDA Graph id 6552 reused
CUDA Graph id 6554 reused
CUDA Graph id 6556 reused
CUDA Graph id 6558 reused
CUDA Graph id 6560 reused
CUDA Graph id 6562 reused
CUDA Graph id 6564 reused
CUDA Graph id 6566 reused
CUDA Graph id 6568 reused
CUDA Graph id 6570 reused
CUDA Graph id 6572 reused
CUDA Graph id 6574 reused
CUDA Graph id 6576 reused
CUDA Graph id 6578 reused
CUDA Graph id 6580 reused
CUDA Graph id 6582 reused
CUDA Graph id 6584 reused
CUDA Graph id 6586 reused
CUDA Graph id 6588 reused
CUDA Graph id 6590 reused
CUDA Graph id 6592 reused
CUDA Graph id 6594 reused
CUDA Graph id 6596 reused
CUDA Graph id 6598 reused
CUDA Graph id 6600 reused
CUDA Graph id 6602 reused
CUDA Graph id 6604 reused
CUDA Graph id 6606 reused
CUDA Graph id 6608 reused
CUDA Graph id 6610 reused
CUDA Graph id 6612 reused
CUDA Graph id 6614 reused
CUDA Graph id 6616 reused
CUDA Graph id 6618 reused
CUDA Graph id 6620 reused
CUDA Graph id 6622 reused
CUDA Graph id 6624 reused
CUDA Graph id 6626 reused
CUDA Graph id 6628 reused
CUDA Graph id 6630 reused
CUDA Graph id 6632 reused
CUDA Graph id 6634 reused
CUDA Graph id 6636 reused
CUDA Graph id 6638 reused
CUDA Graph id 6640 reused
CUDA Graph id 6642 reused
CUDA Graph id 6644 reused
CUDA Graph id 6548 reused
CUDA Graph id 6550 reused
CUDA Graph id 6552 reused
CUDA Graph id 6554 reused
CUDA Graph id 6556 reused
CUDA Graph id 6558 reused
CUDA Graph id 6560 reused
CUDA Graph id 6562 reused
CUDA Graph id 6564 reused
CUDA Graph id 6566 reused
CUDA Graph id 6568 reused
CUDA Graph id 6570 reused
CUDA Graph id 6572 reused
CUDA Graph id 6574 reused
CUDA Graph id 6576 reused
CUDA Graph id 6578 reused
CUDA Graph id 6580 reused
CUDA Graph id 6582 reused
CUDA Graph id 6584 reused
CUDA Graph id 6586 reused
CUDA Graph id 6588 reused
CUDA Graph id 6590 reused
CUDA Graph id 6592 reused
CUDA Graph id 6594 reused
CUDA Graph id 6596 reused
CUDA Graph id 6598 reused
CUDA Graph id 6600 reused
CUDA Graph id 6602 reused
CUDA Graph id 6604 reused
CUDA Graph id 6606 reused
CUDA Graph id 6608 reused
CUDA Graph id 6610 reused
CUDA Graph id 6612 reused
CUDA Graph id 6614 reused
CUDA Graph id 6616 reused
CUDA Graph id 6618 reused
CUDA Graph id 6620 reused
CUDA Graph id 6622 reused
CUDA Graph id 6624 reused
CUDA Graph id 6626 reused
CUDA Graph id 6628 reused
CUDA Graph id 6630 reused
CUDA Graph id 6632 reused
CUDA Graph id 6634 reused
CUDA Graph id 6636 reused
CUDA Graph id 6638 reused
CUDA Graph id 6640 reused
CUDA Graph id 6642 reused
CUDA Graph id 6644 reused
CUDA Graph id 6548 reused
CUDA Graph id 6550 reused
CUDA Graph id 6552 reused
CUDA Graph id 6554 reused
CUDA Graph id 6556 reused
CUDA Graph id 6558 reused
CUDA Graph id 6560 reused
CUDA Graph id 6562 reused
CUDA Graph id 6564 reused
CUDA Graph id 6566 reused
CUDA Graph id 6568 reused
CUDA Graph id 6570 reused
CUDA Graph id 6572 reused
CUDA Graph id 6574 reused
CUDA Graph id 6576 reused
CUDA Graph id 6578 reused
CUDA Graph id 6580 reused
CUDA Graph id 6582 reused
CUDA Graph id 6584 reused
CUDA Graph id 6586 reused
CUDA Graph id 6588 reused
CUDA Graph id 6590 reused
CUDA Graph id 6592 reused
CUDA Graph id 6594 reused
CUDA Graph id 6596 reused
CUDA Graph id 6598 reused
CUDA Graph id 6600 reused
CUDA Graph id 6602 reused
CUDA Graph id 6604 reused
CUDA Graph id 6606 reused
CUDA Graph id 6608 reused
CUDA Graph id 6610 reused
CUDA Graph id 6612 reused
CUDA Graph id 6614 reused
CUDA Graph id 6616 reused
CUDA Graph id 6618 reused
CUDA Graph id 6620 reused
CUDA Graph id 6622 reused
CUDA Graph id 6624 reused
CUDA Graph id 6626 reused
CUDA Graph id 6628 reused
CUDA Graph id 6630 reused
CUDA Graph id 6632 reused
CUDA Graph id 6634 reused
CUDA Graph id 6636 reused
CUDA Graph id 6638 reused
CUDA Graph id 6640 reused
CUDA Graph id 6642 reused
CUDA Graph id 6644 reused
ggml_backend_cuda_graph_compute: CUDA graph warmup reset
ggml_backend_cuda_graph_compute: CUDA graph warmup reset
ggml_backend_cuda_graph_compute: CUDA graph warmup reset
ggml_backend_cuda_graph_compute: CUDA graph warmup reset
ggml_backend_cuda_graph_compute: CUDA graph warmup reset
ggml_backend_cuda_graph_compute: CUDA graph warmup reset
ggml_backend_cuda_graph_compute: CUDA graph warmup reset
ggml_backend_cuda_graph_compute: CUDA graph warmup reset
ggml_backend_cuda_graph_compute: CUDA graph warmup reset
ggml_backend_cuda_graph_compute: CUDA graph warmup reset
ggml_backend_cuda_graph_compute: CUDA graph warmup reset
ggml_backend_cuda_graph_compute: CUDA graph warmup reset
ggml_backend_cuda_graph_compute: CUDA graph warmup reset
ggml_backend_cuda_graph_compute: CUDA graph warmup reset
ggml_backend_cuda_graph_compute: CUDA graph warmup reset
ggml_backend_cuda_graph_compute: CUDA graph warmup reset
ggml_backend_cuda_graph_compute: CUDA graph warmup reset
ggml_backend_cuda_graph_compute: CUDA graph warmup reset
ggml_backend_cuda_graph_compute: CUDA graph warmup reset
ggml_backend_cuda_graph_compute: CUDA graph warmup reset
ggml_backend_cuda_graph_compute: CUDA graph warmup reset
ggml_backend_cuda_graph_compute: CUDA graph warmup reset
ggml_backend_cuda_graph_compute: CUDA graph warmup reset
ggml_backend_cuda_graph_compute: CUDA graph warmup reset
ggml_backend_cuda_graph_compute: CUDA graph warmup reset
ggml_backend_cuda_graph_compute: CUDA graph warmup reset
ggml_backend_cuda_graph_compute: CUDA graph warmup reset
ggml_backend_cuda_graph_compute: CUDA graph warmup reset
ggml_backend_cuda_graph_compute: CUDA graph warmup reset
ggml_backend_cuda_graph_compute: CUDA graph warmup reset
ggml_backend_cuda_graph_compute: CUDA graph warmup reset
ggml_backend_cuda_graph_compute: CUDA graph warmup reset
ggml_backend_cuda_graph_compute: CUDA graph warmup reset
ggml_backend_cuda_graph_compute: CUDA graph warmup reset
ggml_backend_cuda_graph_compute: CUDA graph warmup reset
ggml_backend_cuda_graph_compute: CUDA graph warmup reset
ggml_backend_cuda_graph_compute: CUDA graph warmup reset
ggml_backend_cuda_graph_compute: CUDA graph warmup reset
ggml_backend_cuda_graph_compute: CUDA graph warmup reset
ggml_backend_cuda_graph_compute: CUDA graph warmup reset
ggml_backend_cuda_graph_compute: CUDA graph warmup reset
ggml_backend_cuda_graph_compute: CUDA graph warmup reset
ggml_backend_cuda_graph_compute: CUDA graph warmup reset
ggml_backend_cuda_graph_compute: CUDA graph warmup reset
ggml_backend_cuda_graph_compute: CUDA graph warmup reset
ggml_backend_cuda_graph_compute: CUDA graph warmup reset
ggml_backend_cuda_graph_compute: CUDA graph warmup reset
ggml_backend_cuda_graph_compute: CUDA graph warmup reset
ggml_backend_cuda_graph_compute: CUDA graph warmup reset
CUDA Graph id 6793 reused
ggml_backend_cuda_graph_compute: CUDA graph warmup complete
CUDA Graph id 6795 reused
ggml_backend_cuda_graph_compute: CUDA graph warmup complete
CUDA Graph id 6797 reused
ggml_backend_cuda_graph_compute: CUDA graph warmup complete
CUDA Graph id 6799 reused
ggml_backend_cuda_graph_compute: CUDA graph warmup complete
CUDA Graph id 6801 reused
ggml_backend_cuda_graph_compute: CUDA graph warmup complete
CUDA Graph id 6803 reused
ggml_backend_cuda_graph_compute: CUDA graph warmup complete
CUDA Graph id 6805 reused
ggml_backend_cuda_graph_compute: CUDA graph warmup complete
CUDA Graph id 6807 reused
ggml_backend_cuda_graph_compute: CUDA graph warmup complete
CUDA Graph id 6809 reused
ggml_backend_cuda_graph_compute: CUDA graph warmup complete
CUDA Graph id 6811 reused
ggml_backend_cuda_graph_compute: CUDA graph warmup complete
CUDA Graph id 6813 reused
ggml_backend_cuda_graph_compute: CUDA graph warmup complete
CUDA Graph id 6815 reused
ggml_backend_cuda_graph_compute: CUDA graph warmup complete
CUDA Graph id 6817 reused
ggml_backend_cuda_graph_compute: CUDA graph warmup complete
CUDA Graph id 6819 reused
ggml_backend_cuda_graph_compute: CUDA graph warmup complete
CUDA Graph id 6821 reused
ggml_backend_cuda_graph_compute: CUDA graph warmup complete
CUDA Graph id 6823 reused
ggml_backend_cuda_graph_compute: CUDA graph warmup complete
CUDA Graph id 6825 reused
ggml_backend_cuda_graph_compute: CUDA graph warmup complete
CUDA Graph id 6827 reused
ggml_backend_cuda_graph_compute: CUDA graph warmup complete
CUDA Graph id 6829 reused
ggml_backend_cuda_graph_compute: CUDA graph warmup complete
CUDA Graph id 6831 reused
ggml_backend_cuda_graph_compute: CUDA graph warmup complete
CUDA Graph id 6833 reused
ggml_backend_cuda_graph_compute: CUDA graph warmup complete
CUDA Graph id 6835 reused
ggml_backend_cuda_graph_compute: CUDA graph warmup complete
CUDA Graph id 6837 reused
ggml_backend_cuda_graph_compute: CUDA graph warmup complete
CUDA Graph id 6839 reused
ggml_backend_cuda_graph_compute: CUDA graph warmup complete
CUDA Graph id 6841 reused
ggml_backend_cuda_graph_compute: CUDA graph warmup complete
CUDA Graph id 6843 reused
ggml_backend_cuda_graph_compute: CUDA graph warmup complete
CUDA Graph id 6845 reused
ggml_backend_cuda_graph_compute: CUDA graph warmup complete
CUDA Graph id 6847 reused
ggml_backend_cuda_graph_compute: CUDA graph warmup complete
CUDA Graph id 6849 reused
ggml_backend_cuda_graph_compute: CUDA graph warmup complete
CUDA Graph id 6851 reused
ggml_backend_cuda_graph_compute: CUDA graph warmup complete
CUDA Graph id 6853 reused
ggml_backend_cuda_graph_compute: CUDA graph warmup complete
CUDA Graph id 6855 reused
ggml_backend_cuda_graph_compute: CUDA graph warmup complete
CUDA Graph id 6857 reused
ggml_backend_cuda_graph_compute: CUDA graph warmup complete
CUDA Graph id 6859 reused
ggml_backend_cuda_graph_compute: CUDA graph warmup complete
CUDA Graph id 6861 reused
ggml_backend_cuda_graph_compute: CUDA graph warmup complete
CUDA Graph id 6863 reused
ggml_backend_cuda_graph_compute: CUDA graph warmup complete
CUDA Graph id 6865 reused
ggml_backend_cuda_graph_compute: CUDA graph warmup complete
CUDA Graph id 6867 reused
ggml_backend_cuda_graph_compute: CUDA graph warmup complete
CUDA Graph id 6869 reused
ggml_backend_cuda_graph_compute: CUDA graph warmup complete
CUDA Graph id 6871 reused
ggml_backend_cuda_graph_compute: CUDA graph warmup complete
CUDA Graph id 6873 reused
ggml_backend_cuda_graph_compute: CUDA graph warmup complete
CUDA Graph id 6875 reused
ggml_backend_cuda_graph_compute: CUDA graph warmup complete
CUDA Graph id 6877 reused
ggml_backend_cuda_graph_compute: CUDA graph warmup complete
CUDA Graph id 6879 reused
ggml_backend_cuda_graph_compute: CUDA graph warmup complete
CUDA Graph id 6881 reused
ggml_backend_cuda_graph_compute: CUDA graph warmup complete
CUDA Graph id 6883 reused
ggml_backend_cuda_graph_compute: CUDA graph warmup complete
CUDA Graph id 6885 reused
ggml_backend_cuda_graph_compute: CUDA graph warmup complete
CUDA Graph id 6887 reused
ggml_backend_cuda_graph_compute: CUDA graph warmup complete
CUDA Graph id 6889 reused
ggml_backend_cuda_graph_compute: CUDA graph warmup complete
CUDA Graph id 6793 reused
CUDA Graph id 6795 reused
CUDA Graph id 6797 reused
CUDA Graph id 6799 reused
CUDA Graph id 6801 reused
CUDA Graph id 6803 reused
CUDA Graph id 6805 reused
CUDA Graph id 6807 reused
CUDA Graph id 6809 reused
CUDA Graph id 6811 reused
CUDA Graph id 6813 reused
CUDA Graph id 6815 reused
CUDA Graph id 6817 reused
CUDA Graph id 6819 reused
CUDA Graph id 6821 reused
CUDA Graph id 6823 reused
CUDA Graph id 6825 reused
CUDA Graph id 6827 reused
CUDA Graph id 6829 reused
CUDA Graph id 6831 reused
CUDA Graph id 6833 reused
CUDA Graph id 6835 reused
CUDA Graph id 6837 reused
CUDA Graph id 6839 reused
CUDA Graph id 6841 reused
CUDA Graph id 6843 reused
CUDA Graph id 6845 reused
CUDA Graph id 6847 reused
CUDA Graph id 6849 reused
CUDA Graph id 6851 reused
CUDA Graph id 6853 reused
CUDA Graph id 6855 reused
CUDA Graph id 6857 reused
CUDA Graph id 6859 reused
CUDA Graph id 6861 reused
CUDA Graph id 6863 reused
CUDA Graph id 6865 reused
CUDA Graph id 6867 reused
CUDA Graph id 6869 reused
CUDA Graph id 6871 reused
CUDA Graph id 6873 reused
CUDA Graph id 6875 reused
CUDA Graph id 6877 reused
CUDA Graph id 6879 reused
CUDA Graph id 6881 reused
CUDA Graph id 6883 reused
CUDA Graph id 6885 reused
CUDA Graph id 6887 reused
CUDA Graph id 6889 reused
CUDA Graph id 6793 reused
CUDA Graph id 6795 reused
CUDA Graph id 6797 reused
CUDA Graph id 6799 reused
CUDA Graph id 6801 reused
CUDA Graph id 6803 reused
CUDA Graph id 6805 reused
CUDA Graph id 6807 reused
CUDA Graph id 6809 reused
CUDA Graph id 6811 reused
CUDA Graph id 6813 reused
CUDA Graph id 6815 reused
CUDA Graph id 6817 reused
CUDA Graph id 6819 reused
CUDA Graph id 6821 reused
CUDA Graph id 6823 reused
CUDA Graph id 6825 reused
CUDA Graph id 6827 reused
CUDA Graph id 6829 reused
CUDA Graph id 6831 reused
CUDA Graph id 6833 reused
CUDA Graph id 6835 reused
CUDA Graph id 6837 reused
CUDA Graph id 6839 reused
CUDA Graph id 6841 reused
CUDA Graph id 6843 reused
CUDA Graph id 6845 reused
CUDA Graph id 6847 reused
CUDA Graph id 6849 reused
CUDA Graph id 6851 reused
CUDA Graph id 6853 reused
CUDA Graph id 6855 reused
CUDA Graph id 6857 reused
CUDA Graph id 6859 reused
CUDA Graph id 6861 reused
CUDA Graph id 6863 reused
CUDA Graph id 6865 reused
CUDA Graph id 6867 reused
CUDA Graph id 6869 reused
CUDA Graph id 6871 reused
CUDA Graph id 6873 reused
CUDA Graph id 6875 reused
CUDA Graph id 6877 reused
CUDA Graph id 6879 reused
CUDA Graph id 6881 reused
CUDA Graph id 6883 reused
CUDA Graph id 6885 reused
CUDA Graph id 6887 reused
CUDA Graph id 6889 reused
CUDA Graph id 6793 reused
CUDA Graph id 6795 reused
CUDA Graph id 6797 reused
CUDA Graph id 6799 reused
CUDA Graph id 6801 reused
CUDA Graph id 6803 reused
CUDA Graph id 6805 reused
CUDA Graph id 6807 reused
CUDA Graph id 6809 reused
CUDA Graph id 6811 reused
CUDA Graph id 6813 reused
CUDA Graph id 6815 reused
CUDA Graph id 6817 reused
CUDA Graph id 6819 reused
CUDA Graph id 6821 reused
CUDA Graph id 6823 reused
CUDA Graph id 6825 reused
CUDA Graph id 6827 reused
CUDA Graph id 6829 reused
CUDA Graph id 6831 reused
CUDA Graph id 6833 reused
CUDA Graph id 6835 reused
CUDA Graph id 6837 reused
CUDA Graph id 6839 reused
CUDA Graph id 6841 reused
CUDA Graph id 6843 reused
CUDA Graph id 6845 reused
CUDA Graph id 6847 reused
CUDA Graph id 6849 reused
CUDA Graph id 6851 reused
CUDA Graph id 6853 reused
CUDA Graph id 6855 reused
CUDA Graph id 6857 reused
CUDA Graph id 6859 reused
CUDA Graph id 6861 reused
CUDA Graph id 6863 reused
CUDA Graph id 6865 reused
CUDA Graph id 6867 reused
CUDA Graph id 6869 reused
CUDA Graph id 6871 reused
CUDA Graph id 6873 reused
CUDA Graph id 6875 reused
CUDA Graph id 6877 reused
CUDA Graph id 6879 reused
CUDA Graph id 6881 reused
CUDA Graph id 6883 reused
CUDA Graph id 6885 reused
CUDA Graph id 6887 reused
CUDA Graph id 6889 reused
CUDA Graph id 6793 reused
CUDA Graph id 6795 reused
CUDA Graph id 6797 reused
CUDA Graph id 6799 reused
CUDA Graph id 6801 reused
CUDA Graph id 6803 reused
CUDA Graph id 6805 reused
CUDA Graph id 6807 reused
CUDA Graph id 6809 reused
CUDA Graph id 6811 reused
CUDA Graph id 6813 reused
CUDA Graph id 6815 reused
CUDA Graph id 6817 reused
CUDA Graph id 6819 reused
CUDA Graph id 6821 reused
CUDA Graph id 6823 reused
CUDA Graph id 6825 reused
CUDA Graph id 6827 reused
CUDA Graph id 6829 reused
CUDA Graph id 6831 reused
CUDA Graph id 6833 reused
CUDA Graph id 6835 reused
CUDA Graph id 6837 reused
CUDA Graph id 6839 reused
CUDA Graph id 6841 reused
CUDA Graph id 6843 reused
CUDA Graph id 6845 reused
CUDA Graph id 6847 reused
CUDA Graph id 6849 reused
CUDA Graph id 6851 reused
CUDA Graph id 6853 reused
CUDA Graph id 6855 reused
CUDA Graph id 6857 reused
CUDA Graph id 6859 reused
CUDA Graph id 6861 reused
CUDA Graph id 6863 reused
CUDA Graph id 6865 reused
CUDA Graph id 6867 reused
CUDA Graph id 6869 reused
CUDA Graph id 6871 reused
CUDA Graph id 6873 reused
CUDA Graph id 6875 reused
CUDA Graph id 6877 reused
CUDA Graph id 6879 reused
CUDA Graph id 6881 reused
CUDA Graph id 6883 reused
CUDA Graph id 6885 reused
CUDA Graph id 6887 reused
CUDA Graph id 6889 reused
CUDA Graph id 6793 reused
CUDA Graph id 6795 reused
CUDA Graph id 6797 reused
CUDA Graph id 6799 reused
CUDA Graph id 6801 reused
CUDA Graph id 6803 reused
CUDA Graph id 6805 reused
CUDA Graph id 6807 reused
CUDA Graph id 6809 reused
CUDA Graph id 6811 reused
CUDA Graph id 6813 reused
CUDA Graph id 6815 reused
CUDA Graph id 6817 reused
CUDA Graph id 6819 reused
CUDA Graph id 6821 reused
CUDA Graph id 6823 reused
CUDA Graph id 6825 reused
CUDA Graph id 6827 reused
CUDA Graph id 6829 reused
CUDA Graph id 6831 reused
CUDA Graph id 6833 reused
CUDA Graph id 6835 reused
CUDA Graph id 6837 reused
CUDA Graph id 6839 reused
CUDA Graph id 6841 reused
CUDA Graph id 6843 reused
CUDA Graph id 6845 reused
CUDA Graph id 6847 reused
CUDA Graph id 6849 reused
CUDA Graph id 6851 reused
CUDA Graph id 6853 reused
CUDA Graph id 6855 reused
CUDA Graph id 6857 reused
CUDA Graph id 6859 reused
CUDA Graph id 6861 reused
CUDA Graph id 6863 reused
CUDA Graph id 6865 reused
CUDA Graph id 6867 reused
CUDA Graph id 6869 reused
CUDA Graph id 6871 reused
CUDA Graph id 6873 reused
CUDA Graph id 6875 reused
CUDA Graph id 6877 reused
CUDA Graph id 6879 reused
CUDA Graph id 6881 reused
CUDA Graph id 6883 reused
CUDA Graph id 6885 reused
CUDA Graph id 6887 reused
CUDA Graph id 6889 reused
CUDA Graph id 6793 reused
CUDA Graph id 6795 reused
CUDA Graph id 6797 reused
CUDA Graph id 6799 reused
CUDA Graph id 6801 reused
CUDA Graph id 6803 reused
CUDA Graph id 6805 reused
CUDA Graph id 6807 reused
CUDA Graph id 6809 reused
CUDA Graph id 6811 reused
CUDA Graph id 6813 reused
CUDA Graph id 6815 reused
CUDA Graph id 6817 reused
CUDA Graph id 6819 reused
CUDA Graph id 6821 reused
CUDA Graph id 6823 reused
CUDA Graph id 6825 reused
CUDA Graph id 6827 reused
CUDA Graph id 6829 reused
CUDA Graph id 6831 reused
CUDA Graph id 6833 reused
CUDA Graph id 6835 reused
CUDA Graph id 6837 reused
CUDA Graph id 6839 reused
CUDA Graph id 6841 reused
CUDA Graph id 6843 reused
CUDA Graph id 6845 reused
CUDA Graph id 6847 reused
CUDA Graph id 6849 reused
CUDA Graph id 6851 reused
CUDA Graph id 6853 reused
CUDA Graph id 6855 reused
CUDA Graph id 6857 reused
CUDA Graph id 6859 reused
CUDA Graph id 6861 reused
CUDA Graph id 6863 reused
CUDA Graph id 6865 reused
CUDA Graph id 6867 reused
CUDA Graph id 6869 reused
CUDA Graph id 6871 reused
CUDA Graph id 6873 reused
CUDA Graph id 6875 reused
CUDA Graph id 6877 reused
CUDA Graph id 6879 reused
CUDA Graph id 6881 reused
CUDA Graph id 6883 reused
CUDA Graph id 6885 reused
CUDA Graph id 6887 reused
CUDA Graph id 6889 reused
CUDA Graph id 6793 reused
CUDA Graph id 6795 reused
CUDA Graph id 6797 reused
CUDA Graph id 6799 reused
CUDA Graph id 6801 reused
CUDA Graph id 6803 reused
CUDA Graph id 6805 reused
CUDA Graph id 6807 reused
CUDA Graph id 6809 reused
CUDA Graph id 6811 reused
CUDA Graph id 6813 reused
CUDA Graph id 6815 reused
CUDA Graph id 6817 reused
CUDA Graph id 6819 reused
CUDA Graph id 6821 reused
CUDA Graph id 6823 reused
CUDA Graph id 6825 reused
CUDA Graph id 6827 reused
CUDA Graph id 6829 reused
CUDA Graph id 6831 reused
CUDA Graph id 6833 reused
CUDA Graph id 6835 reused
CUDA Graph id 6837 reused
CUDA Graph id 6839 reused
CUDA Graph id 6841 reused
CUDA Graph id 6843 reused
CUDA Graph id 6845 reused
CUDA Graph id 6847 reused
CUDA Graph id 6849 reused
CUDA Graph id 6851 reused
CUDA Graph id 6853 reused
CUDA Graph id 6855 reused
CUDA Graph id 6857 reused
CUDA Graph id 6859 reused
CUDA Graph id 6861 reused
CUDA Graph id 6863 reused
CUDA Graph id 6865 reused
CUDA Graph id 6867 reused
CUDA Graph id 6869 reused
CUDA Graph id 6871 reused
CUDA Graph id 6873 reused
CUDA Graph id 6875 reused
CUDA Graph id 6877 reused
CUDA Graph id 6879 reused
CUDA Graph id 6881 reused
CUDA Graph id 6883 reused
CUDA Graph id 6885 reused
CUDA Graph id 6887 reused
CUDA Graph id 6889 reused
CUDA Graph id 6793 reused
CUDA Graph id 6795 reused
CUDA Graph id 6797 reused
CUDA Graph id 6799 reused
CUDA Graph id 6801 reused
CUDA Graph id 6803 reused
CUDA Graph id 6805 reused
CUDA Graph id 6807 reused
CUDA Graph id 6809 reused
CUDA Graph id 6811 reused
CUDA Graph id 6813 reused
CUDA Graph id 6815 reused
CUDA Graph id 6817 reused
CUDA Graph id 6819 reused
CUDA Graph id 6821 reused
CUDA Graph id 6823 reused
CUDA Graph id 6825 reused
CUDA Graph id 6827 reused
CUDA Graph id 6829 reused
CUDA Graph id 6831 reused
CUDA Graph id 6833 reused
CUDA Graph id 6835 reused
CUDA Graph id 6837 reused
CUDA Graph id 6839 reused
CUDA Graph id 6841 reused
CUDA Graph id 6843 reused
CUDA Graph id 6845 reused
CUDA Graph id 6847 reused
CUDA Graph id 6849 reused
CUDA Graph id 6851 reused
CUDA Graph id 6853 reused
CUDA Graph id 6855 reused
CUDA Graph id 6857 reused
CUDA Graph id 6859 reused
CUDA Graph id 6861 reused
CUDA Graph id 6863 reused
CUDA Graph id 6865 reused
CUDA Graph id 6867 reused
CUDA Graph id 6869 reused
CUDA Graph id 6871 reused
CUDA Graph id 6873 reused
CUDA Graph id 6875 reused
CUDA Graph id 6877 reused
CUDA Graph id 6879 reused
CUDA Graph id 6881 reused
CUDA Graph id 6883 reused
CUDA Graph id 6885 reused
CUDA Graph id 6887 reused
CUDA Graph id 6889 reused
CUDA Graph id 6793 reused
CUDA Graph id 6795 reused
CUDA Graph id 6797 reused
CUDA Graph id 6799 reused
CUDA Graph id 6801 reused
CUDA Graph id 6803 reused
CUDA Graph id 6805 reused
CUDA Graph id 6807 reused
CUDA Graph id 6809 reused
CUDA Graph id 6811 reused
CUDA Graph id 6813 reused
CUDA Graph id 6815 reused
CUDA Graph id 6817 reused
CUDA Graph id 6819 reused
CUDA Graph id 6821 reused
CUDA Graph id 6823 reused
CUDA Graph id 6825 reused
CUDA Graph id 6827 reused
CUDA Graph id 6829 reused
CUDA Graph id 6831 reused
CUDA Graph id 6833 reused
CUDA Graph id 6835 reused
CUDA Graph id 6837 reused
CUDA Graph id 6839 reused
CUDA Graph id 6841 reused
CUDA Graph id 6843 reused
CUDA Graph id 6845 reused
CUDA Graph id 6847 reused
CUDA Graph id 6849 reused
CUDA Graph id 6851 reused
CUDA Graph id 6853 reused
CUDA Graph id 6855 reused
CUDA Graph id 6857 reused
CUDA Graph id 6859 reused
CUDA Graph id 6861 reused
CUDA Graph id 6863 reused
CUDA Graph id 6865 reused
CUDA Graph id 6867 reused
CUDA Graph id 6869 reused
CUDA Graph id 6871 reused
CUDA Graph id 6873 reused
CUDA Graph id 6875 reused
CUDA Graph id 6877 reused
CUDA Graph id 6879 reused
CUDA Graph id 6881 reused
CUDA Graph id 6883 reused
CUDA Graph id 6885 reused
CUDA Graph id 6887 reused
CUDA Graph id 6889 reused
CUDA Graph id 6793 reused
CUDA Graph id 6795 reused
CUDA Graph id 6797 reused
CUDA Graph id 6799 reused
CUDA Graph id 6801 reused
CUDA Graph id 6803 reused
CUDA Graph id 6805 reused
CUDA Graph id 6807 reused
CUDA Graph id 6809 reused
CUDA Graph id 6811 reused
CUDA Graph id 6813 reused
CUDA Graph id 6815 reused
CUDA Graph id 6817 reused
CUDA Graph id 6819 reused
CUDA Graph id 6821 reused
CUDA Graph id 6823 reused
CUDA Graph id 6825 reused
CUDA Graph id 6827 reused
CUDA Graph id 6829 reused
CUDA Graph id 6831 reused
CUDA Graph id 6833 reused
CUDA Graph id 6835 reused
CUDA Graph id 6837 reused
CUDA Graph id 6839 reused
CUDA Graph id 6841 reused
CUDA Graph id 6843 reused
CUDA Graph id 6845 reused
CUDA Graph id 6847 reused
CUDA Graph id 6849 reused
CUDA Graph id 6851 reused
CUDA Graph id 6853 reused
CUDA Graph id 6855 reused
CUDA Graph id 6857 reused
CUDA Graph id 6859 reused
CUDA Graph id 6861 reused
CUDA Graph id 6863 reused
CUDA Graph id 6865 reused
CUDA Graph id 6867 reused
CUDA Graph id 6869 reused
CUDA Graph id 6871 reused
CUDA Graph id 6873 reused
CUDA Graph id 6875 reused
CUDA Graph id 6877 reused
CUDA Graph id 6879 reused
CUDA Graph id 6881 reused
CUDA Graph id 6883 reused
CUDA Graph id 6885 reused
CUDA Graph id 6887 reused
CUDA Graph id 6889 reused
CUDA Graph id 6793 reused
CUDA Graph id 6795 reused
CUDA Graph id 6797 reused
CUDA Graph id 6799 reused
CUDA Graph id 6801 reused
CUDA Graph id 6803 reused
CUDA Graph id 6805 reused
CUDA Graph id 6807 reused
CUDA Graph id 6809 reused
CUDA Graph id 6811 reused
CUDA Graph id 6813 reused
CUDA Graph id 6815 reused
CUDA Graph id 6817 reused
CUDA Graph id 6819 reused
CUDA Graph id 6821 reused
CUDA Graph id 6823 reused
CUDA Graph id 6825 reused
CUDA Graph id 6827 reused
CUDA Graph id 6829 reused
CUDA Graph id 6831 reused
CUDA Graph id 6833 reused
CUDA Graph id 6835 reused
CUDA Graph id 6837 reused
CUDA Graph id 6839 reused
CUDA Graph id 6841 reused
CUDA Graph id 6843 reused
CUDA Graph id 6845 reused
CUDA Graph id 6847 reused
CUDA Graph id 6849 reused
CUDA Graph id 6851 reused
CUDA Graph id 6853 reused
CUDA Graph id 6855 reused
CUDA Graph id 6857 reused
CUDA Graph id 6859 reused
CUDA Graph id 6861 reused
CUDA Graph id 6863 reused
CUDA Graph id 6865 reused
CUDA Graph id 6867 reused
CUDA Graph id 6869 reused
CUDA Graph id 6871 reused
CUDA Graph id 6873 reused
CUDA Graph id 6875 reused
CUDA Graph id 6877 reused
CUDA Graph id 6879 reused
CUDA Graph id 6881 reused
CUDA Graph id 6883 reused
CUDA Graph id 6885 reused
CUDA Graph id 6887 reused
CUDA Graph id 6889 reused
CUDA Graph id 6793 reused
CUDA Graph id 6795 reused
CUDA Graph id 6797 reused
CUDA Graph id 6799 reused
CUDA Graph id 6801 reused
CUDA Graph id 6803 reused
CUDA Graph id 6805 reused
CUDA Graph id 6807 reused
CUDA Graph id 6809 reused
CUDA Graph id 6811 reused
CUDA Graph id 6813 reused
CUDA Graph id 6815 reused
CUDA Graph id 6817 reused
CUDA Graph id 6819 reused
CUDA Graph id 6821 reused
CUDA Graph id 6823 reused
CUDA Graph id 6825 reused
CUDA Graph id 6827 reused
CUDA Graph id 6829 reused
CUDA Graph id 6831 reused
CUDA Graph id 6833 reused
CUDA Graph id 6835 reused
CUDA Graph id 6837 reused
CUDA Graph id 6839 reused
CUDA Graph id 6841 reused
CUDA Graph id 6843 reused
CUDA Graph id 6845 reused
CUDA Graph id 6847 reused
CUDA Graph id 6849 reused
CUDA Graph id 6851 reused
CUDA Graph id 6853 reused
CUDA Graph id 6855 reused
CUDA Graph id 6857 reused
CUDA Graph id 6859 reused
CUDA Graph id 6861 reused
CUDA Graph id 6863 reused
CUDA Graph id 6865 reused
CUDA Graph id 6867 reused
CUDA Graph id 6869 reused
CUDA Graph id 6871 reused
CUDA Graph id 6873 reused
CUDA Graph id 6875 reused
CUDA Graph id 6877 reused
CUDA Graph id 6879 reused
CUDA Graph id 6881 reused
CUDA Graph id 6883 reused
CUDA Graph id 6885 reused
CUDA Graph id 6887 reused
CUDA Graph id 6889 reused
CUDA Graph id 6793 reused
CUDA Graph id 6795 reused
CUDA Graph id 6797 reused
CUDA Graph id 6799 reused
CUDA Graph id 6801 reused
CUDA Graph id 6803 reused
CUDA Graph id 6805 reused
CUDA Graph id 6807 reused
CUDA Graph id 6809 reused
CUDA Graph id 6811 reused
CUDA Graph id 6813 reused
CUDA Graph id 6815 reused
CUDA Graph id 6817 reused
CUDA Graph id 6819 reused
CUDA Graph id 6821 reused
CUDA Graph id 6823 reused
CUDA Graph id 6825 reused
CUDA Graph id 6827 reused
CUDA Graph id 6829 reused
CUDA Graph id 6831 reused
CUDA Graph id 6833 reused
CUDA Graph id 6835 reused
CUDA Graph id 6837 reused
CUDA Graph id 6839 reused
CUDA Graph id 6841 reused
CUDA Graph id 6843 reused
CUDA Graph id 6845 reused
CUDA Graph id 6847 reused
CUDA Graph id 6849 reused
CUDA Graph id 6851 reused
CUDA Graph id 6853 reused
CUDA Graph id 6855 reused
CUDA Graph id 6857 reused
CUDA Graph id 6859 reused
CUDA Graph id 6861 reused
CUDA Graph id 6863 reused
CUDA Graph id 6865 reused
CUDA Graph id 6867 reused
CUDA Graph id 6869 reused
CUDA Graph id 6871 reused
CUDA Graph id 6873 reused
CUDA Graph id 6875 reused
CUDA Graph id 6877 reused
CUDA Graph id 6879 reused
CUDA Graph id 6881 reused
CUDA Graph id 6883 reused
CUDA Graph id 6885 reused
CUDA Graph id 6887 reused
CUDA Graph id 6889 reused
CUDA Graph id 6793 reused
CUDA Graph id 6795 reused
CUDA Graph id 6797 reused
CUDA Graph id 6799 reused
CUDA Graph id 6801 reused
CUDA Graph id 6803 reused
CUDA Graph id 6805 reused
CUDA Graph id 6807 reused
CUDA Graph id 6809 reused
CUDA Graph id 6811 reused
CUDA Graph id 6813 reused
CUDA Graph id 6815 reused
CUDA Graph id 6817 reused
CUDA Graph id 6819 reused
CUDA Graph id 6821 reused
CUDA Graph id 6823 reused
CUDA Graph id 6825 reused
CUDA Graph id 6827 reused
CUDA Graph id 6829 reused
CUDA Graph id 6831 reused
CUDA Graph id 6833 reused
CUDA Graph id 6835 reused
CUDA Graph id 6837 reused
CUDA Graph id 6839 reused
CUDA Graph id 6841 reused
CUDA Graph id 6843 reused
CUDA Graph id 6845 reused
CUDA Graph id 6847 reused
CUDA Graph id 6849 reused
CUDA Graph id 6851 reused
CUDA Graph id 6853 reused
CUDA Graph id 6855 reused
CUDA Graph id 6857 reused
CUDA Graph id 6859 reused
CUDA Graph id 6861 reused
CUDA Graph id 6863 reused
CUDA Graph id 6865 reused
CUDA Graph id 6867 reused
CUDA Graph id 6869 reused
CUDA Graph id 6871 reused
CUDA Graph id 6873 reused
CUDA Graph id 6875 reused
CUDA Graph id 6877 reused
CUDA Graph id 6879 reused
CUDA Graph id 6881 reused
CUDA Graph id 6883 reused
CUDA Graph id 6885 reused
CUDA Graph id 6887 reused
CUDA Graph id 6889 reused
CUDA Graph id 6793 reused
CUDA Graph id 6795 reused
CUDA Graph id 6797 reused
CUDA Graph id 6799 reused
CUDA Graph id 6801 reused
CUDA Graph id 6803 reused
CUDA Graph id 6805 reused
CUDA Graph id 6807 reused
CUDA Graph id 6809 reused
CUDA Graph id 6811 reused
CUDA Graph id 6813 reused
CUDA Graph id 6815 reused
CUDA Graph id 6817 reused
CUDA Graph id 6819 reused
CUDA Graph id 6821 reused
CUDA Graph id 6823 reused
CUDA Graph id 6825 reused
CUDA Graph id 6827 reused
CUDA Graph id 6829 reused
CUDA Graph id 6831 reused
CUDA Graph id 6833 reused
CUDA Graph id 6835 reused
CUDA Graph id 6837 reused
CUDA Graph id 6839 reused
CUDA Graph id 6841 reused
CUDA Graph id 6843 reused
CUDA Graph id 6845 reused
CUDA Graph id 6847 reused
CUDA Graph id 6849 reused
CUDA Graph id 6851 reused
CUDA Graph id 6853 reused
CUDA Graph id 6855 reused
CUDA Graph id 6857 reused
CUDA Graph id 6859 reused
CUDA Graph id 6861 reused
CUDA Graph id 6863 reused
CUDA Graph id 6865 reused
CUDA Graph id 6867 reused
CUDA Graph id 6869 reused
CUDA Graph id 6871 reused
CUDA Graph id 6873 reused
CUDA Graph id 6875 reused
CUDA Graph id 6877 reused
CUDA Graph id 6879 reused
CUDA Graph id 6881 reused
CUDA Graph id 6883 reused
CUDA Graph id 6885 reused
CUDA Graph id 6887 reused
CUDA Graph id 6889 reused
CUDA Graph id 6793 reused
CUDA Graph id 6795 reused
CUDA Graph id 6797 reused
CUDA Graph id 6799 reused
CUDA Graph id 6801 reused
CUDA Graph id 6803 reused
CUDA Graph id 6805 reused
CUDA Graph id 6807 reused
CUDA Graph id 6809 reused
CUDA Graph id 6811 reused
CUDA Graph id 6813 reused
CUDA Graph id 6815 reused
CUDA Graph id 6817 reused
CUDA Graph id 6819 reused
CUDA Graph id 6821 reused
CUDA Graph id 6823 reused
CUDA Graph id 6825 reused
CUDA Graph id 6827 reused
CUDA Graph id 6829 reused
CUDA Graph id 6831 reused
CUDA Graph id 6833 reused
CUDA Graph id 6835 reused
CUDA Graph id 6837 reused
CUDA Graph id 6839 reused
CUDA Graph id 6841 reused
CUDA Graph id 6843 reused
CUDA Graph id 6845 reused
CUDA Graph id 6847 reused
CUDA Graph id 6849 reused
CUDA Graph id 6851 reused
CUDA Graph id 6853 reused
CUDA Graph id 6855 reused
CUDA Graph id 6857 reused
CUDA Graph id 6859 reused
CUDA Graph id 6861 reused
CUDA Graph id 6863 reused
CUDA Graph id 6865 reused
CUDA Graph id 6867 reused
CUDA Graph id 6869 reused
CUDA Graph id 6871 reused
CUDA Graph id 6873 reused
CUDA Graph id 6875 reused
CUDA Graph id 6877 reused
CUDA Graph id 6879 reused
CUDA Graph id 6881 reused
CUDA Graph id 6883 reused
CUDA Graph id 6885 reused
CUDA Graph id 6887 reused
CUDA Graph id 6889 reused
CUDA Graph id 6793 reused
CUDA Graph id 6795 reused
CUDA Graph id 6797 reused
CUDA Graph id 6799 reused
CUDA Graph id 6801 reused
CUDA Graph id 6803 reused
CUDA Graph id 6805 reused
CUDA Graph id 6807 reused
CUDA Graph id 6809 reused
CUDA Graph id 6811 reused
CUDA Graph id 6813 reused
CUDA Graph id 6815 reused
CUDA Graph id 6817 reused
CUDA Graph id 6819 reused
CUDA Graph id 6821 reused
CUDA Graph id 6823 reused
CUDA Graph id 6825 reused
CUDA Graph id 6827 reused
CUDA Graph id 6829 reused
CUDA Graph id 6831 reused
CUDA Graph id 6833 reused
CUDA Graph id 6835 reused
CUDA Graph id 6837 reused
CUDA Graph id 6839 reused
CUDA Graph id 6841 reused
CUDA Graph id 6843 reused
CUDA Graph id 6845 reused
CUDA Graph id 6847 reused
CUDA Graph id 6849 reused
CUDA Graph id 6851 reused
CUDA Graph id 6853 reused
CUDA Graph id 6855 reused
CUDA Graph id 6857 reused
CUDA Graph id 6859 reused
CUDA Graph id 6861 reused
CUDA Graph id 6863 reused
CUDA Graph id 6865 reused
CUDA Graph id 6867 reused
CUDA Graph id 6869 reused
CUDA Graph id 6871 reused
CUDA Graph id 6873 reused
CUDA Graph id 6875 reused
CUDA Graph id 6877 reused
CUDA Graph id 6879 reused
CUDA Graph id 6881 reused
CUDA Graph id 6883 reused
CUDA Graph id 6885 reused
CUDA Graph id 6887 reused
CUDA Graph id 6889 reused
CUDA Graph id 6793 reused
CUDA Graph id 6795 reused
CUDA Graph id 6797 reused
CUDA Graph id 6799 reused
CUDA Graph id 6801 reused
CUDA Graph id 6803 reused
CUDA Graph id 6805 reused
CUDA Graph id 6807 reused
CUDA Graph id 6809 reused
CUDA Graph id 6811 reused
CUDA Graph id 6813 reused
CUDA Graph id 6815 reused
CUDA Graph id 6817 reused
CUDA Graph id 6819 reused
CUDA Graph id 6821 reused
CUDA Graph id 6823 reused
CUDA Graph id 6825 reused
CUDA Graph id 6827 reused
CUDA Graph id 6829 reused
CUDA Graph id 6831 reused
CUDA Graph id 6833 reused
CUDA Graph id 6835 reused
CUDA Graph id 6837 reused
CUDA Graph id 6839 reused
CUDA Graph id 6841 reused
CUDA Graph id 6843 reused
CUDA Graph id 6845 reused
CUDA Graph id 6847 reused
CUDA Graph id 6849 reused
CUDA Graph id 6851 reused
CUDA Graph id 6853 reused
CUDA Graph id 6855 reused
CUDA Graph id 6857 reused
CUDA Graph id 6859 reused
CUDA Graph id 6861 reused
CUDA Graph id 6863 reused
CUDA Graph id 6865 reused
CUDA Graph id 6867 reused
CUDA Graph id 6869 reused
CUDA Graph id 6871 reused
CUDA Graph id 6873 reused
CUDA Graph id 6875 reused
CUDA Graph id 6877 reused
CUDA Graph id 6879 reused
CUDA Graph id 6881 reused
CUDA Graph id 6883 reused
CUDA Graph id 6885 reused
CUDA Graph id 6887 reused
CUDA Graph id 6889 reused
CUDA Graph id 6793 reused
CUDA Graph id 6795 reused
CUDA Graph id 6797 reused
CUDA Graph id 6799 reused
CUDA Graph id 6801 reused
CUDA Graph id 6803 reused
CUDA Graph id 6805 reused
CUDA Graph id 6807 reused
CUDA Graph id 6809 reused
CUDA Graph id 6811 reused
CUDA Graph id 6813 reused
CUDA Graph id 6815 reused
CUDA Graph id 6817 reused
CUDA Graph id 6819 reused
CUDA Graph id 6821 reused
CUDA Graph id 6823 reused
CUDA Graph id 6825 reused
CUDA Graph id 6827 reused
CUDA Graph id 6829 reused
CUDA Graph id 6831 reused
CUDA Graph id 6833 reused
CUDA Graph id 6835 reused
CUDA Graph id 6837 reused
CUDA Graph id 6839 reused
CUDA Graph id 6841 reused
CUDA Graph id 6843 reused
CUDA Graph id 6845 reused
CUDA Graph id 6847 reused
CUDA Graph id 6849 reused
CUDA Graph id 6851 reused
CUDA Graph id 6853 reused
CUDA Graph id 6855 reused
CUDA Graph id 6857 reused
CUDA Graph id 6859 reused
CUDA Graph id 6861 reused
CUDA Graph id 6863 reused
CUDA Graph id 6865 reused
CUDA Graph id 6867 reused
CUDA Graph id 6869 reused
CUDA Graph id 6871 reused
CUDA Graph id 6873 reused
CUDA Graph id 6875 reused
CUDA Graph id 6877 reused
CUDA Graph id 6879 reused
CUDA Graph id 6881 reused
CUDA Graph id 6883 reused
CUDA Graph id 6885 reused
CUDA Graph id 6887 reused
CUDA Graph id 6889 reused
CUDA Graph id 6793 reused
CUDA Graph id 6795 reused
CUDA Graph id 6797 reused
CUDA Graph id 6799 reused
CUDA Graph id 6801 reused
CUDA Graph id 6803 reused
CUDA Graph id 6805 reused
CUDA Graph id 6807 reused
CUDA Graph id 6809 reused
CUDA Graph id 6811 reused
CUDA Graph id 6813 reused
CUDA Graph id 6815 reused
CUDA Graph id 6817 reused
CUDA Graph id 6819 reused
CUDA Graph id 6821 reused
CUDA Graph id 6823 reused
CUDA Graph id 6825 reused
CUDA Graph id 6827 reused
CUDA Graph id 6829 reused
CUDA Graph id 6831 reused
CUDA Graph id 6833 reused
CUDA Graph id 6835 reused
CUDA Graph id 6837 reused
CUDA Graph id 6839 reused
CUDA Graph id 6841 reused
CUDA Graph id 6843 reused
CUDA Graph id 6845 reused
CUDA Graph id 6847 reused
CUDA Graph id 6849 reused
CUDA Graph id 6851 reused
CUDA Graph id 6853 reused
CUDA Graph id 6855 reused
CUDA Graph id 6857 reused
CUDA Graph id 6859 reused
CUDA Graph id 6861 reused
CUDA Graph id 6863 reused
CUDA Graph id 6865 reused
CUDA Graph id 6867 reused
CUDA Graph id 6869 reused
CUDA Graph id 6871 reused
CUDA Graph id 6873 reused
CUDA Graph id 6875 reused
CUDA Graph id 6877 reused
CUDA Graph id 6879 reused
CUDA Graph id 6881 reused
CUDA Graph id 6883 reused
CUDA Graph id 6885 reused
CUDA Graph id 6887 reused
CUDA Graph id 6889 reused
CUDA Graph id 6793 reused
CUDA Graph id 6795 reused
CUDA Graph id 6797 reused
CUDA Graph id 6799 reused
CUDA Graph id 6801 reused
CUDA Graph id 6803 reused
CUDA Graph id 6805 reused
CUDA Graph id 6807 reused
CUDA Graph id 6809 reused
CUDA Graph id 6811 reused
CUDA Graph id 6813 reused
CUDA Graph id 6815 reused
CUDA Graph id 6817 reused
CUDA Graph id 6819 reused
CUDA Graph id 6821 reused
CUDA Graph id 6823 reused
CUDA Graph id 6825 reused
CUDA Graph id 6827 reused
CUDA Graph id 6829 reused
CUDA Graph id 6831 reused
CUDA Graph id 6833 reused
CUDA Graph id 6835 reused
CUDA Graph id 6837 reused
CUDA Graph id 6839 reused
CUDA Graph id 6841 reused
CUDA Graph id 6843 reused
CUDA Graph id 6845 reused
CUDA Graph id 6847 reused
CUDA Graph id 6849 reused
CUDA Graph id 6851 reused
CUDA Graph id 6853 reused
CUDA Graph id 6855 reused
CUDA Graph id 6857 reused
CUDA Graph id 6859 reused
CUDA Graph id 6861 reused
CUDA Graph id 6863 reused
CUDA Graph id 6865 reused
CUDA Graph id 6867 reused
CUDA Graph id 6869 reused
CUDA Graph id 6871 reused
CUDA Graph id 6873 reused
CUDA Graph id 6875 reused
CUDA Graph id 6877 reused
CUDA Graph id 6879 reused
CUDA Graph id 6881 reused
CUDA Graph id 6883 reused
CUDA Graph id 6885 reused
CUDA Graph id 6887 reused
CUDA Graph id 6889 reused
CUDA Graph id 6793 reused
CUDA Graph id 6795 reused
CUDA Graph id 6797 reused
CUDA Graph id 6799 reused
CUDA Graph id 6801 reused
CUDA Graph id 6803 reused
CUDA Graph id 6805 reused
CUDA Graph id 6807 reused
CUDA Graph id 6809 reused
CUDA Graph id 6811 reused
CUDA Graph id 6813 reused
CUDA Graph id 6815 reused
CUDA Graph id 6817 reused
CUDA Graph id 6819 reused
CUDA Graph id 6821 reused
CUDA Graph id 6823 reused
CUDA Graph id 6825 reused
CUDA Graph id 6827 reused
CUDA Graph id 6829 reused
CUDA Graph id 6831 reused
CUDA Graph id 6833 reused
CUDA Graph id 6835 reused
CUDA Graph id 6837 reused
CUDA Graph id 6839 reused
CUDA Graph id 6841 reused
CUDA Graph id 6843 reused
CUDA Graph id 6845 reused
CUDA Graph id 6847 reused
CUDA Graph id 6849 reused
CUDA Graph id 6851 reused
CUDA Graph id 6853 reused
CUDA Graph id 6855 reused
CUDA Graph id 6857 reused
CUDA Graph id 6859 reused
CUDA Graph id 6861 reused
CUDA Graph id 6863 reused
CUDA Graph id 6865 reused
CUDA Graph id 6867 reused
CUDA Graph id 6869 reused
CUDA Graph id 6871 reused
CUDA Graph id 6873 reused
CUDA Graph id 6875 reused
CUDA Graph id 6877 reused
CUDA Graph id 6879 reused
CUDA Graph id 6881 reused
CUDA Graph id 6883 reused
CUDA Graph id 6885 reused
CUDA Graph id 6887 reused
CUDA Graph id 6889 reused
CUDA Graph id 6793 reused
CUDA Graph id 6795 reused
CUDA Graph id 6797 reused
CUDA Graph id 6799 reused
CUDA Graph id 6801 reused
CUDA Graph id 6803 reused
CUDA Graph id 6805 reused
CUDA Graph id 6807 reused
CUDA Graph id 6809 reused
CUDA Graph id 6811 reused
CUDA Graph id 6813 reused
CUDA Graph id 6815 reused
CUDA Graph id 6817 reused
CUDA Graph id 6819 reused
CUDA Graph id 6821 reused
CUDA Graph id 6823 reused
CUDA Graph id 6825 reused
CUDA Graph id 6827 reused
CUDA Graph id 6829 reused
CUDA Graph id 6831 reused
CUDA Graph id 6833 reused
CUDA Graph id 6835 reused
CUDA Graph id 6837 reused
CUDA Graph id 6839 reused
CUDA Graph id 6841 reused
CUDA Graph id 6843 reused
CUDA Graph id 6845 reused
CUDA Graph id 6847 reused
CUDA Graph id 6849 reused
CUDA Graph id 6851 reused
CUDA Graph id 6853 reused
CUDA Graph id 6855 reused
CUDA Graph id 6857 reused
CUDA Graph id 6859 reused
CUDA Graph id 6861 reused
CUDA Graph id 6863 reused
CUDA Graph id 6865 reused
CUDA Graph id 6867 reused
CUDA Graph id 6869 reused
CUDA Graph id 6871 reused
CUDA Graph id 6873 reused
CUDA Graph id 6875 reused
CUDA Graph id 6877 reused
CUDA Graph id 6879 reused
CUDA Graph id 6881 reused
CUDA Graph id 6883 reused
CUDA Graph id 6885 reused
CUDA Graph id 6887 reused
CUDA Graph id 6889 reused
CUDA Graph id 6793 reused
CUDA Graph id 6795 reused
CUDA Graph id 6797 reused
CUDA Graph id 6799 reused
CUDA Graph id 6801 reused
CUDA Graph id 6803 reused
CUDA Graph id 6805 reused
CUDA Graph id 6807 reused
CUDA Graph id 6809 reused
CUDA Graph id 6811 reused
CUDA Graph id 6813 reused
CUDA Graph id 6815 reused
CUDA Graph id 6817 reused
CUDA Graph id 6819 reused
CUDA Graph id 6821 reused
CUDA Graph id 6823 reused
CUDA Graph id 6825 reused
CUDA Graph id 6827 reused
CUDA Graph id 6829 reused
CUDA Graph id 6831 reused
CUDA Graph id 6833 reused
CUDA Graph id 6835 reused
CUDA Graph id 6837 reused
CUDA Graph id 6839 reused
CUDA Graph id 6841 reused
CUDA Graph id 6843 reused
CUDA Graph id 6845 reused
CUDA Graph id 6847 reused
CUDA Graph id 6849 reused
CUDA Graph id 6851 reused
CUDA Graph id 6853 reused
CUDA Graph id 6855 reused
CUDA Graph id 6857 reused
CUDA Graph id 6859 reused
CUDA Graph id 6861 reused
CUDA Graph id 6863 reused
CUDA Graph id 6865 reused
CUDA Graph id 6867 reused
CUDA Graph id 6869 reused
CUDA Graph id 6871 reused
CUDA Graph id 6873 reused
CUDA Graph id 6875 reused
CUDA Graph id 6877 reused
CUDA Graph id 6879 reused
CUDA Graph id 6881 reused
CUDA Graph id 6883 reused
CUDA Graph id 6885 reused
CUDA Graph id 6887 reused
CUDA Graph id 6889 reused
CUDA Graph id 6793 reused
CUDA Graph id 6795 reused
CUDA Graph id 6797 reused
CUDA Graph id 6799 reused
CUDA Graph id 6801 reused
CUDA Graph id 6803 reused
CUDA Graph id 6805 reused
CUDA Graph id 6807 reused
CUDA Graph id 6809 reused
CUDA Graph id 6811 reused
CUDA Graph id 6813 reused
CUDA Graph id 6815 reused
CUDA Graph id 6817 reused
CUDA Graph id 6819 reused
CUDA Graph id 6821 reused
CUDA Graph id 6823 reused
CUDA Graph id 6825 reused
CUDA Graph id 6827 reused
CUDA Graph id 6829 reused
CUDA Graph id 6831 reused
CUDA Graph id 6833 reused
CUDA Graph id 6835 reused
CUDA Graph id 6837 reused
CUDA Graph id 6839 reused
CUDA Graph id 6841 reused
CUDA Graph id 6843 reused
CUDA Graph id 6845 reused
CUDA Graph id 6847 reused
CUDA Graph id 6849 reused
CUDA Graph id 6851 reused
CUDA Graph id 6853 reused
CUDA Graph id 6855 reused
CUDA Graph id 6857 reused
CUDA Graph id 6859 reused
CUDA Graph id 6861 reused
CUDA Graph id 6863 reused
CUDA Graph id 6865 reused
CUDA Graph id 6867 reused
CUDA Graph id 6869 reused
CUDA Graph id 6871 reused
CUDA Graph id 6873 reused
CUDA Graph id 6875 reused
CUDA Graph id 6877 reused
CUDA Graph id 6879 reused
CUDA Graph id 6881 reused
CUDA Graph id 6883 reused
CUDA Graph id 6885 reused
CUDA Graph id 6887 reused
CUDA Graph id 6889 reused
CUDA Graph id 6793 reused
CUDA Graph id 6795 reused
CUDA Graph id 6797 reused
CUDA Graph id 6799 reused
CUDA Graph id 6801 reused
CUDA Graph id 6803 reused
CUDA Graph id 6805 reused
CUDA Graph id 6807 reused
CUDA Graph id 6809 reused
CUDA Graph id 6811 reused
CUDA Graph id 6813 reused
CUDA Graph id 6815 reused
CUDA Graph id 6817 reused
CUDA Graph id 6819 reused
CUDA Graph id 6821 reused
CUDA Graph id 6823 reused
CUDA Graph id 6825 reused
CUDA Graph id 6827 reused
CUDA Graph id 6829 reused
CUDA Graph id 6831 reused
CUDA Graph id 6833 reused
CUDA Graph id 6835 reused
CUDA Graph id 6837 reused
CUDA Graph id 6839 reused
CUDA Graph id 6841 reused
CUDA Graph id 6843 reused
CUDA Graph id 6845 reused
CUDA Graph id 6847 reused
CUDA Graph id 6849 reused
CUDA Graph id 6851 reused
CUDA Graph id 6853 reused
CUDA Graph id 6855 reused
CUDA Graph id 6857 reused
CUDA Graph id 6859 reused
CUDA Graph id 6861 reused
CUDA Graph id 6863 reused
CUDA Graph id 6865 reused
CUDA Graph id 6867 reused
CUDA Graph id 6869 reused
CUDA Graph id 6871 reused
CUDA Graph id 6873 reused
CUDA Graph id 6875 reused
CUDA Graph id 6877 reused
CUDA Graph id 6879 reused
CUDA Graph id 6881 reused
CUDA Graph id 6883 reused
CUDA Graph id 6885 reused
CUDA Graph id 6887 reused
CUDA Graph id 6889 reused
CUDA Graph id 6793 reused
CUDA Graph id 6795 reused
CUDA Graph id 6797 reused
CUDA Graph id 6799 reused
CUDA Graph id 6801 reused
CUDA Graph id 6803 reused
CUDA Graph id 6805 reused
CUDA Graph id 6807 reused
CUDA Graph id 6809 reused
CUDA Graph id 6811 reused
CUDA Graph id 6813 reused
CUDA Graph id 6815 reused
CUDA Graph id 6817 reused
CUDA Graph id 6819 reused
CUDA Graph id 6821 reused
CUDA Graph id 6823 reused
CUDA Graph id 6825 reused
CUDA Graph id 6827 reused
CUDA Graph id 6829 reused
CUDA Graph id 6831 reused
CUDA Graph id 6833 reused
CUDA Graph id 6835 reused
CUDA Graph id 6837 reused
CUDA Graph id 6839 reused
CUDA Graph id 6841 reused
CUDA Graph id 6843 reused
CUDA Graph id 6845 reused
CUDA Graph id 6847 reused
CUDA Graph id 6849 reused
CUDA Graph id 6851 reused
CUDA Graph id 6853 reused
CUDA Graph id 6855 reused
CUDA Graph id 6857 reused
CUDA Graph id 6859 reused
CUDA Graph id 6861 reused
CUDA Graph id 6863 reused
CUDA Graph id 6865 reused
CUDA Graph id 6867 reused
CUDA Graph id 6869 reused
CUDA Graph id 6871 reused
CUDA Graph id 6873 reused
CUDA Graph id 6875 reused
CUDA Graph id 6877 reused
CUDA Graph id 6879 reused
CUDA Graph id 6881 reused
CUDA Graph id 6883 reused
CUDA Graph id 6885 reused
CUDA Graph id 6887 reused
CUDA Graph id 6889 reused
CUDA Graph id 6793 reused
CUDA Graph id 6795 reused
CUDA Graph id 6797 reused
CUDA Graph id 6799 reused
CUDA Graph id 6801 reused
CUDA Graph id 6803 reused
CUDA Graph id 6805 reused
CUDA Graph id 6807 reused
CUDA Graph id 6809 reused
CUDA Graph id 6811 reused
CUDA Graph id 6813 reused
CUDA Graph id 6815 reused
CUDA Graph id 6817 reused
CUDA Graph id 6819 reused
CUDA Graph id 6821 reused
CUDA Graph id 6823 reused
CUDA Graph id 6825 reused
CUDA Graph id 6827 reused
CUDA Graph id 6829 reused
CUDA Graph id 6831 reused
CUDA Graph id 6833 reused
CUDA Graph id 6835 reused
CUDA Graph id 6837 reused
CUDA Graph id 6839 reused
CUDA Graph id 6841 reused
CUDA Graph id 6843 reused
CUDA Graph id 6845 reused
CUDA Graph id 6847 reused
CUDA Graph id 6849 reused
CUDA Graph id 6851 reused
CUDA Graph id 6853 reused
CUDA Graph id 6855 reused
CUDA Graph id 6857 reused
CUDA Graph id 6859 reused
CUDA Graph id 6861 reused
CUDA Graph id 6863 reused
CUDA Graph id 6865 reused
CUDA Graph id 6867 reused
CUDA Graph id 6869 reused
CUDA Graph id 6871 reused
CUDA Graph id 6873 reused
CUDA Graph id 6875 reused
CUDA Graph id 6877 reused
CUDA Graph id 6879 reused
CUDA Graph id 6881 reused
CUDA Graph id 6883 reused
CUDA Graph id 6885 reused
CUDA Graph id 6887 reused
CUDA Graph id 6889 reused
CUDA Graph id 6793 reused
CUDA Graph id 6795 reused
CUDA Graph id 6797 reused
CUDA Graph id 6799 reused
CUDA Graph id 6801 reused
CUDA Graph id 6803 reused
CUDA Graph id 6805 reused
CUDA Graph id 6807 reused
CUDA Graph id 6809 reused
CUDA Graph id 6811 reused
CUDA Graph id 6813 reused
CUDA Graph id 6815 reused
CUDA Graph id 6817 reused
CUDA Graph id 6819 reused
CUDA Graph id 6821 reused
CUDA Graph id 6823 reused
CUDA Graph id 6825 reused
CUDA Graph id 6827 reused
CUDA Graph id 6829 reused
CUDA Graph id 6831 reused
CUDA Graph id 6833 reused
CUDA Graph id 6835 reused
CUDA Graph id 6837 reused
CUDA Graph id 6839 reused
CUDA Graph id 6841 reused
CUDA Graph id 6843 reused
CUDA Graph id 6845 reused
CUDA Graph id 6847 reused
CUDA Graph id 6849 reused
CUDA Graph id 6851 reused
CUDA Graph id 6853 reused
CUDA Graph id 6855 reused
CUDA Graph id 6857 reused
CUDA Graph id 6859 reused
CUDA Graph id 6861 reused
CUDA Graph id 6863 reused
CUDA Graph id 6865 reused
CUDA Graph id 6867 reused
CUDA Graph id 6869 reused
CUDA Graph id 6871 reused
CUDA Graph id 6873 reused
CUDA Graph id 6875 reused
CUDA Graph id 6877 reused
CUDA Graph id 6879 reused
CUDA Graph id 6881 reused
CUDA Graph id 6883 reused
CUDA Graph id 6885 reused
CUDA Graph id 6887 reused
CUDA Graph id 6889 reused
ggml_backend_cuda_graph_compute: CUDA graph warmup reset
ggml_backend_cuda_graph_compute: CUDA graph warmup reset
ggml_backend_cuda_graph_compute: CUDA graph warmup complete
ggml_backend_cuda_graph_compute: CUDA graph warmup reset
ggml_backend_cuda_graph_compute: CUDA graph warmup reset
ggml_backend_cuda_graph_compute: CUDA graph warmup reset
ggml_backend_cuda_graph_compute: CUDA graph warmup reset
ggml_backend_cuda_graph_compute: CUDA graph warmup reset
ggml_backend_cuda_graph_compute: CUDA graph warmup reset
ggml_backend_cuda_graph_compute: CUDA graph warmup reset
ggml_backend_cuda_graph_compute: CUDA graph warmup reset
ggml_backend_cuda_graph_compute: CUDA graph warmup reset
ggml_backend_cuda_graph_compute: CUDA graph warmup reset
ggml_backend_cuda_graph_compute: CUDA graph warmup reset
ggml_backend_cuda_graph_compute: CUDA graph warmup reset
ggml_backend_cuda_graph_compute: CUDA graph warmup reset
ggml_backend_cuda_graph_compute: CUDA graph warmup reset
ggml_backend_cuda_graph_compute: CUDA graph warmup reset
ggml_backend_cuda_graph_compute: CUDA graph warmup reset
ggml_backend_cuda_graph_compute: CUDA graph warmup reset
ggml_backend_cuda_graph_compute: CUDA graph warmup reset
ggml_backend_cuda_graph_compute: CUDA graph warmup reset
ggml_backend_cuda_graph_compute: CUDA graph warmup reset
ggml_backend_cuda_graph_compute: CUDA graph warmup reset
ggml_backend_cuda_graph_compute: CUDA graph warmup reset
ggml_backend_cuda_graph_compute: CUDA graph warmup reset
ggml_backend_cuda_graph_compute: CUDA graph warmup reset
ggml_backend_cuda_graph_compute: CUDA graph warmup reset
ggml_backend_cuda_graph_compute: CUDA graph warmup reset
ggml_backend_cuda_graph_compute: CUDA graph warmup reset
ggml_backend_cuda_graph_compute: CUDA graph warmup reset
ggml_backend_cuda_graph_compute: CUDA graph warmup reset
ggml_backend_cuda_graph_compute: CUDA graph warmup reset
ggml_backend_cuda_graph_compute: CUDA graph warmup reset
ggml_backend_cuda_graph_compute: CUDA graph warmup reset
ggml_backend_cuda_graph_compute: CUDA graph warmup reset
ggml_backend_cuda_graph_compute: CUDA graph warmup reset
ggml_backend_cuda_graph_compute: CUDA graph warmup reset
ggml_backend_cuda_graph_compute: CUDA graph warmup reset
ggml_backend_cuda_graph_compute: CUDA graph warmup reset
ggml_backend_cuda_graph_compute: CUDA graph warmup reset
ggml_backend_cuda_graph_compute: CUDA graph warmup reset
ggml_backend_cuda_graph_compute: CUDA graph warmup reset
ggml_backend_cuda_graph_compute: CUDA graph warmup reset
ggml_backend_cuda_graph_compute: CUDA graph warmup reset
ggml_backend_cuda_graph_compute: CUDA graph warmup reset
ggml_backend_cuda_graph_compute: CUDA graph warmup reset
ggml_backend_cuda_graph_compute: CUDA graph warmup reset
ggml_backend_cuda_graph_compute: CUDA graph warmup reset
ggml_backend_cuda_graph_compute: CUDA graph warmup reset
ggml_backend_cuda_graph_compute: CUDA graph warmup reset
CUDA Graph id 7476 reused
ggml_backend_cuda_graph_compute: CUDA graph warmup complete
CUDA Graph id 7478 reused
ggml_backend_cuda_graph_compute: CUDA graph warmup complete
CUDA Graph id 7480 reused
ggml_backend_cuda_graph_compute: CUDA graph warmup complete
CUDA Graph id 7482 reused
ggml_backend_cuda_graph_compute: CUDA graph warmup complete
CUDA Graph id 7484 reused
ggml_backend_cuda_graph_compute: CUDA graph warmup complete
CUDA Graph id 7486 reused
ggml_backend_cuda_graph_compute: CUDA graph warmup complete
CUDA Graph id 7488 reused
ggml_backend_cuda_graph_compute: CUDA graph warmup complete
CUDA Graph id 7490 reused
ggml_backend_cuda_graph_compute: CUDA graph warmup complete
CUDA Graph id 7492 reused
ggml_backend_cuda_graph_compute: CUDA graph warmup complete
CUDA Graph id 7494 reused
ggml_backend_cuda_graph_compute: CUDA graph warmup complete
CUDA Graph id 7496 reused
ggml_backend_cuda_graph_compute: CUDA graph warmup complete
CUDA Graph id 7498 reused
ggml_backend_cuda_graph_compute: CUDA graph warmup complete
CUDA Graph id 7500 reused
ggml_backend_cuda_graph_compute: CUDA graph warmup complete
CUDA Graph id 7502 reused
ggml_backend_cuda_graph_compute: CUDA graph warmup complete
CUDA Graph id 7504 reused
ggml_backend_cuda_graph_compute: CUDA graph warmup complete
CUDA Graph id 7506 reused
ggml_backend_cuda_graph_compute: CUDA graph warmup complete
CUDA Graph id 7508 reused
ggml_backend_cuda_graph_compute: CUDA graph warmup complete
CUDA Graph id 7510 reused
ggml_backend_cuda_graph_compute: CUDA graph warmup complete
CUDA Graph id 7512 reused
ggml_backend_cuda_graph_compute: CUDA graph warmup complete
CUDA Graph id 7514 reused
ggml_backend_cuda_graph_compute: CUDA graph warmup complete
CUDA Graph id 7516 reused
ggml_backend_cuda_graph_compute: CUDA graph warmup complete
CUDA Graph id 7518 reused
ggml_backend_cuda_graph_compute: CUDA graph warmup complete
CUDA Graph id 7520 reused
ggml_backend_cuda_graph_compute: CUDA graph warmup complete
CUDA Graph id 7522 reused
ggml_backend_cuda_graph_compute: CUDA graph warmup complete
CUDA Graph id 7524 reused
ggml_backend_cuda_graph_compute: CUDA graph warmup complete
CUDA Graph id 7526 reused
ggml_backend_cuda_graph_compute: CUDA graph warmup complete
CUDA Graph id 7528 reused
ggml_backend_cuda_graph_compute: CUDA graph warmup complete
CUDA Graph id 7530 reused
ggml_backend_cuda_graph_compute: CUDA graph warmup complete
CUDA Graph id 7532 reused
ggml_backend_cuda_graph_compute: CUDA graph warmup complete
CUDA Graph id 7534 reused
ggml_backend_cuda_graph_compute: CUDA graph warmup complete
CUDA Graph id 7536 reused
ggml_backend_cuda_graph_compute: CUDA graph warmup complete
CUDA Graph id 7538 reused
ggml_backend_cuda_graph_compute: CUDA graph warmup complete
CUDA Graph id 7540 reused
ggml_backend_cuda_graph_compute: CUDA graph warmup complete
CUDA Graph id 7542 reused
ggml_backend_cuda_graph_compute: CUDA graph warmup complete
CUDA Graph id 7544 reused
ggml_backend_cuda_graph_compute: CUDA graph warmup complete
CUDA Graph id 7546 reused
ggml_backend_cuda_graph_compute: CUDA graph warmup complete
CUDA Graph id 7548 reused
ggml_backend_cuda_graph_compute: CUDA graph warmup complete
CUDA Graph id 7550 reused
ggml_backend_cuda_graph_compute: CUDA graph warmup complete
CUDA Graph id 7552 reused
ggml_backend_cuda_graph_compute: CUDA graph warmup complete
CUDA Graph id 7554 reused
ggml_backend_cuda_graph_compute: CUDA graph warmup complete
CUDA Graph id 7556 reused
ggml_backend_cuda_graph_compute: CUDA graph warmup complete
CUDA Graph id 7558 reused
ggml_backend_cuda_graph_compute: CUDA graph warmup complete
CUDA Graph id 7560 reused
ggml_backend_cuda_graph_compute: CUDA graph warmup complete
CUDA Graph id 7562 reused
ggml_backend_cuda_graph_compute: CUDA graph warmup complete
CUDA Graph id 7564 reused
ggml_backend_cuda_graph_compute: CUDA graph warmup complete
CUDA Graph id 7566 reused
ggml_backend_cuda_graph_compute: CUDA graph warmup complete
CUDA Graph id 7568 reused
ggml_backend_cuda_graph_compute: CUDA graph warmup complete
CUDA Graph id 7570 reused
ggml_backend_cuda_graph_compute: CUDA graph warmup complete
CUDA Graph id 7572 reused
ggml_backend_cuda_graph_compute: CUDA graph warmup complete
CUDA Graph id 7476 reused
CUDA Graph id 7478 reused
CUDA Graph id 7480 reused
CUDA Graph id 7482 reused
CUDA Graph id 7484 reused
CUDA Graph id 7486 reused
CUDA Graph id 7488 reused
CUDA Graph id 7490 reused
CUDA Graph id 7492 reused
CUDA Graph id 7494 reused
CUDA Graph id 7496 reused
CUDA Graph id 7498 reused
CUDA Graph id 7500 reused
CUDA Graph id 7502 reused
CUDA Graph id 7504 reused
CUDA Graph id 7506 reused
CUDA Graph id 7508 reused
CUDA Graph id 7510 reused
CUDA Graph id 7512 reused
CUDA Graph id 7514 reused
CUDA Graph id 7516 reused
CUDA Graph id 7518 reused
CUDA Graph id 7520 reused
CUDA Graph id 7522 reused
CUDA Graph id 7524 reused
CUDA Graph id 7526 reused
CUDA Graph id 7528 reused
CUDA Graph id 7530 reused
CUDA Graph id 7532 reused
CUDA Graph id 7534 reused
CUDA Graph id 7536 reused
CUDA Graph id 7538 reused
CUDA Graph id 7540 reused
CUDA Graph id 7542 reused
CUDA Graph id 7544 reused
CUDA Graph id 7546 reused
CUDA Graph id 7548 reused
CUDA Graph id 7550 reused
CUDA Graph id 7552 reused
CUDA Graph id 7554 reused
CUDA Graph id 7556 reused
CUDA Graph id 7558 reused
CUDA Graph id 7560 reused
CUDA Graph id 7562 reused
CUDA Graph id 7564 reused
CUDA Graph id 7566 reused
CUDA Graph id 7568 reused
CUDA Graph id 7570 reused
CUDA Graph id 7572 reused
CUDA Graph id 7476 reused
CUDA Graph id 7478 reused
CUDA Graph id 7480 reused
CUDA Graph id 7482 reused
CUDA Graph id 7484 reused
CUDA Graph id 7486 reused
CUDA Graph id 7488 reused
CUDA Graph id 7490 reused
CUDA Graph id 7492 reused
CUDA Graph id 7494 reused
CUDA Graph id 7496 reused
CUDA Graph id 7498 reused
CUDA Graph id 7500 reused
CUDA Graph id 7502 reused
CUDA Graph id 7504 reused
CUDA Graph id 7506 reused
CUDA Graph id 7508 reused
CUDA Graph id 7510 reused
CUDA Graph id 7512 reused
CUDA Graph id 7514 reused
CUDA Graph id 7516 reused
CUDA Graph id 7518 reused
CUDA Graph id 7520 reused
CUDA Graph id 7522 reused
CUDA Graph id 7524 reused
CUDA Graph id 7526 reused
CUDA Graph id 7528 reused
CUDA Graph id 7530 reused
CUDA Graph id 7532 reused
CUDA Graph id 7534 reused
CUDA Graph id 7536 reused
CUDA Graph id 7538 reused
CUDA Graph id 7540 reused
CUDA Graph id 7542 reused
CUDA Graph id 7544 reused
CUDA Graph id 7546 reused
CUDA Graph id 7548 reused
CUDA Graph id 7550 reused
CUDA Graph id 7552 reused
CUDA Graph id 7554 reused
CUDA Graph id 7556 reused
CUDA Graph id 7558 reused
CUDA Graph id 7560 reused
CUDA Graph id 7562 reused
CUDA Graph id 7564 reused
CUDA Graph id 7566 reused
CUDA Graph id 7568 reused
CUDA Graph id 7570 reused
CUDA Graph id 7572 reused
CUDA Graph id 7476 reused
CUDA Graph id 7478 reused
CUDA Graph id 7480 reused
CUDA Graph id 7482 reused
CUDA Graph id 7484 reused
CUDA Graph id 7486 reused
CUDA Graph id 7488 reused
CUDA Graph id 7490 reused
CUDA Graph id 7492 reused
CUDA Graph id 7494 reused
CUDA Graph id 7496 reused
CUDA Graph id 7498 reused
CUDA Graph id 7500 reused
CUDA Graph id 7502 reused
CUDA Graph id 7504 reused
CUDA Graph id 7506 reused
CUDA Graph id 7508 reused
CUDA Graph id 7510 reused
CUDA Graph id 7512 reused
CUDA Graph id 7514 reused
CUDA Graph id 7516 reused
CUDA Graph id 7518 reused
CUDA Graph id 7520 reused
CUDA Graph id 7522 reused
CUDA Graph id 7524 reused
CUDA Graph id 7526 reused
CUDA Graph id 7528 reused
CUDA Graph id 7530 reused
CUDA Graph id 7532 reused
CUDA Graph id 7534 reused
CUDA Graph id 7536 reused
CUDA Graph id 7538 reused
CUDA Graph id 7540 reused
CUDA Graph id 7542 reused
CUDA Graph id 7544 reused
CUDA Graph id 7546 reused
CUDA Graph id 7548 reused
CUDA Graph id 7550 reused
CUDA Graph id 7552 reused
CUDA Graph id 7554 reused
CUDA Graph id 7556 reused
CUDA Graph id 7558 reused
CUDA Graph id 7560 reused
CUDA Graph id 7562 reused
CUDA Graph id 7564 reused
CUDA Graph id 7566 reused
CUDA Graph id 7568 reused
CUDA Graph id 7570 reused
CUDA Graph id 7572 reused
CUDA Graph id 7476 reused
CUDA Graph id 7478 reused
CUDA Graph id 7480 reused
CUDA Graph id 7482 reused
CUDA Graph id 7484 reused
CUDA Graph id 7486 reused
CUDA Graph id 7488 reused
CUDA Graph id 7490 reused
CUDA Graph id 7492 reused
CUDA Graph id 7494 reused
CUDA Graph id 7496 reused
CUDA Graph id 7498 reused
CUDA Graph id 7500 reused
CUDA Graph id 7502 reused
CUDA Graph id 7504 reused
CUDA Graph id 7506 reused
CUDA Graph id 7508 reused
CUDA Graph id 7510 reused
CUDA Graph id 7512 reused
CUDA Graph id 7514 reused
CUDA Graph id 7516 reused
CUDA Graph id 7518 reused
CUDA Graph id 7520 reused
CUDA Graph id 7522 reused
CUDA Graph id 7524 reused
CUDA Graph id 7526 reused
CUDA Graph id 7528 reused
CUDA Graph id 7530 reused
CUDA Graph id 7532 reused
CUDA Graph id 7534 reused
CUDA Graph id 7536 reused
CUDA Graph id 7538 reused
CUDA Graph id 7540 reused
CUDA Graph id 7542 reused
CUDA Graph id 7544 reused
CUDA Graph id 7546 reused
CUDA Graph id 7548 reused
CUDA Graph id 7550 reused
CUDA Graph id 7552 reused
CUDA Graph id 7554 reused
CUDA Graph id 7556 reused
CUDA Graph id 7558 reused
CUDA Graph id 7560 reused
CUDA Graph id 7562 reused
CUDA Graph id 7564 reused
CUDA Graph id 7566 reused
CUDA Graph id 7568 reused
CUDA Graph id 7570 reused
CUDA Graph id 7572 reused
CUDA Graph id 7476 reused
CUDA Graph id 7478 reused
CUDA Graph id 7480 reused
CUDA Graph id 7482 reused
CUDA Graph id 7484 reused
CUDA Graph id 7486 reused
CUDA Graph id 7488 reused
CUDA Graph id 7490 reused
CUDA Graph id 7492 reused
CUDA Graph id 7494 reused
CUDA Graph id 7496 reused
CUDA Graph id 7498 reused
CUDA Graph id 7500 reused
CUDA Graph id 7502 reused
CUDA Graph id 7504 reused
CUDA Graph id 7506 reused
CUDA Graph id 7508 reused
CUDA Graph id 7510 reused
CUDA Graph id 7512 reused
CUDA Graph id 7514 reused
CUDA Graph id 7516 reused
CUDA Graph id 7518 reused
CUDA Graph id 7520 reused
CUDA Graph id 7522 reused
CUDA Graph id 7524 reused
CUDA Graph id 7526 reused
CUDA Graph id 7528 reused
CUDA Graph id 7530 reused
CUDA Graph id 7532 reused
CUDA Graph id 7534 reused
CUDA Graph id 7536 reused
CUDA Graph id 7538 reused
CUDA Graph id 7540 reused
CUDA Graph id 7542 reused
CUDA Graph id 7544 reused
CUDA Graph id 7546 reused
CUDA Graph id 7548 reused
CUDA Graph id 7550 reused
CUDA Graph id 7552 reused
CUDA Graph id 7554 reused
CUDA Graph id 7556 reused
CUDA Graph id 7558 reused
CUDA Graph id 7560 reused
CUDA Graph id 7562 reused
CUDA Graph id 7564 reused
CUDA Graph id 7566 reused
CUDA Graph id 7568 reused
CUDA Graph id 7570 reused
CUDA Graph id 7572 reused
CUDA Graph id 7476 reused
CUDA Graph id 7478 reused
CUDA Graph id 7480 reused
CUDA Graph id 7482 reused
CUDA Graph id 7484 reused
CUDA Graph id 7486 reused
CUDA Graph id 7488 reused
CUDA Graph id 7490 reused
CUDA Graph id 7492 reused
CUDA Graph id 7494 reused
CUDA Graph id 7496 reused
CUDA Graph id 7498 reused
CUDA Graph id 7500 reused
CUDA Graph id 7502 reused
CUDA Graph id 7504 reused
CUDA Graph id 7506 reused
CUDA Graph id 7508 reused
CUDA Graph id 7510 reused
CUDA Graph id 7512 reused
CUDA Graph id 7514 reused
CUDA Graph id 7516 reused
CUDA Graph id 7518 reused
CUDA Graph id 7520 reused
CUDA Graph id 7522 reused
CUDA Graph id 7524 reused
CUDA Graph id 7526 reused
CUDA Graph id 7528 reused
CUDA Graph id 7530 reused
CUDA Graph id 7532 reused
CUDA Graph id 7534 reused
CUDA Graph id 7536 reused
CUDA Graph id 7538 reused
CUDA Graph id 7540 reused
CUDA Graph id 7542 reused
CUDA Graph id 7544 reused
CUDA Graph id 7546 reused
CUDA Graph id 7548 reused
CUDA Graph id 7550 reused
CUDA Graph id 7552 reused
CUDA Graph id 7554 reused
CUDA Graph id 7556 reused
CUDA Graph id 7558 reused
CUDA Graph id 7560 reused
CUDA Graph id 7562 reused
CUDA Graph id 7564 reused
CUDA Graph id 7566 reused
CUDA Graph id 7568 reused
CUDA Graph id 7570 reused
CUDA Graph id 7572 reused
CUDA Graph id 7476 reused
CUDA Graph id 7478 reused
CUDA Graph id 7480 reused
CUDA Graph id 7482 reused
CUDA Graph id 7484 reused
CUDA Graph id 7486 reused
CUDA Graph id 7488 reused
CUDA Graph id 7490 reused
CUDA Graph id 7492 reused
CUDA Graph id 7494 reused
CUDA Graph id 7496 reused
CUDA Graph id 7498 reused
CUDA Graph id 7500 reused
CUDA Graph id 7502 reused
CUDA Graph id 7504 reused
CUDA Graph id 7506 reused
CUDA Graph id 7508 reused
CUDA Graph id 7510 reused
CUDA Graph id 7512 reused
CUDA Graph id 7514 reused
CUDA Graph id 7516 reused
CUDA Graph id 7518 reused
CUDA Graph id 7520 reused
CUDA Graph id 7522 reused
CUDA Graph id 7524 reused
CUDA Graph id 7526 reused
CUDA Graph id 7528 reused
CUDA Graph id 7530 reused
CUDA Graph id 7532 reused
CUDA Graph id 7534 reused
CUDA Graph id 7536 reused
CUDA Graph id 7538 reused
CUDA Graph id 7540 reused
CUDA Graph id 7542 reused
CUDA Graph id 7544 reused
CUDA Graph id 7546 reused
CUDA Graph id 7548 reused
CUDA Graph id 7550 reused
CUDA Graph id 7552 reused
CUDA Graph id 7554 reused
CUDA Graph id 7556 reused
CUDA Graph id 7558 reused
CUDA Graph id 7560 reused
CUDA Graph id 7562 reused
CUDA Graph id 7564 reused
CUDA Graph id 7566 reused
CUDA Graph id 7568 reused
CUDA Graph id 7570 reused
CUDA Graph id 7572 reused
CUDA Graph id 7476 reused
CUDA Graph id 7478 reused
CUDA Graph id 7480 reused
CUDA Graph id 7482 reused
CUDA Graph id 7484 reused
CUDA Graph id 7486 reused
CUDA Graph id 7488 reused
CUDA Graph id 7490 reused
CUDA Graph id 7492 reused
CUDA Graph id 7494 reused
CUDA Graph id 7496 reused
CUDA Graph id 7498 reused
CUDA Graph id 7500 reused
CUDA Graph id 7502 reused
CUDA Graph id 7504 reused
CUDA Graph id 7506 reused
CUDA Graph id 7508 reused
CUDA Graph id 7510 reused
CUDA Graph id 7512 reused
CUDA Graph id 7514 reused
CUDA Graph id 7516 reused
CUDA Graph id 7518 reused
CUDA Graph id 7520 reused
CUDA Graph id 7522 reused
CUDA Graph id 7524 reused
CUDA Graph id 7526 reused
CUDA Graph id 7528 reused
CUDA Graph id 7530 reused
CUDA Graph id 7532 reused
CUDA Graph id 7534 reused
CUDA Graph id 7536 reused
CUDA Graph id 7538 reused
CUDA Graph id 7540 reused
CUDA Graph id 7542 reused
CUDA Graph id 7544 reused
CUDA Graph id 7546 reused
CUDA Graph id 7548 reused
CUDA Graph id 7550 reused
CUDA Graph id 7552 reused
CUDA Graph id 7554 reused
CUDA Graph id 7556 reused
CUDA Graph id 7558 reused
CUDA Graph id 7560 reused
CUDA Graph id 7562 reused
CUDA Graph id 7564 reused
CUDA Graph id 7566 reused
CUDA Graph id 7568 reused
CUDA Graph id 7570 reused
CUDA Graph id 7572 reused
CUDA Graph id 7476 reused
CUDA Graph id 7478 reused
CUDA Graph id 7480 reused
CUDA Graph id 7482 reused
CUDA Graph id 7484 reused
CUDA Graph id 7486 reused
CUDA Graph id 7488 reused
CUDA Graph id 7490 reused
CUDA Graph id 7492 reused
CUDA Graph id 7494 reused
CUDA Graph id 7496 reused
CUDA Graph id 7498 reused
CUDA Graph id 7500 reused
CUDA Graph id 7502 reused
CUDA Graph id 7504 reused
CUDA Graph id 7506 reused
CUDA Graph id 7508 reused
CUDA Graph id 7510 reused
CUDA Graph id 7512 reused
CUDA Graph id 7514 reused
CUDA Graph id 7516 reused
CUDA Graph id 7518 reused
CUDA Graph id 7520 reused
CUDA Graph id 7522 reused
CUDA Graph id 7524 reused
CUDA Graph id 7526 reused
CUDA Graph id 7528 reused
CUDA Graph id 7530 reused
CUDA Graph id 7532 reused
CUDA Graph id 7534 reused
CUDA Graph id 7536 reused
CUDA Graph id 7538 reused
CUDA Graph id 7540 reused
CUDA Graph id 7542 reused
CUDA Graph id 7544 reused
CUDA Graph id 7546 reused
CUDA Graph id 7548 reused
CUDA Graph id 7550 reused
CUDA Graph id 7552 reused
CUDA Graph id 7554 reused
CUDA Graph id 7556 reused
CUDA Graph id 7558 reused
CUDA Graph id 7560 reused
CUDA Graph id 7562 reused
CUDA Graph id 7564 reused
CUDA Graph id 7566 reused
CUDA Graph id 7568 reused
CUDA Graph id 7570 reused
CUDA Graph id 7572 reused
CUDA Graph id 7476 reused
CUDA Graph id 7478 reused
CUDA Graph id 7480 reused
CUDA Graph id 7482 reused
CUDA Graph id 7484 reused
CUDA Graph id 7486 reused
CUDA Graph id 7488 reused
CUDA Graph id 7490 reused
CUDA Graph id 7492 reused
CUDA Graph id 7494 reused
CUDA Graph id 7496 reused
CUDA Graph id 7498 reused
CUDA Graph id 7500 reused
CUDA Graph id 7502 reused
CUDA Graph id 7504 reused
CUDA Graph id 7506 reused
CUDA Graph id 7508 reused
CUDA Graph id 7510 reused
CUDA Graph id 7512 reused
CUDA Graph id 7514 reused
CUDA Graph id 7516 reused
CUDA Graph id 7518 reused
CUDA Graph id 7520 reused
CUDA Graph id 7522 reused
CUDA Graph id 7524 reused
CUDA Graph id 7526 reused
CUDA Graph id 7528 reused
CUDA Graph id 7530 reused
CUDA Graph id 7532 reused
CUDA Graph id 7534 reused
CUDA Graph id 7536 reused
CUDA Graph id 7538 reused
CUDA Graph id 7540 reused
CUDA Graph id 7542 reused
CUDA Graph id 7544 reused
CUDA Graph id 7546 reused
CUDA Graph id 7548 reused
CUDA Graph id 7550 reused
CUDA Graph id 7552 reused
CUDA Graph id 7554 reused
CUDA Graph id 7556 reused
CUDA Graph id 7558 reused
CUDA Graph id 7560 reused
CUDA Graph id 7562 reused
CUDA Graph id 7564 reused
CUDA Graph id 7566 reused
CUDA Graph id 7568 reused
CUDA Graph id 7570 reused
CUDA Graph id 7572 reused
CUDA Graph id 7476 reused
CUDA Graph id 7478 reused
CUDA Graph id 7480 reused
CUDA Graph id 7482 reused
CUDA Graph id 7484 reused
CUDA Graph id 7486 reused
CUDA Graph id 7488 reused
CUDA Graph id 7490 reused
CUDA Graph id 7492 reused
CUDA Graph id 7494 reused
CUDA Graph id 7496 reused
CUDA Graph id 7498 reused
CUDA Graph id 7500 reused
CUDA Graph id 7502 reused
CUDA Graph id 7504 reused
CUDA Graph id 7506 reused
CUDA Graph id 7508 reused
CUDA Graph id 7510 reused
CUDA Graph id 7512 reused
CUDA Graph id 7514 reused
CUDA Graph id 7516 reused
CUDA Graph id 7518 reused
CUDA Graph id 7520 reused
CUDA Graph id 7522 reused
CUDA Graph id 7524 reused
CUDA Graph id 7526 reused
CUDA Graph id 7528 reused
CUDA Graph id 7530 reused
CUDA Graph id 7532 reused
CUDA Graph id 7534 reused
CUDA Graph id 7536 reused
CUDA Graph id 7538 reused
CUDA Graph id 7540 reused
CUDA Graph id 7542 reused
CUDA Graph id 7544 reused
CUDA Graph id 7546 reused
CUDA Graph id 7548 reused
CUDA Graph id 7550 reused
CUDA Graph id 7552 reused
CUDA Graph id 7554 reused
CUDA Graph id 7556 reused
CUDA Graph id 7558 reused
CUDA Graph id 7560 reused
CUDA Graph id 7562 reused
CUDA Graph id 7564 reused
CUDA Graph id 7566 reused
CUDA Graph id 7568 reused
CUDA Graph id 7570 reused
CUDA Graph id 7572 reused
CUDA Graph id 7476 reused
CUDA Graph id 7478 reused
CUDA Graph id 7480 reused
CUDA Graph id 7482 reused
CUDA Graph id 7484 reused
CUDA Graph id 7486 reused
CUDA Graph id 7488 reused
CUDA Graph id 7490 reused
CUDA Graph id 7492 reused
CUDA Graph id 7494 reused
CUDA Graph id 7496 reused
CUDA Graph id 7498 reused
CUDA Graph id 7500 reused
CUDA Graph id 7502 reused
CUDA Graph id 7504 reused
CUDA Graph id 7506 reused
CUDA Graph id 7508 reused
CUDA Graph id 7510 reused
CUDA Graph id 7512 reused
CUDA Graph id 7514 reused
CUDA Graph id 7516 reused
CUDA Graph id 7518 reused
CUDA Graph id 7520 reused
CUDA Graph id 7522 reused
CUDA Graph id 7524 reused
CUDA Graph id 7526 reused
CUDA Graph id 7528 reused
CUDA Graph id 7530 reused
CUDA Graph id 7532 reused
CUDA Graph id 7534 reused
CUDA Graph id 7536 reused
CUDA Graph id 7538 reused
CUDA Graph id 7540 reused
CUDA Graph id 7542 reused
CUDA Graph id 7544 reused
CUDA Graph id 7546 reused
CUDA Graph id 7548 reused
CUDA Graph id 7550 reused
CUDA Graph id 7552 reused
CUDA Graph id 7554 reused
CUDA Graph id 7556 reused
CUDA Graph id 7558 reused
CUDA Graph id 7560 reused
CUDA Graph id 7562 reused
CUDA Graph id 7564 reused
CUDA Graph id 7566 reused
CUDA Graph id 7568 reused
CUDA Graph id 7570 reused
CUDA Graph id 7572 reused
CUDA Graph id 7476 reused
CUDA Graph id 7478 reused
CUDA Graph id 7480 reused
CUDA Graph id 7482 reused
CUDA Graph id 7484 reused
CUDA Graph id 7486 reused
CUDA Graph id 7488 reused
CUDA Graph id 7490 reused
CUDA Graph id 7492 reused
CUDA Graph id 7494 reused
CUDA Graph id 7496 reused
CUDA Graph id 7498 reused
CUDA Graph id 7500 reused
CUDA Graph id 7502 reused
CUDA Graph id 7504 reused
CUDA Graph id 7506 reused
CUDA Graph id 7508 reused
CUDA Graph id 7510 reused
CUDA Graph id 7512 reused
CUDA Graph id 7514 reused
CUDA Graph id 7516 reused
CUDA Graph id 7518 reused
CUDA Graph id 7520 reused
CUDA Graph id 7522 reused
CUDA Graph id 7524 reused
CUDA Graph id 7526 reused
CUDA Graph id 7528 reused
CUDA Graph id 7530 reused
CUDA Graph id 7532 reused
CUDA Graph id 7534 reused
CUDA Graph id 7536 reused
CUDA Graph id 7538 reused
CUDA Graph id 7540 reused
CUDA Graph id 7542 reused
CUDA Graph id 7544 reused
CUDA Graph id 7546 reused
CUDA Graph id 7548 reused
CUDA Graph id 7550 reused
CUDA Graph id 7552 reused
CUDA Graph id 7554 reused
CUDA Graph id 7556 reused
CUDA Graph id 7558 reused
CUDA Graph id 7560 reused
CUDA Graph id 7562 reused
CUDA Graph id 7564 reused
CUDA Graph id 7566 reused
CUDA Graph id 7568 reused
CUDA Graph id 7570 reused
CUDA Graph id 7572 reused
CUDA Graph id 7476 reused
CUDA Graph id 7478 reused
CUDA Graph id 7480 reused
CUDA Graph id 7482 reused
CUDA Graph id 7484 reused
CUDA Graph id 7486 reused
CUDA Graph id 7488 reused
CUDA Graph id 7490 reused
CUDA Graph id 7492 reused
CUDA Graph id 7494 reused
CUDA Graph id 7496 reused
CUDA Graph id 7498 reused
CUDA Graph id 7500 reused
CUDA Graph id 7502 reused
CUDA Graph id 7504 reused
CUDA Graph id 7506 reused
CUDA Graph id 7508 reused
CUDA Graph id 7510 reused
CUDA Graph id 7512 reused
CUDA Graph id 7514 reused
CUDA Graph id 7516 reused
CUDA Graph id 7518 reused
CUDA Graph id 7520 reused
CUDA Graph id 7522 reused
CUDA Graph id 7524 reused
CUDA Graph id 7526 reused
CUDA Graph id 7528 reused
CUDA Graph id 7530 reused
CUDA Graph id 7532 reused
CUDA Graph id 7534 reused
CUDA Graph id 7536 reused
CUDA Graph id 7538 reused
CUDA Graph id 7540 reused
CUDA Graph id 7542 reused
CUDA Graph id 7544 reused
CUDA Graph id 7546 reused
CUDA Graph id 7548 reused
CUDA Graph id 7550 reused
CUDA Graph id 7552 reused
CUDA Graph id 7554 reused
CUDA Graph id 7556 reused
CUDA Graph id 7558 reused
CUDA Graph id 7560 reused
CUDA Graph id 7562 reused
CUDA Graph id 7564 reused
CUDA Graph id 7566 reused
CUDA Graph id 7568 reused
CUDA Graph id 7570 reused
CUDA Graph id 7572 reused
CUDA Graph id 7476 reused
CUDA Graph id 7478 reused
CUDA Graph id 7480 reused
CUDA Graph id 7482 reused
CUDA Graph id 7484 reused
CUDA Graph id 7486 reused
CUDA Graph id 7488 reused
CUDA Graph id 7490 reused
CUDA Graph id 7492 reused
CUDA Graph id 7494 reused
CUDA Graph id 7496 reused
CUDA Graph id 7498 reused
CUDA Graph id 7500 reused
CUDA Graph id 7502 reused
CUDA Graph id 7504 reused
CUDA Graph id 7506 reused
CUDA Graph id 7508 reused
CUDA Graph id 7510 reused
CUDA Graph id 7512 reused
CUDA Graph id 7514 reused
CUDA Graph id 7516 reused
CUDA Graph id 7518 reused
CUDA Graph id 7520 reused
CUDA Graph id 7522 reused
CUDA Graph id 7524 reused
CUDA Graph id 7526 reused
CUDA Graph id 7528 reused
CUDA Graph id 7530 reused
CUDA Graph id 7532 reused
CUDA Graph id 7534 reused
CUDA Graph id 7536 reused
CUDA Graph id 7538 reused
CUDA Graph id 7540 reused
CUDA Graph id 7542 reused
CUDA Graph id 7544 reused
CUDA Graph id 7546 reused
CUDA Graph id 7548 reused
CUDA Graph id 7550 reused
CUDA Graph id 7552 reused
CUDA Graph id 7554 reused
CUDA Graph id 7556 reused
CUDA Graph id 7558 reused
CUDA Graph id 7560 reused
CUDA Graph id 7562 reused
CUDA Graph id 7564 reused
CUDA Graph id 7566 reused
CUDA Graph id 7568 reused
CUDA Graph id 7570 reused
CUDA Graph id 7572 reused
CUDA Graph id 7476 reused
CUDA Graph id 7478 reused
CUDA Graph id 7480 reused
CUDA Graph id 7482 reused
CUDA Graph id 7484 reused
CUDA Graph id 7486 reused
CUDA Graph id 7488 reused
CUDA Graph id 7490 reused
CUDA Graph id 7492 reused
CUDA Graph id 7494 reused
CUDA Graph id 7496 reused
CUDA Graph id 7498 reused
CUDA Graph id 7500 reused
CUDA Graph id 7502 reused
CUDA Graph id 7504 reused
CUDA Graph id 7506 reused
CUDA Graph id 7508 reused
CUDA Graph id 7510 reused
CUDA Graph id 7512 reused
CUDA Graph id 7514 reused
CUDA Graph id 7516 reused
CUDA Graph id 7518 reused
CUDA Graph id 7520 reused
CUDA Graph id 7522 reused
CUDA Graph id 7524 reused
CUDA Graph id 7526 reused
CUDA Graph id 7528 reused
CUDA Graph id 7530 reused
CUDA Graph id 7532 reused
CUDA Graph id 7534 reused
CUDA Graph id 7536 reused
CUDA Graph id 7538 reused
CUDA Graph id 7540 reused
CUDA Graph id 7542 reused
CUDA Graph id 7544 reused
CUDA Graph id 7546 reused
CUDA Graph id 7548 reused
CUDA Graph id 7550 reused
CUDA Graph id 7552 reused
CUDA Graph id 7554 reused
CUDA Graph id 7556 reused
CUDA Graph id 7558 reused
CUDA Graph id 7560 reused
CUDA Graph id 7562 reused
CUDA Graph id 7564 reused
CUDA Graph id 7566 reused
CUDA Graph id 7568 reused
CUDA Graph id 7570 reused
CUDA Graph id 7572 reused
CUDA Graph id 7476 reused
CUDA Graph id 7478 reused
CUDA Graph id 7480 reused
CUDA Graph id 7482 reused
CUDA Graph id 7484 reused
CUDA Graph id 7486 reused
CUDA Graph id 7488 reused
CUDA Graph id 7490 reused
CUDA Graph id 7492 reused
CUDA Graph id 7494 reused
CUDA Graph id 7496 reused
CUDA Graph id 7498 reused
CUDA Graph id 7500 reused
CUDA Graph id 7502 reused
CUDA Graph id 7504 reused
CUDA Graph id 7506 reused
CUDA Graph id 7508 reused
CUDA Graph id 7510 reused
CUDA Graph id 7512 reused
CUDA Graph id 7514 reused
CUDA Graph id 7516 reused
CUDA Graph id 7518 reused
CUDA Graph id 7520 reused
CUDA Graph id 7522 reused
CUDA Graph id 7524 reused
CUDA Graph id 7526 reused
CUDA Graph id 7528 reused
CUDA Graph id 7530 reused
CUDA Graph id 7532 reused
CUDA Graph id 7534 reused
CUDA Graph id 7536 reused
CUDA Graph id 7538 reused
CUDA Graph id 7540 reused
CUDA Graph id 7542 reused
CUDA Graph id 7544 reused
CUDA Graph id 7546 reused
CUDA Graph id 7548 reused
CUDA Graph id 7550 reused
CUDA Graph id 7552 reused
CUDA Graph id 7554 reused
CUDA Graph id 7556 reused
CUDA Graph id 7558 reused
CUDA Graph id 7560 reused
CUDA Graph id 7562 reused
CUDA Graph id 7564 reused
CUDA Graph id 7566 reused
CUDA Graph id 7568 reused
CUDA Graph id 7570 reused
CUDA Graph id 7572 reused
CUDA Graph id 7476 reused
CUDA Graph id 7478 reused
CUDA Graph id 7480 reused
CUDA Graph id 7482 reused
CUDA Graph id 7484 reused
CUDA Graph id 7486 reused
CUDA Graph id 7488 reused
CUDA Graph id 7490 reused
CUDA Graph id 7492 reused
CUDA Graph id 7494 reused
CUDA Graph id 7496 reused
CUDA Graph id 7498 reused
CUDA Graph id 7500 reused
CUDA Graph id 7502 reused
CUDA Graph id 7504 reused
CUDA Graph id 7506 reused
CUDA Graph id 7508 reused
CUDA Graph id 7510 reused
CUDA Graph id 7512 reused
CUDA Graph id 7514 reused
CUDA Graph id 7516 reused
CUDA Graph id 7518 reused
CUDA Graph id 7520 reused
CUDA Graph id 7522 reused
CUDA Graph id 7524 reused
CUDA Graph id 7526 reused
CUDA Graph id 7528 reused
CUDA Graph id 7530 reused
CUDA Graph id 7532 reused
CUDA Graph id 7534 reused
CUDA Graph id 7536 reused
CUDA Graph id 7538 reused
CUDA Graph id 7540 reused
CUDA Graph id 7542 reused
CUDA Graph id 7544 reused
CUDA Graph id 7546 reused
CUDA Graph id 7548 reused
CUDA Graph id 7550 reused
CUDA Graph id 7552 reused
CUDA Graph id 7554 reused
CUDA Graph id 7556 reused
CUDA Graph id 7558 reused
CUDA Graph id 7560 reused
CUDA Graph id 7562 reused
CUDA Graph id 7564 reused
CUDA Graph id 7566 reused
CUDA Graph id 7568 reused
CUDA Graph id 7570 reused
CUDA Graph id 7572 reused
CUDA Graph id 7476 reused
CUDA Graph id 7478 reused
CUDA Graph id 7480 reused
CUDA Graph id 7482 reused
CUDA Graph id 7484 reused
CUDA Graph id 7486 reused
CUDA Graph id 7488 reused
CUDA Graph id 7490 reused
CUDA Graph id 7492 reused
CUDA Graph id 7494 reused
CUDA Graph id 7496 reused
CUDA Graph id 7498 reused
CUDA Graph id 7500 reused
CUDA Graph id 7502 reused
CUDA Graph id 7504 reused
CUDA Graph id 7506 reused
CUDA Graph id 7508 reused
CUDA Graph id 7510 reused
CUDA Graph id 7512 reused
CUDA Graph id 7514 reused
CUDA Graph id 7516 reused
CUDA Graph id 7518 reused
CUDA Graph id 7520 reused
CUDA Graph id 7522 reused
CUDA Graph id 7524 reused
CUDA Graph id 7526 reused
CUDA Graph id 7528 reused
CUDA Graph id 7530 reused
CUDA Graph id 7532 reused
CUDA Graph id 7534 reused
CUDA Graph id 7536 reused
CUDA Graph id 7538 reused
CUDA Graph id 7540 reused
CUDA Graph id 7542 reused
CUDA Graph id 7544 reused
CUDA Graph id 7546 reused
CUDA Graph id 7548 reused
CUDA Graph id 7550 reused
CUDA Graph id 7552 reused
CUDA Graph id 7554 reused
CUDA Graph id 7556 reused
CUDA Graph id 7558 reused
CUDA Graph id 7560 reused
CUDA Graph id 7562 reused
CUDA Graph id 7564 reused
CUDA Graph id 7566 reused
CUDA Graph id 7568 reused
CUDA Graph id 7570 reused
CUDA Graph id 7572 reused
CUDA Graph id 7476 reused
CUDA Graph id 7478 reused
CUDA Graph id 7480 reused
CUDA Graph id 7482 reused
CUDA Graph id 7484 reused
CUDA Graph id 7486 reused
CUDA Graph id 7488 reused
CUDA Graph id 7490 reused
CUDA Graph id 7492 reused
CUDA Graph id 7494 reused
CUDA Graph id 7496 reused
CUDA Graph id 7498 reused
CUDA Graph id 7500 reused
CUDA Graph id 7502 reused
CUDA Graph id 7504 reused
CUDA Graph id 7506 reused
CUDA Graph id 7508 reused
CUDA Graph id 7510 reused
CUDA Graph id 7512 reused
CUDA Graph id 7514 reused
CUDA Graph id 7516 reused
CUDA Graph id 7518 reused
CUDA Graph id 7520 reused
CUDA Graph id 7522 reused
CUDA Graph id 7524 reused
CUDA Graph id 7526 reused
CUDA Graph id 7528 reused
CUDA Graph id 7530 reused
CUDA Graph id 7532 reused
CUDA Graph id 7534 reused
CUDA Graph id 7536 reused
CUDA Graph id 7538 reused
CUDA Graph id 7540 reused
CUDA Graph id 7542 reused
CUDA Graph id 7544 reused
CUDA Graph id 7546 reused
CUDA Graph id 7548 reused
CUDA Graph id 7550 reused
CUDA Graph id 7552 reused
CUDA Graph id 7554 reused
CUDA Graph id 7556 reused
CUDA Graph id 7558 reused
CUDA Graph id 7560 reused
CUDA Graph id 7562 reused
CUDA Graph id 7564 reused
CUDA Graph id 7566 reused
CUDA Graph id 7568 reused
CUDA Graph id 7570 reused
CUDA Graph id 7572 reused
CUDA Graph id 7476 reused
CUDA Graph id 7478 reused
CUDA Graph id 7480 reused
CUDA Graph id 7482 reused
CUDA Graph id 7484 reused
CUDA Graph id 7486 reused
CUDA Graph id 7488 reused
CUDA Graph id 7490 reused
CUDA Graph id 7492 reused
CUDA Graph id 7494 reused
CUDA Graph id 7496 reused
CUDA Graph id 7498 reused
CUDA Graph id 7500 reused
CUDA Graph id 7502 reused
CUDA Graph id 7504 reused
CUDA Graph id 7506 reused
CUDA Graph id 7508 reused
CUDA Graph id 7510 reused
CUDA Graph id 7512 reused
CUDA Graph id 7514 reused
CUDA Graph id 7516 reused
CUDA Graph id 7518 reused
CUDA Graph id 7520 reused
CUDA Graph id 7522 reused
CUDA Graph id 7524 reused
CUDA Graph id 7526 reused
CUDA Graph id 7528 reused
CUDA Graph id 7530 reused
CUDA Graph id 7532 reused
CUDA Graph id 7534 reused
CUDA Graph id 7536 reused
CUDA Graph id 7538 reused
CUDA Graph id 7540 reused
CUDA Graph id 7542 reused
CUDA Graph id 7544 reused
CUDA Graph id 7546 reused
CUDA Graph id 7548 reused
CUDA Graph id 7550 reused
CUDA Graph id 7552 reused
CUDA Graph id 7554 reused
CUDA Graph id 7556 reused
CUDA Graph id 7558 reused
CUDA Graph id 7560 reused
CUDA Graph id 7562 reused
CUDA Graph id 7564 reused
CUDA Graph id 7566 reused
CUDA Graph id 7568 reused
CUDA Graph id 7570 reused
CUDA Graph id 7572 reused
CUDA Graph id 7476 reused
CUDA Graph id 7478 reused
CUDA Graph id 7480 reused
CUDA Graph id 7482 reused
CUDA Graph id 7484 reused
CUDA Graph id 7486 reused
CUDA Graph id 7488 reused
CUDA Graph id 7490 reused
CUDA Graph id 7492 reused
CUDA Graph id 7494 reused
CUDA Graph id 7496 reused
CUDA Graph id 7498 reused
CUDA Graph id 7500 reused
CUDA Graph id 7502 reused
CUDA Graph id 7504 reused
CUDA Graph id 7506 reused
CUDA Graph id 7508 reused
CUDA Graph id 7510 reused
CUDA Graph id 7512 reused
CUDA Graph id 7514 reused
CUDA Graph id 7516 reused
CUDA Graph id 7518 reused
CUDA Graph id 7520 reused
CUDA Graph id 7522 reused
CUDA Graph id 7524 reused
CUDA Graph id 7526 reused
CUDA Graph id 7528 reused
CUDA Graph id 7530 reused
CUDA Graph id 7532 reused
CUDA Graph id 7534 reused
CUDA Graph id 7536 reused
CUDA Graph id 7538 reused
CUDA Graph id 7540 reused
CUDA Graph id 7542 reused
CUDA Graph id 7544 reused
CUDA Graph id 7546 reused
CUDA Graph id 7548 reused
CUDA Graph id 7550 reused
CUDA Graph id 7552 reused
CUDA Graph id 7554 reused
CUDA Graph id 7556 reused
CUDA Graph id 7558 reused
CUDA Graph id 7560 reused
CUDA Graph id 7562 reused
CUDA Graph id 7564 reused
CUDA Graph id 7566 reused
CUDA Graph id 7568 reused
CUDA Graph id 7570 reused
CUDA Graph id 7572 reused
CUDA Graph id 7476 reused
CUDA Graph id 7478 reused
CUDA Graph id 7480 reused
CUDA Graph id 7482 reused
CUDA Graph id 7484 reused
CUDA Graph id 7486 reused
CUDA Graph id 7488 reused
CUDA Graph id 7490 reused
CUDA Graph id 7492 reused
CUDA Graph id 7494 reused
CUDA Graph id 7496 reused
CUDA Graph id 7498 reused
CUDA Graph id 7500 reused
CUDA Graph id 7502 reused
CUDA Graph id 7504 reused
CUDA Graph id 7506 reused
CUDA Graph id 7508 reused
CUDA Graph id 7510 reused
CUDA Graph id 7512 reused
CUDA Graph id 7514 reused
CUDA Graph id 7516 reused
CUDA Graph id 7518 reused
CUDA Graph id 7520 reused
CUDA Graph id 7522 reused
CUDA Graph id 7524 reused
CUDA Graph id 7526 reused
CUDA Graph id 7528 reused
CUDA Graph id 7530 reused
CUDA Graph id 7532 reused
CUDA Graph id 7534 reused
CUDA Graph id 7536 reused
CUDA Graph id 7538 reused
CUDA Graph id 7540 reused
CUDA Graph id 7542 reused
CUDA Graph id 7544 reused
CUDA Graph id 7546 reused
CUDA Graph id 7548 reused
CUDA Graph id 7550 reused
CUDA Graph id 7552 reused
CUDA Graph id 7554 reused
CUDA Graph id 7556 reused
CUDA Graph id 7558 reused
CUDA Graph id 7560 reused
CUDA Graph id 7562 reused
CUDA Graph id 7564 reused
CUDA Graph id 7566 reused
CUDA Graph id 7568 reused
CUDA Graph id 7570 reused
CUDA Graph id 7572 reused
CUDA Graph id 7476 reused
CUDA Graph id 7478 reused
CUDA Graph id 7480 reused
CUDA Graph id 7482 reused
CUDA Graph id 7484 reused
CUDA Graph id 7486 reused
CUDA Graph id 7488 reused
CUDA Graph id 7490 reused
CUDA Graph id 7492 reused
CUDA Graph id 7494 reused
CUDA Graph id 7496 reused
CUDA Graph id 7498 reused
CUDA Graph id 7500 reused
CUDA Graph id 7502 reused
CUDA Graph id 7504 reused
CUDA Graph id 7506 reused
CUDA Graph id 7508 reused
CUDA Graph id 7510 reused
CUDA Graph id 7512 reused
CUDA Graph id 7514 reused
CUDA Graph id 7516 reused
CUDA Graph id 7518 reused
CUDA Graph id 7520 reused
CUDA Graph id 7522 reused
CUDA Graph id 7524 reused
CUDA Graph id 7526 reused
CUDA Graph id 7528 reused
CUDA Graph id 7530 reused
CUDA Graph id 7532 reused
CUDA Graph id 7534 reused
CUDA Graph id 7536 reused
CUDA Graph id 7538 reused
CUDA Graph id 7540 reused
CUDA Graph id 7542 reused
CUDA Graph id 7544 reused
CUDA Graph id 7546 reused
CUDA Graph id 7548 reused
CUDA Graph id 7550 reused
CUDA Graph id 7552 reused
CUDA Graph id 7554 reused
CUDA Graph id 7556 reused
CUDA Graph id 7558 reused
CUDA Graph id 7560 reused
CUDA Graph id 7562 reused
CUDA Graph id 7564 reused
CUDA Graph id 7566 reused
CUDA Graph id 7568 reused
CUDA Graph id 7570 reused
CUDA Graph id 7572 reused
CUDA Graph id 7476 reused
CUDA Graph id 7478 reused
CUDA Graph id 7480 reused
CUDA Graph id 7482 reused
CUDA Graph id 7484 reused
CUDA Graph id 7486 reused
CUDA Graph id 7488 reused
CUDA Graph id 7490 reused
CUDA Graph id 7492 reused
CUDA Graph id 7494 reused
CUDA Graph id 7496 reused
CUDA Graph id 7498 reused
CUDA Graph id 7500 reused
CUDA Graph id 7502 reused
CUDA Graph id 7504 reused
CUDA Graph id 7506 reused
CUDA Graph id 7508 reused
CUDA Graph id 7510 reused
CUDA Graph id 7512 reused
CUDA Graph id 7514 reused
CUDA Graph id 7516 reused
CUDA Graph id 7518 reused
CUDA Graph id 7520 reused
CUDA Graph id 7522 reused
CUDA Graph id 7524 reused
CUDA Graph id 7526 reused
CUDA Graph id 7528 reused
CUDA Graph id 7530 reused
CUDA Graph id 7532 reused
CUDA Graph id 7534 reused
CUDA Graph id 7536 reused
CUDA Graph id 7538 reused
CUDA Graph id 7540 reused
CUDA Graph id 7542 reused
CUDA Graph id 7544 reused
CUDA Graph id 7546 reused
CUDA Graph id 7548 reused
CUDA Graph id 7550 reused
CUDA Graph id 7552 reused
CUDA Graph id 7554 reused
CUDA Graph id 7556 reused
CUDA Graph id 7558 reused
CUDA Graph id 7560 reused
CUDA Graph id 7562 reused
CUDA Graph id 7564 reused
CUDA Graph id 7566 reused
CUDA Graph id 7568 reused
CUDA Graph id 7570 reused
CUDA Graph id 7572 reused
CUDA Graph id 7476 reused
CUDA Graph id 7478 reused
CUDA Graph id 7480 reused
CUDA Graph id 7482 reused
CUDA Graph id 7484 reused
CUDA Graph id 7486 reused
CUDA Graph id 7488 reused
CUDA Graph id 7490 reused
CUDA Graph id 7492 reused
CUDA Graph id 7494 reused
CUDA Graph id 7496 reused
CUDA Graph id 7498 reused
CUDA Graph id 7500 reused
CUDA Graph id 7502 reused
CUDA Graph id 7504 reused
CUDA Graph id 7506 reused
CUDA Graph id 7508 reused
CUDA Graph id 7510 reused
CUDA Graph id 7512 reused
CUDA Graph id 7514 reused
CUDA Graph id 7516 reused
CUDA Graph id 7518 reused
CUDA Graph id 7520 reused
CUDA Graph id 7522 reused
CUDA Graph id 7524 reused
CUDA Graph id 7526 reused
CUDA Graph id 7528 reused
CUDA Graph id 7530 reused
CUDA Graph id 7532 reused
CUDA Graph id 7534 reused
CUDA Graph id 7536 reused
CUDA Graph id 7538 reused
CUDA Graph id 7540 reused
CUDA Graph id 7542 reused
CUDA Graph id 7544 reused
CUDA Graph id 7546 reused
CUDA Graph id 7548 reused
CUDA Graph id 7550 reused
CUDA Graph id 7552 reused
CUDA Graph id 7554 reused
CUDA Graph id 7556 reused
CUDA Graph id 7558 reused
CUDA Graph id 7560 reused
CUDA Graph id 7562 reused
CUDA Graph id 7564 reused
CUDA Graph id 7566 reused
CUDA Graph id 7568 reused
CUDA Graph id 7570 reused
CUDA Graph id 7572 reused
CUDA Graph id 7476 reused
CUDA Graph id 7478 reused
CUDA Graph id 7480 reused
CUDA Graph id 7482 reused
CUDA Graph id 7484 reused
CUDA Graph id 7486 reused
CUDA Graph id 7488 reused
CUDA Graph id 7490 reused
CUDA Graph id 7492 reused
CUDA Graph id 7494 reused
CUDA Graph id 7496 reused
CUDA Graph id 7498 reused
CUDA Graph id 7500 reused
CUDA Graph id 7502 reused
CUDA Graph id 7504 reused
CUDA Graph id 7506 reused
CUDA Graph id 7508 reused
CUDA Graph id 7510 reused
CUDA Graph id 7512 reused
CUDA Graph id 7514 reused
CUDA Graph id 7516 reused
CUDA Graph id 7518 reused
CUDA Graph id 7520 reused
CUDA Graph id 7522 reused
CUDA Graph id 7524 reused
CUDA Graph id 7526 reused
CUDA Graph id 7528 reused
CUDA Graph id 7530 reused
CUDA Graph id 7532 reused
CUDA Graph id 7534 reused
CUDA Graph id 7536 reused
CUDA Graph id 7538 reused
CUDA Graph id 7540 reused
CUDA Graph id 7542 reused
CUDA Graph id 7544 reused
CUDA Graph id 7546 reused
CUDA Graph id 7548 reused
CUDA Graph id 7550 reused
CUDA Graph id 7552 reused
CUDA Graph id 7554 reused
CUDA Graph id 7556 reused
CUDA Graph id 7558 reused
CUDA Graph id 7560 reused
CUDA Graph id 7562 reused
CUDA Graph id 7564 reused
CUDA Graph id 7566 reused
CUDA Graph id 7568 reused
CUDA Graph id 7570 reused
CUDA Graph id 7572 reused
CUDA Graph id 7476 reused
CUDA Graph id 7478 reused
CUDA Graph id 7480 reused
CUDA Graph id 7482 reused
CUDA Graph id 7484 reused
CUDA Graph id 7486 reused
CUDA Graph id 7488 reused
CUDA Graph id 7490 reused
CUDA Graph id 7492 reused
CUDA Graph id 7494 reused
CUDA Graph id 7496 reused
CUDA Graph id 7498 reused
CUDA Graph id 7500 reused
CUDA Graph id 7502 reused
CUDA Graph id 7504 reused
CUDA Graph id 7506 reused
CUDA Graph id 7508 reused
CUDA Graph id 7510 reused
CUDA Graph id 7512 reused
CUDA Graph id 7514 reused
CUDA Graph id 7516 reused
CUDA Graph id 7518 reused
CUDA Graph id 7520 reused
CUDA Graph id 7522 reused
CUDA Graph id 7524 reused
CUDA Graph id 7526 reused
CUDA Graph id 7528 reused
CUDA Graph id 7530 reused
CUDA Graph id 7532 reused
CUDA Graph id 7534 reused
CUDA Graph id 7536 reused
CUDA Graph id 7538 reused
CUDA Graph id 7540 reused
CUDA Graph id 7542 reused
CUDA Graph id 7544 reused
CUDA Graph id 7546 reused
CUDA Graph id 7548 reused
CUDA Graph id 7550 reused
CUDA Graph id 7552 reused
CUDA Graph id 7554 reused
CUDA Graph id 7556 reused
CUDA Graph id 7558 reused
CUDA Graph id 7560 reused
CUDA Graph id 7562 reused
CUDA Graph id 7564 reused
CUDA Graph id 7566 reused
CUDA Graph id 7568 reused
CUDA Graph id 7570 reused
CUDA Graph id 7572 reused
CUDA Graph id 7476 reused
CUDA Graph id 7478 reused
CUDA Graph id 7480 reused
CUDA Graph id 7482 reused
CUDA Graph id 7484 reused
CUDA Graph id 7486 reused
CUDA Graph id 7488 reused
CUDA Graph id 7490 reused
CUDA Graph id 7492 reused
CUDA Graph id 7494 reused
CUDA Graph id 7496 reused
CUDA Graph id 7498 reused
CUDA Graph id 7500 reused
CUDA Graph id 7502 reused
CUDA Graph id 7504 reused
CUDA Graph id 7506 reused
CUDA Graph id 7508 reused
CUDA Graph id 7510 reused
CUDA Graph id 7512 reused
CUDA Graph id 7514 reused
CUDA Graph id 7516 reused
CUDA Graph id 7518 reused
CUDA Graph id 7520 reused
CUDA Graph id 7522 reused
CUDA Graph id 7524 reused
CUDA Graph id 7526 reused
CUDA Graph id 7528 reused
CUDA Graph id 7530 reused
CUDA Graph id 7532 reused
CUDA Graph id 7534 reused
CUDA Graph id 7536 reused
CUDA Graph id 7538 reused
CUDA Graph id 7540 reused
CUDA Graph id 7542 reused
CUDA Graph id 7544 reused
CUDA Graph id 7546 reused
CUDA Graph id 7548 reused
CUDA Graph id 7550 reused
CUDA Graph id 7552 reused
CUDA Graph id 7554 reused
CUDA Graph id 7556 reused
CUDA Graph id 7558 reused
CUDA Graph id 7560 reused
CUDA Graph id 7562 reused
CUDA Graph id 7564 reused
CUDA Graph id 7566 reused
CUDA Graph id 7568 reused
CUDA Graph id 7570 reused
CUDA Graph id 7572 reused
ggml_backend_cuda_graph_compute: CUDA graph warmup reset
ggml_backend_cuda_graph_compute: CUDA graph warmup reset
ggml_backend_cuda_graph_compute: CUDA graph warmup complete
ggml_backend_cuda_graph_compute: CUDA graph warmup reset
CUDA Graph id 8159 reused
ggml_backend_cuda_graph_compute: CUDA graph warmup complete
CUDA Graph id 8161 reused
CUDA Graph id 8163 reused
CUDA Graph id 8165 reused
CUDA Graph id 8167 reused
CUDA Graph id 8169 reused
CUDA Graph id 8171 reused
CUDA Graph id 8173 reused
CUDA Graph id 8175 reused
CUDA Graph id 8177 reused
CUDA Graph id 8179 reused
CUDA Graph id 8181 reused
CUDA Graph id 8183 reused
CUDA Graph id 8185 reused
CUDA Graph id 8187 reused
CUDA Graph id 8189 reused
CUDA Graph id 8191 reused
CUDA Graph id 8193 reused
CUDA Graph id 8195 reused
CUDA Graph id 8197 reused
CUDA Graph id 8199 reused
CUDA Graph id 8201 reused
CUDA Graph id 8203 reused
CUDA Graph id 8205 reused
CUDA Graph id 8207 reused
CUDA Graph id 8209 reused
CUDA Graph id 8211 reused
CUDA Graph id 8213 reused
CUDA Graph id 8215 reused
CUDA Graph id 8217 reused
CUDA Graph id 8219 reused
CUDA Graph id 8221 reused
CUDA Graph id 8223 reused
CUDA Graph id 8225 reused
CUDA Graph id 8227 reused
CUDA Graph id 8229 reused
CUDA Graph id 8231 reused
CUDA Graph id 8233 reused
CUDA Graph id 8235 reused
CUDA Graph id 8237 reused
CUDA Graph id 8239 reused
CUDA Graph id 8241 reused
CUDA Graph id 8243 reused
CUDA Graph id 8245 reused
CUDA Graph id 8247 reused
CUDA Graph id 8249 reused
CUDA Graph id 8251 reused
CUDA Graph id 8253 reused
CUDA Graph id 8255 reused
ggml_backend_cuda_graph_compute: CUDA graph warmup complete
CUDA Graph id 8159 reused
CUDA Graph id 8161 reused
CUDA Graph id 8163 reused
CUDA Graph id 8165 reused
CUDA Graph id 8167 reused
CUDA Graph id 8169 reused
CUDA Graph id 8171 reused
CUDA Graph id 8173 reused
CUDA Graph id 8175 reused
CUDA Graph id 8177 reused
CUDA Graph id 8179 reused
CUDA Graph id 8181 reused
CUDA Graph id 8183 reused
CUDA Graph id 8185 reused
CUDA Graph id 8187 reused
CUDA Graph id 8189 reused
CUDA Graph id 8191 reused
CUDA Graph id 8193 reused
CUDA Graph id 8195 reused
CUDA Graph id 8197 reused
CUDA Graph id 8199 reused
CUDA Graph id 8201 reused
CUDA Graph id 8203 reused
CUDA Graph id 8205 reused
CUDA Graph id 8207 reused
CUDA Graph id 8209 reused
CUDA Graph id 8211 reused
CUDA Graph id 8213 reused
CUDA Graph id 8215 reused
CUDA Graph id 8217 reused
CUDA Graph id 8219 reused
CUDA Graph id 8221 reused
CUDA Graph id 8223 reused
CUDA Graph id 8225 reused
CUDA Graph id 8227 reused
CUDA Graph id 8229 reused
CUDA Graph id 8231 reused
CUDA Graph id 8233 reused
CUDA Graph id 8235 reused
CUDA Graph id 8237 reused
CUDA Graph id 8239 reused
CUDA Graph id 8241 reused
CUDA Graph id 8243 reused
CUDA Graph id 8245 reused
CUDA Graph id 8247 reused
CUDA Graph id 8249 reused
CUDA Graph id 8251 reused
CUDA Graph id 8253 reused
CUDA Graph id 8255 reused
CUDA Graph id 8159 reused
CUDA Graph id 8161 reused
CUDA Graph id 8163 reused
CUDA Graph id 8165 reused
CUDA Graph id 8167 reused
CUDA Graph id 8169 reused
CUDA Graph id 8171 reused
CUDA Graph id 8173 reused
CUDA Graph id 8175 reused
CUDA Graph id 8177 reused
CUDA Graph id 8179 reused
CUDA Graph id 8181 reused
CUDA Graph id 8183 reused
CUDA Graph id 8185 reused
CUDA Graph id 8187 reused
CUDA Graph id 8189 reused
CUDA Graph id 8191 reused
CUDA Graph id 8193 reused
CUDA Graph id 8195 reused
CUDA Graph id 8197 reused
CUDA Graph id 8199 reused
CUDA Graph id 8201 reused
CUDA Graph id 8203 reused
CUDA Graph id 8205 reused
CUDA Graph id 8207 reused
CUDA Graph id 8209 reused
CUDA Graph id 8211 reused
CUDA Graph id 8213 reused
CUDA Graph id 8215 reused
CUDA Graph id 8217 reused
CUDA Graph id 8219 reused
CUDA Graph id 8221 reused
CUDA Graph id 8223 reused
CUDA Graph id 8225 reused
CUDA Graph id 8227 reused
CUDA Graph id 8229 reused
CUDA Graph id 8231 reused
CUDA Graph id 8233 reused
CUDA Graph id 8235 reused
CUDA Graph id 8237 reused
CUDA Graph id 8239 reused
CUDA Graph id 8241 reused
CUDA Graph id 8243 reused
CUDA Graph id 8245 reused
CUDA Graph id 8247 reused
CUDA Graph id 8249 reused
CUDA Graph id 8251 reused
CUDA Graph id 8253 reused
CUDA Graph id 8255 reused
CUDA Graph id 8159 reused
CUDA Graph id 8161 reused
CUDA Graph id 8163 reused
CUDA Graph id 8165 reused
CUDA Graph id 8167 reused
CUDA Graph id 8169 reused
CUDA Graph id 8171 reused
CUDA Graph id 8173 reused
CUDA Graph id 8175 reused
CUDA Graph id 8177 reused
CUDA Graph id 8179 reused
CUDA Graph id 8181 reused
CUDA Graph id 8183 reused
CUDA Graph id 8185 reused
CUDA Graph id 8187 reused
CUDA Graph id 8189 reused
CUDA Graph id 8191 reused
CUDA Graph id 8193 reused
CUDA Graph id 8195 reused
CUDA Graph id 8197 reused
CUDA Graph id 8199 reused
CUDA Graph id 8201 reused
CUDA Graph id 8203 reused
CUDA Graph id 8205 reused
CUDA Graph id 8207 reused
CUDA Graph id 8209 reused
CUDA Graph id 8211 reused
CUDA Graph id 8213 reused
CUDA Graph id 8215 reused
CUDA Graph id 8217 reused
CUDA Graph id 8219 reused
CUDA Graph id 8221 reused
CUDA Graph id 8223 reused
CUDA Graph id 8225 reused
CUDA Graph id 8227 reused
CUDA Graph id 8229 reused
CUDA Graph id 8231 reused
CUDA Graph id 8233 reused
CUDA Graph id 8235 reused
CUDA Graph id 8237 reused
CUDA Graph id 8239 reused
CUDA Graph id 8241 reused
CUDA Graph id 8243 reused
CUDA Graph id 8245 reused
CUDA Graph id 8247 reused
CUDA Graph id 8249 reused
CUDA Graph id 8251 reused
CUDA Graph id 8253 reused
CUDA Graph id 8255 reused
CUDA Graph id 8159 reused
CUDA Graph id 8161 reused
CUDA Graph id 8163 reused
CUDA Graph id 8165 reused
CUDA Graph id 8167 reused
CUDA Graph id 8169 reused
CUDA Graph id 8171 reused
CUDA Graph id 8173 reused
CUDA Graph id 8175 reused
CUDA Graph id 8177 reused
CUDA Graph id 8179 reused
CUDA Graph id 8181 reused
CUDA Graph id 8183 reused
CUDA Graph id 8185 reused
CUDA Graph id 8187 reused
CUDA Graph id 8189 reused
CUDA Graph id 8191 reused
CUDA Graph id 8193 reused
CUDA Graph id 8195 reused
CUDA Graph id 8197 reused
CUDA Graph id 8199 reused
CUDA Graph id 8201 reused
CUDA Graph id 8203 reused
CUDA Graph id 8205 reused
CUDA Graph id 8207 reused
CUDA Graph id 8209 reused
CUDA Graph id 8211 reused
CUDA Graph id 8213 reused
CUDA Graph id 8215 reused
CUDA Graph id 8217 reused
CUDA Graph id 8219 reused
CUDA Graph id 8221 reused
CUDA Graph id 8223 reused
CUDA Graph id 8225 reused
CUDA Graph id 8227 reused
CUDA Graph id 8229 reused
CUDA Graph id 8231 reused
CUDA Graph id 8233 reused
CUDA Graph id 8235 reused
CUDA Graph id 8237 reused
CUDA Graph id 8239 reused
CUDA Graph id 8241 reused
CUDA Graph id 8243 reused
CUDA Graph id 8245 reused
CUDA Graph id 8247 reused
CUDA Graph id 8249 reused
CUDA Graph id 8251 reused
CUDA Graph id 8253 reused
CUDA Graph id 8255 reused
CUDA Graph id 8159 reused
CUDA Graph id 8161 reused
CUDA Graph id 8163 reused
CUDA Graph id 8165 reused
CUDA Graph id 8167 reused
CUDA Graph id 8169 reused
CUDA Graph id 8171 reused
CUDA Graph id 8173 reused
CUDA Graph id 8175 reused
CUDA Graph id 8177 reused
CUDA Graph id 8179 reused
CUDA Graph id 8181 reused
CUDA Graph id 8183 reused
CUDA Graph id 8185 reused
CUDA Graph id 8187 reused
CUDA Graph id 8189 reused
CUDA Graph id 8191 reused
CUDA Graph id 8193 reused
CUDA Graph id 8195 reused
CUDA Graph id 8197 reused
CUDA Graph id 8199 reused
CUDA Graph id 8201 reused
CUDA Graph id 8203 reused
CUDA Graph id 8205 reused
CUDA Graph id 8207 reused
CUDA Graph id 8209 reused
CUDA Graph id 8211 reused
CUDA Graph id 8213 reused
CUDA Graph id 8215 reused
CUDA Graph id 8217 reused
CUDA Graph id 8219 reused
CUDA Graph id 8221 reused
CUDA Graph id 8223 reused
CUDA Graph id 8225 reused
CUDA Graph id 8227 reused
CUDA Graph id 8229 reused
CUDA Graph id 8231 reused
CUDA Graph id 8233 reused
CUDA Graph id 8235 reused
CUDA Graph id 8237 reused
CUDA Graph id 8239 reused
CUDA Graph id 8241 reused
CUDA Graph id 8243 reused
CUDA Graph id 8245 reused
CUDA Graph id 8247 reused
CUDA Graph id 8249 reused
CUDA Graph id 8251 reused
CUDA Graph id 8253 reused
CUDA Graph id 8255 reused
CUDA Graph id 8159 reused
CUDA Graph id 8161 reused
CUDA Graph id 8163 reused
CUDA Graph id 8165 reused
CUDA Graph id 8167 reused
CUDA Graph id 8169 reused
CUDA Graph id 8171 reused
CUDA Graph id 8173 reused
CUDA Graph id 8175 reused
CUDA Graph id 8177 reused
CUDA Graph id 8179 reused
CUDA Graph id 8181 reused
CUDA Graph id 8183 reused
CUDA Graph id 8185 reused
CUDA Graph id 8187 reused
CUDA Graph id 8189 reused
CUDA Graph id 8191 reused
CUDA Graph id 8193 reused
CUDA Graph id 8195 reused
CUDA Graph id 8197 reused
CUDA Graph id 8199 reused
CUDA Graph id 8201 reused
CUDA Graph id 8203 reused
CUDA Graph id 8205 reused
CUDA Graph id 8207 reused
CUDA Graph id 8209 reused
CUDA Graph id 8211 reused
CUDA Graph id 8213 reused
CUDA Graph id 8215 reused
CUDA Graph id 8217 reused
CUDA Graph id 8219 reused
CUDA Graph id 8221 reused
CUDA Graph id 8223 reused
CUDA Graph id 8225 reused
CUDA Graph id 8227 reused
CUDA Graph id 8229 reused
CUDA Graph id 8231 reused
CUDA Graph id 8233 reused
CUDA Graph id 8235 reused
CUDA Graph id 8237 reused
CUDA Graph id 8239 reused
CUDA Graph id 8241 reused
CUDA Graph id 8243 reused
CUDA Graph id 8245 reused
CUDA Graph id 8247 reused
CUDA Graph id 8249 reused
CUDA Graph id 8251 reused
CUDA Graph id 8253 reused
CUDA Graph id 8255 reused
CUDA Graph id 8159 reused
CUDA Graph id 8161 reused
CUDA Graph id 8163 reused
CUDA Graph id 8165 reused
CUDA Graph id 8167 reused
CUDA Graph id 8169 reused
CUDA Graph id 8171 reused
CUDA Graph id 8173 reused
CUDA Graph id 8175 reused
CUDA Graph id 8177 reused
CUDA Graph id 8179 reused
CUDA Graph id 8181 reused
CUDA Graph id 8183 reused
CUDA Graph id 8185 reused
CUDA Graph id 8187 reused
CUDA Graph id 8189 reused
CUDA Graph id 8191 reused
CUDA Graph id 8193 reused
CUDA Graph id 8195 reused
CUDA Graph id 8197 reused
CUDA Graph id 8199 reused
CUDA Graph id 8201 reused
CUDA Graph id 8203 reused
CUDA Graph id 8205 reused
CUDA Graph id 8207 reused
CUDA Graph id 8209 reused
CUDA Graph id 8211 reused
CUDA Graph id 8213 reused
CUDA Graph id 8215 reused
CUDA Graph id 8217 reused
CUDA Graph id 8219 reused
CUDA Graph id 8221 reused
CUDA Graph id 8223 reused
CUDA Graph id 8225 reused
CUDA Graph id 8227 reused
CUDA Graph id 8229 reused
CUDA Graph id 8231 reused
CUDA Graph id 8233 reused
CUDA Graph id 8235 reused
CUDA Graph id 8237 reused
CUDA Graph id 8239 reused
CUDA Graph id 8241 reused
CUDA Graph id 8243 reused
CUDA Graph id 8245 reused
CUDA Graph id 8247 reused
CUDA Graph id 8249 reused
CUDA Graph id 8251 reused
CUDA Graph id 8253 reused
CUDA Graph id 8255 reused
CUDA Graph id 8159 reused
CUDA Graph id 8161 reused
CUDA Graph id 8163 reused
CUDA Graph id 8165 reused
CUDA Graph id 8167 reused
CUDA Graph id 8169 reused
CUDA Graph id 8171 reused
CUDA Graph id 8173 reused
CUDA Graph id 8175 reused
CUDA Graph id 8177 reused
CUDA Graph id 8179 reused
CUDA Graph id 8181 reused
CUDA Graph id 8183 reused
CUDA Graph id 8185 reused
CUDA Graph id 8187 reused
CUDA Graph id 8189 reused
CUDA Graph id 8191 reused
CUDA Graph id 8193 reused
CUDA Graph id 8195 reused
CUDA Graph id 8197 reused
CUDA Graph id 8199 reused
CUDA Graph id 8201 reused
CUDA Graph id 8203 reused
CUDA Graph id 8205 reused
CUDA Graph id 8207 reused
CUDA Graph id 8209 reused
CUDA Graph id 8211 reused
CUDA Graph id 8213 reused
CUDA Graph id 8215 reused
CUDA Graph id 8217 reused
CUDA Graph id 8219 reused
CUDA Graph id 8221 reused
CUDA Graph id 8223 reused
CUDA Graph id 8225 reused
CUDA Graph id 8227 reused
CUDA Graph id 8229 reused
CUDA Graph id 8231 reused
CUDA Graph id 8233 reused
CUDA Graph id 8235 reused
CUDA Graph id 8237 reused
CUDA Graph id 8239 reused
CUDA Graph id 8241 reused
CUDA Graph id 8243 reused
CUDA Graph id 8245 reused
CUDA Graph id 8247 reused
CUDA Graph id 8249 reused
CUDA Graph id 8251 reused
CUDA Graph id 8253 reused
CUDA Graph id 8255 reused
CUDA Graph id 8159 reused
CUDA Graph id 8161 reused
CUDA Graph id 8163 reused
CUDA Graph id 8165 reused
CUDA Graph id 8167 reused
CUDA Graph id 8169 reused
CUDA Graph id 8171 reused
CUDA Graph id 8173 reused
CUDA Graph id 8175 reused
CUDA Graph id 8177 reused
CUDA Graph id 8179 reused
CUDA Graph id 8181 reused
CUDA Graph id 8183 reused
CUDA Graph id 8185 reused
CUDA Graph id 8187 reused
CUDA Graph id 8189 reused
CUDA Graph id 8191 reused
CUDA Graph id 8193 reused
CUDA Graph id 8195 reused
CUDA Graph id 8197 reused
CUDA Graph id 8199 reused
CUDA Graph id 8201 reused
CUDA Graph id 8203 reused
CUDA Graph id 8205 reused
CUDA Graph id 8207 reused
CUDA Graph id 8209 reused
CUDA Graph id 8211 reused
CUDA Graph id 8213 reused
CUDA Graph id 8215 reused
CUDA Graph id 8217 reused
CUDA Graph id 8219 reused
CUDA Graph id 8221 reused
CUDA Graph id 8223 reused
CUDA Graph id 8225 reused
CUDA Graph id 8227 reused
CUDA Graph id 8229 reused
CUDA Graph id 8231 reused
CUDA Graph id 8233 reused
CUDA Graph id 8235 reused
CUDA Graph id 8237 reused
CUDA Graph id 8239 reused
CUDA Graph id 8241 reused
CUDA Graph id 8243 reused
CUDA Graph id 8245 reused
CUDA Graph id 8247 reused
CUDA Graph id 8249 reused
CUDA Graph id 8251 reused
CUDA Graph id 8253 reused
CUDA Graph id 8255 reused
CUDA Graph id 8159 reused
CUDA Graph id 8161 reused
CUDA Graph id 8163 reused
CUDA Graph id 8165 reused
CUDA Graph id 8167 reused
CUDA Graph id 8169 reused
CUDA Graph id 8171 reused
CUDA Graph id 8173 reused
CUDA Graph id 8175 reused
CUDA Graph id 8177 reused
CUDA Graph id 8179 reused
CUDA Graph id 8181 reused
CUDA Graph id 8183 reused
CUDA Graph id 8185 reused
CUDA Graph id 8187 reused
CUDA Graph id 8189 reused
CUDA Graph id 8191 reused
CUDA Graph id 8193 reused
CUDA Graph id 8195 reused
CUDA Graph id 8197 reused
CUDA Graph id 8199 reused
CUDA Graph id 8201 reused
CUDA Graph id 8203 reused
CUDA Graph id 8205 reused
CUDA Graph id 8207 reused
CUDA Graph id 8209 reused
CUDA Graph id 8211 reused
CUDA Graph id 8213 reused
CUDA Graph id 8215 reused
CUDA Graph id 8217 reused
CUDA Graph id 8219 reused
CUDA Graph id 8221 reused
CUDA Graph id 8223 reused
CUDA Graph id 8225 reused
CUDA Graph id 8227 reused
CUDA Graph id 8229 reused
CUDA Graph id 8231 reused
CUDA Graph id 8233 reused
CUDA Graph id 8235 reused
CUDA Graph id 8237 reused
CUDA Graph id 8239 reused
CUDA Graph id 8241 reused
CUDA Graph id 8243 reused
CUDA Graph id 8245 reused
CUDA Graph id 8247 reused
CUDA Graph id 8249 reused
CUDA Graph id 8251 reused
CUDA Graph id 8253 reused
CUDA Graph id 8255 reused
CUDA Graph id 8159 reused
CUDA Graph id 8161 reused
CUDA Graph id 8163 reused
CUDA Graph id 8165 reused
CUDA Graph id 8167 reused
CUDA Graph id 8169 reused
CUDA Graph id 8171 reused
CUDA Graph id 8173 reused
CUDA Graph id 8175 reused
CUDA Graph id 8177 reused
CUDA Graph id 8179 reused
CUDA Graph id 8181 reused
CUDA Graph id 8183 reused
CUDA Graph id 8185 reused
CUDA Graph id 8187 reused
CUDA Graph id 8189 reused
CUDA Graph id 8191 reused
CUDA Graph id 8193 reused
CUDA Graph id 8195 reused
CUDA Graph id 8197 reused
CUDA Graph id 8199 reused
CUDA Graph id 8201 reused
CUDA Graph id 8203 reused
CUDA Graph id 8205 reused
CUDA Graph id 8207 reused
CUDA Graph id 8209 reused
CUDA Graph id 8211 reused
CUDA Graph id 8213 reused
CUDA Graph id 8215 reused
CUDA Graph id 8217 reused
CUDA Graph id 8219 reused
CUDA Graph id 8221 reused
CUDA Graph id 8223 reused
CUDA Graph id 8225 reused
CUDA Graph id 8227 reused
CUDA Graph id 8229 reused
CUDA Graph id 8231 reused
CUDA Graph id 8233 reused
CUDA Graph id 8235 reused
CUDA Graph id 8237 reused
CUDA Graph id 8239 reused
CUDA Graph id 8241 reused
CUDA Graph id 8243 reused
CUDA Graph id 8245 reused
CUDA Graph id 8247 reused
CUDA Graph id 8249 reused
CUDA Graph id 8251 reused
CUDA Graph id 8253 reused
CUDA Graph id 8255 reused
CUDA Graph id 8159 reused
CUDA Graph id 8161 reused
CUDA Graph id 8163 reused
CUDA Graph id 8165 reused
CUDA Graph id 8167 reused
CUDA Graph id 8169 reused
CUDA Graph id 8171 reused
CUDA Graph id 8173 reused
CUDA Graph id 8175 reused
CUDA Graph id 8177 reused
CUDA Graph id 8179 reused
CUDA Graph id 8181 reused
CUDA Graph id 8183 reused
CUDA Graph id 8185 reused
CUDA Graph id 8187 reused
CUDA Graph id 8189 reused
CUDA Graph id 8191 reused
CUDA Graph id 8193 reused
CUDA Graph id 8195 reused
CUDA Graph id 8197 reused
CUDA Graph id 8199 reused
CUDA Graph id 8201 reused
CUDA Graph id 8203 reused
CUDA Graph id 8205 reused
CUDA Graph id 8207 reused
CUDA Graph id 8209 reused
CUDA Graph id 8211 reused
CUDA Graph id 8213 reused
CUDA Graph id 8215 reused
CUDA Graph id 8217 reused
CUDA Graph id 8219 reused
CUDA Graph id 8221 reused
CUDA Graph id 8223 reused
CUDA Graph id 8225 reused
CUDA Graph id 8227 reused
CUDA Graph id 8229 reused
CUDA Graph id 8231 reused
CUDA Graph id 8233 reused
CUDA Graph id 8235 reused
CUDA Graph id 8237 reused
CUDA Graph id 8239 reused
CUDA Graph id 8241 reused
CUDA Graph id 8243 reused
CUDA Graph id 8245 reused
CUDA Graph id 8247 reused
CUDA Graph id 8249 reused
CUDA Graph id 8251 reused
CUDA Graph id 8253 reused
CUDA Graph id 8255 reused
CUDA Graph id 8159 reused
CUDA Graph id 8161 reused
CUDA Graph id 8163 reused
CUDA Graph id 8165 reused
CUDA Graph id 8167 reused
CUDA Graph id 8169 reused
CUDA Graph id 8171 reused
CUDA Graph id 8173 reused
CUDA Graph id 8175 reused
CUDA Graph id 8177 reused
CUDA Graph id 8179 reused
CUDA Graph id 8181 reused
CUDA Graph id 8183 reused
CUDA Graph id 8185 reused
CUDA Graph id 8187 reused
CUDA Graph id 8189 reused
CUDA Graph id 8191 reused
CUDA Graph id 8193 reused
CUDA Graph id 8195 reused
CUDA Graph id 8197 reused
CUDA Graph id 8199 reused
CUDA Graph id 8201 reused
CUDA Graph id 8203 reused
CUDA Graph id 8205 reused
CUDA Graph id 8207 reused
CUDA Graph id 8209 reused
CUDA Graph id 8211 reused
CUDA Graph id 8213 reused
CUDA Graph id 8215 reused
CUDA Graph id 8217 reused
CUDA Graph id 8219 reused
CUDA Graph id 8221 reused
CUDA Graph id 8223 reused
CUDA Graph id 8225 reused
CUDA Graph id 8227 reused
CUDA Graph id 8229 reused
CUDA Graph id 8231 reused
CUDA Graph id 8233 reused
CUDA Graph id 8235 reused
CUDA Graph id 8237 reused
CUDA Graph id 8239 reused
CUDA Graph id 8241 reused
CUDA Graph id 8243 reused
CUDA Graph id 8245 reused
CUDA Graph id 8247 reused
CUDA Graph id 8249 reused
CUDA Graph id 8251 reused
CUDA Graph id 8253 reused
CUDA Graph id 8255 reused
CUDA Graph id 8159 reused
CUDA Graph id 8161 reused
CUDA Graph id 8163 reused
CUDA Graph id 8165 reused
CUDA Graph id 8167 reused
CUDA Graph id 8169 reused
CUDA Graph id 8171 reused
CUDA Graph id 8173 reused
CUDA Graph id 8175 reused
CUDA Graph id 8177 reused
CUDA Graph id 8179 reused
CUDA Graph id 8181 reused
CUDA Graph id 8183 reused
CUDA Graph id 8185 reused
CUDA Graph id 8187 reused
CUDA Graph id 8189 reused
CUDA Graph id 8191 reused
CUDA Graph id 8193 reused
CUDA Graph id 8195 reused
CUDA Graph id 8197 reused
CUDA Graph id 8199 reused
CUDA Graph id 8201 reused
CUDA Graph id 8203 reused
CUDA Graph id 8205 reused
CUDA Graph id 8207 reused
CUDA Graph id 8209 reused
CUDA Graph id 8211 reused
CUDA Graph id 8213 reused
CUDA Graph id 8215 reused
CUDA Graph id 8217 reused
CUDA Graph id 8219 reused
CUDA Graph id 8221 reused
CUDA Graph id 8223 reused
CUDA Graph id 8225 reused
CUDA Graph id 8227 reused
CUDA Graph id 8229 reused
CUDA Graph id 8231 reused
CUDA Graph id 8233 reused
CUDA Graph id 8235 reused
CUDA Graph id 8237 reused
CUDA Graph id 8239 reused
CUDA Graph id 8241 reused
CUDA Graph id 8243 reused
CUDA Graph id 8245 reused
CUDA Graph id 8247 reused
CUDA Graph id 8249 reused
CUDA Graph id 8251 reused
CUDA Graph id 8253 reused
CUDA Graph id 8255 reused
CUDA Graph id 8159 reused
CUDA Graph id 8161 reused
CUDA Graph id 8163 reused
CUDA Graph id 8165 reused
CUDA Graph id 8167 reused
CUDA Graph id 8169 reused
CUDA Graph id 8171 reused
CUDA Graph id 8173 reused
CUDA Graph id 8175 reused
CUDA Graph id 8177 reused
CUDA Graph id 8179 reused
CUDA Graph id 8181 reused
CUDA Graph id 8183 reused
CUDA Graph id 8185 reused
CUDA Graph id 8187 reused
CUDA Graph id 8189 reused
CUDA Graph id 8191 reused
CUDA Graph id 8193 reused
CUDA Graph id 8195 reused
CUDA Graph id 8197 reused
CUDA Graph id 8199 reused
CUDA Graph id 8201 reused
CUDA Graph id 8203 reused
CUDA Graph id 8205 reused
CUDA Graph id 8207 reused
CUDA Graph id 8209 reused
CUDA Graph id 8211 reused
CUDA Graph id 8213 reused
CUDA Graph id 8215 reused
CUDA Graph id 8217 reused
CUDA Graph id 8219 reused
CUDA Graph id 8221 reused
CUDA Graph id 8223 reused
CUDA Graph id 8225 reused
CUDA Graph id 8227 reused
CUDA Graph id 8229 reused
CUDA Graph id 8231 reused
CUDA Graph id 8233 reused
CUDA Graph id 8235 reused
CUDA Graph id 8237 reused
CUDA Graph id 8239 reused
CUDA Graph id 8241 reused
CUDA Graph id 8243 reused
CUDA Graph id 8245 reused
CUDA Graph id 8247 reused
CUDA Graph id 8249 reused
CUDA Graph id 8251 reused
CUDA Graph id 8253 reused
CUDA Graph id 8255 reused
CUDA Graph id 8159 reused
CUDA Graph id 8161 reused
CUDA Graph id 8163 reused
CUDA Graph id 8165 reused
CUDA Graph id 8167 reused
CUDA Graph id 8169 reused
CUDA Graph id 8171 reused
CUDA Graph id 8173 reused
CUDA Graph id 8175 reused
CUDA Graph id 8177 reused
CUDA Graph id 8179 reused
CUDA Graph id 8181 reused
CUDA Graph id 8183 reused
CUDA Graph id 8185 reused
CUDA Graph id 8187 reused
CUDA Graph id 8189 reused
CUDA Graph id 8191 reused
CUDA Graph id 8193 reused
CUDA Graph id 8195 reused
CUDA Graph id 8197 reused
CUDA Graph id 8199 reused
CUDA Graph id 8201 reused
CUDA Graph id 8203 reused
CUDA Graph id 8205 reused
CUDA Graph id 8207 reused
CUDA Graph id 8209 reused
CUDA Graph id 8211 reused
CUDA Graph id 8213 reused
CUDA Graph id 8215 reused
CUDA Graph id 8217 reused
CUDA Graph id 8219 reused
CUDA Graph id 8221 reused
CUDA Graph id 8223 reused
CUDA Graph id 8225 reused
CUDA Graph id 8227 reused
CUDA Graph id 8229 reused
CUDA Graph id 8231 reused
CUDA Graph id 8233 reused
CUDA Graph id 8235 reused
CUDA Graph id 8237 reused
CUDA Graph id 8239 reused
CUDA Graph id 8241 reused
CUDA Graph id 8243 reused
CUDA Graph id 8245 reused
CUDA Graph id 8247 reused
CUDA Graph id 8249 reused
CUDA Graph id 8251 reused
CUDA Graph id 8253 reused
CUDA Graph id 8255 reused
CUDA Graph id 8159 reused
CUDA Graph id 8161 reused
CUDA Graph id 8163 reused
CUDA Graph id 8165 reused
CUDA Graph id 8167 reused
CUDA Graph id 8169 reused
CUDA Graph id 8171 reused
CUDA Graph id 8173 reused
CUDA Graph id 8175 reused
CUDA Graph id 8177 reused
CUDA Graph id 8179 reused
CUDA Graph id 8181 reused
CUDA Graph id 8183 reused
CUDA Graph id 8185 reused
CUDA Graph id 8187 reused
CUDA Graph id 8189 reused
CUDA Graph id 8191 reused
CUDA Graph id 8193 reused
CUDA Graph id 8195 reused
CUDA Graph id 8197 reused
CUDA Graph id 8199 reused
CUDA Graph id 8201 reused
CUDA Graph id 8203 reused
CUDA Graph id 8205 reused
CUDA Graph id 8207 reused
CUDA Graph id 8209 reused
CUDA Graph id 8211 reused
CUDA Graph id 8213 reused
CUDA Graph id 8215 reused
CUDA Graph id 8217 reused
CUDA Graph id 8219 reused
CUDA Graph id 8221 reused
CUDA Graph id 8223 reused
CUDA Graph id 8225 reused
CUDA Graph id 8227 reused
CUDA Graph id 8229 reused
CUDA Graph id 8231 reused
CUDA Graph id 8233 reused
CUDA Graph id 8235 reused
CUDA Graph id 8237 reused
CUDA Graph id 8239 reused
CUDA Graph id 8241 reused
CUDA Graph id 8243 reused
CUDA Graph id 8245 reused
CUDA Graph id 8247 reused
CUDA Graph id 8249 reused
CUDA Graph id 8251 reused
CUDA Graph id 8253 reused
CUDA Graph id 8255 reused
CUDA Graph id 8159 reused
CUDA Graph id 8161 reused
CUDA Graph id 8163 reused
CUDA Graph id 8165 reused
CUDA Graph id 8167 reused
CUDA Graph id 8169 reused
CUDA Graph id 8171 reused
CUDA Graph id 8173 reused
CUDA Graph id 8175 reused
CUDA Graph id 8177 reused
CUDA Graph id 8179 reused
CUDA Graph id 8181 reused
CUDA Graph id 8183 reused
CUDA Graph id 8185 reused
CUDA Graph id 8187 reused
CUDA Graph id 8189 reused
CUDA Graph id 8191 reused
CUDA Graph id 8193 reused
CUDA Graph id 8195 reused
CUDA Graph id 8197 reused
CUDA Graph id 8199 reused
CUDA Graph id 8201 reused
CUDA Graph id 8203 reused
CUDA Graph id 8205 reused
CUDA Graph id 8207 reused
CUDA Graph id 8209 reused
CUDA Graph id 8211 reused
CUDA Graph id 8213 reused
CUDA Graph id 8215 reused
CUDA Graph id 8217 reused
CUDA Graph id 8219 reused
CUDA Graph id 8221 reused
CUDA Graph id 8223 reused
CUDA Graph id 8225 reused
CUDA Graph id 8227 reused
CUDA Graph id 8229 reused
CUDA Graph id 8231 reused
CUDA Graph id 8233 reused
CUDA Graph id 8235 reused
CUDA Graph id 8237 reused
CUDA Graph id 8239 reused
CUDA Graph id 8241 reused
CUDA Graph id 8243 reused
CUDA Graph id 8245 reused
CUDA Graph id 8247 reused
CUDA Graph id 8249 reused
CUDA Graph id 8251 reused
CUDA Graph id 8253 reused
CUDA Graph id 8255 reused
CUDA Graph id 8159 reused
CUDA Graph id 8161 reused
CUDA Graph id 8163 reused
CUDA Graph id 8165 reused
CUDA Graph id 8167 reused
CUDA Graph id 8169 reused
CUDA Graph id 8171 reused
CUDA Graph id 8173 reused
CUDA Graph id 8175 reused
CUDA Graph id 8177 reused
CUDA Graph id 8179 reused
CUDA Graph id 8181 reused
CUDA Graph id 8183 reused
CUDA Graph id 8185 reused
CUDA Graph id 8187 reused
CUDA Graph id 8189 reused
CUDA Graph id 8191 reused
CUDA Graph id 8193 reused
CUDA Graph id 8195 reused
CUDA Graph id 8197 reused
CUDA Graph id 8199 reused
CUDA Graph id 8201 reused
CUDA Graph id 8203 reused
CUDA Graph id 8205 reused
CUDA Graph id 8207 reused
CUDA Graph id 8209 reused
CUDA Graph id 8211 reused
CUDA Graph id 8213 reused
CUDA Graph id 8215 reused
CUDA Graph id 8217 reused
CUDA Graph id 8219 reused
CUDA Graph id 8221 reused
CUDA Graph id 8223 reused
CUDA Graph id 8225 reused
CUDA Graph id 8227 reused
CUDA Graph id 8229 reused
CUDA Graph id 8231 reused
CUDA Graph id 8233 reused
CUDA Graph id 8235 reused
CUDA Graph id 8237 reused
CUDA Graph id 8239 reused
CUDA Graph id 8241 reused
CUDA Graph id 8243 reused
CUDA Graph id 8245 reused
CUDA Graph id 8247 reused
CUDA Graph id 8249 reused
CUDA Graph id 8251 reused
CUDA Graph id 8253 reused
CUDA Graph id 8255 reused
CUDA Graph id 8159 reused
CUDA Graph id 8161 reused
CUDA Graph id 8163 reused
CUDA Graph id 8165 reused
CUDA Graph id 8167 reused
CUDA Graph id 8169 reused
CUDA Graph id 8171 reused
CUDA Graph id 8173 reused
CUDA Graph id 8175 reused
CUDA Graph id 8177 reused
CUDA Graph id 8179 reused
CUDA Graph id 8181 reused
CUDA Graph id 8183 reused
CUDA Graph id 8185 reused
CUDA Graph id 8187 reused
CUDA Graph id 8189 reused
CUDA Graph id 8191 reused
CUDA Graph id 8193 reused
CUDA Graph id 8195 reused
CUDA Graph id 8197 reused
CUDA Graph id 8199 reused
CUDA Graph id 8201 reused
CUDA Graph id 8203 reused
CUDA Graph id 8205 reused
CUDA Graph id 8207 reused
CUDA Graph id 8209 reused
CUDA Graph id 8211 reused
CUDA Graph id 8213 reused
CUDA Graph id 8215 reused
CUDA Graph id 8217 reused
CUDA Graph id 8219 reused
CUDA Graph id 8221 reused
CUDA Graph id 8223 reused
CUDA Graph id 8225 reused
CUDA Graph id 8227 reused
CUDA Graph id 8229 reused
CUDA Graph id 8231 reused
CUDA Graph id 8233 reused
CUDA Graph id 8235 reused
CUDA Graph id 8237 reused
CUDA Graph id 8239 reused
CUDA Graph id 8241 reused
CUDA Graph id 8243 reused
CUDA Graph id 8245 reused
CUDA Graph id 8247 reused
CUDA Graph id 8249 reused
CUDA Graph id 8251 reused
CUDA Graph id 8253 reused
CUDA Graph id 8255 reused
CUDA Graph id 8159 reused
CUDA Graph id 8161 reused
CUDA Graph id 8163 reused
CUDA Graph id 8165 reused
CUDA Graph id 8167 reused
CUDA Graph id 8169 reused
CUDA Graph id 8171 reused
CUDA Graph id 8173 reused
CUDA Graph id 8175 reused
CUDA Graph id 8177 reused
CUDA Graph id 8179 reused
CUDA Graph id 8181 reused
CUDA Graph id 8183 reused
CUDA Graph id 8185 reused
CUDA Graph id 8187 reused
CUDA Graph id 8189 reused
CUDA Graph id 8191 reused
CUDA Graph id 8193 reused
CUDA Graph id 8195 reused
CUDA Graph id 8197 reused
CUDA Graph id 8199 reused
CUDA Graph id 8201 reused
CUDA Graph id 8203 reused
CUDA Graph id 8205 reused
CUDA Graph id 8207 reused
CUDA Graph id 8209 reused
CUDA Graph id 8211 reused
CUDA Graph id 8213 reused
CUDA Graph id 8215 reused
CUDA Graph id 8217 reused
CUDA Graph id 8219 reused
CUDA Graph id 8221 reused
CUDA Graph id 8223 reused
CUDA Graph id 8225 reused
CUDA Graph id 8227 reused
CUDA Graph id 8229 reused
CUDA Graph id 8231 reused
CUDA Graph id 8233 reused
CUDA Graph id 8235 reused
CUDA Graph id 8237 reused
CUDA Graph id 8239 reused
CUDA Graph id 8241 reused
CUDA Graph id 8243 reused
CUDA Graph id 8245 reused
CUDA Graph id 8247 reused
CUDA Graph id 8249 reused
CUDA Graph id 8251 reused
CUDA Graph id 8253 reused
CUDA Graph id 8255 reused
CUDA Graph id 8159 reused
CUDA Graph id 8161 reused
CUDA Graph id 8163 reused
CUDA Graph id 8165 reused
CUDA Graph id 8167 reused
CUDA Graph id 8169 reused
CUDA Graph id 8171 reused
CUDA Graph id 8173 reused
CUDA Graph id 8175 reused
CUDA Graph id 8177 reused
CUDA Graph id 8179 reused
CUDA Graph id 8181 reused
CUDA Graph id 8183 reused
CUDA Graph id 8185 reused
CUDA Graph id 8187 reused
CUDA Graph id 8189 reused
CUDA Graph id 8191 reused
CUDA Graph id 8193 reused
CUDA Graph id 8195 reused
CUDA Graph id 8197 reused
CUDA Graph id 8199 reused
CUDA Graph id 8201 reused
CUDA Graph id 8203 reused
CUDA Graph id 8205 reused
CUDA Graph id 8207 reused
CUDA Graph id 8209 reused
CUDA Graph id 8211 reused
CUDA Graph id 8213 reused
CUDA Graph id 8215 reused
CUDA Graph id 8217 reused
CUDA Graph id 8219 reused
CUDA Graph id 8221 reused
CUDA Graph id 8223 reused
CUDA Graph id 8225 reused
CUDA Graph id 8227 reused
CUDA Graph id 8229 reused
CUDA Graph id 8231 reused
CUDA Graph id 8233 reused
CUDA Graph id 8235 reused
CUDA Graph id 8237 reused
CUDA Graph id 8239 reused
CUDA Graph id 8241 reused
CUDA Graph id 8243 reused
CUDA Graph id 8245 reused
CUDA Graph id 8247 reused
CUDA Graph id 8249 reused
CUDA Graph id 8251 reused
CUDA Graph id 8253 reused
CUDA Graph id 8255 reused
CUDA Graph id 8159 reused
CUDA Graph id 8161 reused
CUDA Graph id 8163 reused
CUDA Graph id 8165 reused
CUDA Graph id 8167 reused
CUDA Graph id 8169 reused
CUDA Graph id 8171 reused
CUDA Graph id 8173 reused
CUDA Graph id 8175 reused
CUDA Graph id 8177 reused
CUDA Graph id 8179 reused
CUDA Graph id 8181 reused
CUDA Graph id 8183 reused
CUDA Graph id 8185 reused
CUDA Graph id 8187 reused
CUDA Graph id 8189 reused
CUDA Graph id 8191 reused
CUDA Graph id 8193 reused
CUDA Graph id 8195 reused
CUDA Graph id 8197 reused
CUDA Graph id 8199 reused
CUDA Graph id 8201 reused
CUDA Graph id 8203 reused
CUDA Graph id 8205 reused
CUDA Graph id 8207 reused
CUDA Graph id 8209 reused
CUDA Graph id 8211 reused
CUDA Graph id 8213 reused
CUDA Graph id 8215 reused
CUDA Graph id 8217 reused
CUDA Graph id 8219 reused
CUDA Graph id 8221 reused
CUDA Graph id 8223 reused
CUDA Graph id 8225 reused
CUDA Graph id 8227 reused
CUDA Graph id 8229 reused
CUDA Graph id 8231 reused
CUDA Graph id 8233 reused
CUDA Graph id 8235 reused
CUDA Graph id 8237 reused
CUDA Graph id 8239 reused
CUDA Graph id 8241 reused
CUDA Graph id 8243 reused
CUDA Graph id 8245 reused
CUDA Graph id 8247 reused
CUDA Graph id 8249 reused
CUDA Graph id 8251 reused
CUDA Graph id 8253 reused
CUDA Graph id 8255 reused
CUDA Graph id 8159 reused
CUDA Graph id 8161 reused
CUDA Graph id 8163 reused
CUDA Graph id 8165 reused
CUDA Graph id 8167 reused
CUDA Graph id 8169 reused
CUDA Graph id 8171 reused
CUDA Graph id 8173 reused
CUDA Graph id 8175 reused
CUDA Graph id 8177 reused
CUDA Graph id 8179 reused
CUDA Graph id 8181 reused
CUDA Graph id 8183 reused
CUDA Graph id 8185 reused
CUDA Graph id 8187 reused
CUDA Graph id 8189 reused
CUDA Graph id 8191 reused
CUDA Graph id 8193 reused
CUDA Graph id 8195 reused
CUDA Graph id 8197 reused
CUDA Graph id 8199 reused
CUDA Graph id 8201 reused
CUDA Graph id 8203 reused
CUDA Graph id 8205 reused
CUDA Graph id 8207 reused
CUDA Graph id 8209 reused
CUDA Graph id 8211 reused
CUDA Graph id 8213 reused
CUDA Graph id 8215 reused
CUDA Graph id 8217 reused
CUDA Graph id 8219 reused
CUDA Graph id 8221 reused
CUDA Graph id 8223 reused
CUDA Graph id 8225 reused
CUDA Graph id 8227 reused
CUDA Graph id 8229 reused
CUDA Graph id 8231 reused
CUDA Graph id 8233 reused
CUDA Graph id 8235 reused
CUDA Graph id 8237 reused
CUDA Graph id 8239 reused
CUDA Graph id 8241 reused
CUDA Graph id 8243 reused
CUDA Graph id 8245 reused
CUDA Graph id 8247 reused
CUDA Graph id 8249 reused
CUDA Graph id 8251 reused
CUDA Graph id 8253 reused
CUDA Graph id 8255 reused
CUDA Graph id 8159 reused
CUDA Graph id 8161 reused
CUDA Graph id 8163 reused
CUDA Graph id 8165 reused
CUDA Graph id 8167 reused
CUDA Graph id 8169 reused
CUDA Graph id 8171 reused
CUDA Graph id 8173 reused
CUDA Graph id 8175 reused
CUDA Graph id 8177 reused
CUDA Graph id 8179 reused
CUDA Graph id 8181 reused
CUDA Graph id 8183 reused
CUDA Graph id 8185 reused
CUDA Graph id 8187 reused
CUDA Graph id 8189 reused
CUDA Graph id 8191 reused
CUDA Graph id 8193 reused
CUDA Graph id 8195 reused
CUDA Graph id 8197 reused
CUDA Graph id 8199 reused
CUDA Graph id 8201 reused
CUDA Graph id 8203 reused
CUDA Graph id 8205 reused
CUDA Graph id 8207 reused
CUDA Graph id 8209 reused
CUDA Graph id 8211 reused
CUDA Graph id 8213 reused
CUDA Graph id 8215 reused
CUDA Graph id 8217 reused
CUDA Graph id 8219 reused
CUDA Graph id 8221 reused
CUDA Graph id 8223 reused
CUDA Graph id 8225 reused
CUDA Graph id 8227 reused
CUDA Graph id 8229 reused
CUDA Graph id 8231 reused
CUDA Graph id 8233 reused
CUDA Graph id 8235 reused
CUDA Graph id 8237 reused
CUDA Graph id 8239 reused
CUDA Graph id 8241 reused
CUDA Graph id 8243 reused
CUDA Graph id 8245 reused
CUDA Graph id 8247 reused
CUDA Graph id 8249 reused
CUDA Graph id 8251 reused
CUDA Graph id 8253 reused
CUDA Graph id 8255 reused
CUDA Graph id 8159 reused
CUDA Graph id 8161 reused
CUDA Graph id 8163 reused
CUDA Graph id 8165 reused
CUDA Graph id 8167 reused
CUDA Graph id 8169 reused
CUDA Graph id 8171 reused
CUDA Graph id 8173 reused
CUDA Graph id 8175 reused
CUDA Graph id 8177 reused
CUDA Graph id 8179 reused
CUDA Graph id 8181 reused
CUDA Graph id 8183 reused
CUDA Graph id 8185 reused
CUDA Graph id 8187 reused
CUDA Graph id 8189 reused
CUDA Graph id 8191 reused
CUDA Graph id 8193 reused
CUDA Graph id 8195 reused
CUDA Graph id 8197 reused
CUDA Graph id 8199 reused
CUDA Graph id 8201 reused
CUDA Graph id 8203 reused
CUDA Graph id 8205 reused
CUDA Graph id 8207 reused
CUDA Graph id 8209 reused
CUDA Graph id 8211 reused
CUDA Graph id 8213 reused
CUDA Graph id 8215 reused
CUDA Graph id 8217 reused
CUDA Graph id 8219 reused
CUDA Graph id 8221 reused
CUDA Graph id 8223 reused
CUDA Graph id 8225 reused
CUDA Graph id 8227 reused
CUDA Graph id 8229 reused
CUDA Graph id 8231 reused
CUDA Graph id 8233 reused
CUDA Graph id 8235 reused
CUDA Graph id 8237 reused
CUDA Graph id 8239 reused
CUDA Graph id 8241 reused
CUDA Graph id 8243 reused
CUDA Graph id 8245 reused
CUDA Graph id 8247 reused
CUDA Graph id 8249 reused
CUDA Graph id 8251 reused
CUDA Graph id 8253 reused
CUDA Graph id 8255 reused
CUDA Graph id 8159 reused
CUDA Graph id 8161 reused
CUDA Graph id 8163 reused
CUDA Graph id 8165 reused
CUDA Graph id 8167 reused
CUDA Graph id 8169 reused
CUDA Graph id 8171 reused
CUDA Graph id 8173 reused
CUDA Graph id 8175 reused
CUDA Graph id 8177 reused
CUDA Graph id 8179 reused
CUDA Graph id 8181 reused
CUDA Graph id 8183 reused
CUDA Graph id 8185 reused
CUDA Graph id 8187 reused
CUDA Graph id 8189 reused
CUDA Graph id 8191 reused
CUDA Graph id 8193 reused
CUDA Graph id 8195 reused
CUDA Graph id 8197 reused
CUDA Graph id 8199 reused
CUDA Graph id 8201 reused
CUDA Graph id 8203 reused
CUDA Graph id 8205 reused
CUDA Graph id 8207 reused
CUDA Graph id 8209 reused
CUDA Graph id 8211 reused
CUDA Graph id 8213 reused
CUDA Graph id 8215 reused
CUDA Graph id 8217 reused
CUDA Graph id 8219 reused
CUDA Graph id 8221 reused
CUDA Graph id 8223 reused
CUDA Graph id 8225 reused
CUDA Graph id 8227 reused
CUDA Graph id 8229 reused
CUDA Graph id 8231 reused
CUDA Graph id 8233 reused
CUDA Graph id 8235 reused
CUDA Graph id 8237 reused
CUDA Graph id 8239 reused
CUDA Graph id 8241 reused
CUDA Graph id 8243 reused
CUDA Graph id 8245 reused
CUDA Graph id 8247 reused
CUDA Graph id 8249 reused
CUDA Graph id 8251 reused
CUDA Graph id 8253 reused
CUDA Graph id 8255 reused
CUDA Graph id 8159 reused
CUDA Graph id 8161 reused
CUDA Graph id 8163 reused
CUDA Graph id 8165 reused
CUDA Graph id 8167 reused
CUDA Graph id 8169 reused
CUDA Graph id 8171 reused
CUDA Graph id 8173 reused
CUDA Graph id 8175 reused
CUDA Graph id 8177 reused
CUDA Graph id 8179 reused
CUDA Graph id 8181 reused
CUDA Graph id 8183 reused
CUDA Graph id 8185 reused
CUDA Graph id 8187 reused
CUDA Graph id 8189 reused
CUDA Graph id 8191 reused
CUDA Graph id 8193 reused
CUDA Graph id 8195 reused
CUDA Graph id 8197 reused
CUDA Graph id 8199 reused
CUDA Graph id 8201 reused
CUDA Graph id 8203 reused
CUDA Graph id 8205 reused
CUDA Graph id 8207 reused
CUDA Graph id 8209 reused
CUDA Graph id 8211 reused
CUDA Graph id 8213 reused
CUDA Graph id 8215 reused
CUDA Graph id 8217 reused
CUDA Graph id 8219 reused
CUDA Graph id 8221 reused
CUDA Graph id 8223 reused
CUDA Graph id 8225 reused
CUDA Graph id 8227 reused
CUDA Graph id 8229 reused
CUDA Graph id 8231 reused
CUDA Graph id 8233 reused
CUDA Graph id 8235 reused
CUDA Graph id 8237 reused
CUDA Graph id 8239 reused
CUDA Graph id 8241 reused
CUDA Graph id 8243 reused
CUDA Graph id 8245 reused
CUDA Graph id 8247 reused
CUDA Graph id 8249 reused
CUDA Graph id 8251 reused
CUDA Graph id 8253 reused
CUDA Graph id 8255 reused
CUDA Graph id 8159 reused
CUDA Graph id 8161 reused
CUDA Graph id 8163 reused
CUDA Graph id 8165 reused
CUDA Graph id 8167 reused
CUDA Graph id 8169 reused
CUDA Graph id 8171 reused
CUDA Graph id 8173 reused
CUDA Graph id 8175 reused
CUDA Graph id 8177 reused
CUDA Graph id 8179 reused
CUDA Graph id 8181 reused
CUDA Graph id 8183 reused
CUDA Graph id 8185 reused
CUDA Graph id 8187 reused
CUDA Graph id 8189 reused
CUDA Graph id 8191 reused
CUDA Graph id 8193 reused
CUDA Graph id 8195 reused
CUDA Graph id 8197 reused
CUDA Graph id 8199 reused
CUDA Graph id 8201 reused
CUDA Graph id 8203 reused
CUDA Graph id 8205 reused
CUDA Graph id 8207 reused
CUDA Graph id 8209 reused
CUDA Graph id 8211 reused
CUDA Graph id 8213 reused
CUDA Graph id 8215 reused
CUDA Graph id 8217 reused
CUDA Graph id 8219 reused
CUDA Graph id 8221 reused
CUDA Graph id 8223 reused
CUDA Graph id 8225 reused
CUDA Graph id 8227 reused
CUDA Graph id 8229 reused
CUDA Graph id 8231 reused
CUDA Graph id 8233 reused
CUDA Graph id 8235 reused
CUDA Graph id 8237 reused
CUDA Graph id 8239 reused
CUDA Graph id 8241 reused
CUDA Graph id 8243 reused
CUDA Graph id 8245 reused
CUDA Graph id 8247 reused
CUDA Graph id 8249 reused
CUDA Graph id 8251 reused
CUDA Graph id 8253 reused
CUDA Graph id 8255 reused
ggml_backend_cuda_graph_compute: CUDA graph warmup reset
ggml_backend_cuda_graph_compute: CUDA graph warmup reset
ggml_backend_cuda_graph_compute: CUDA graph warmup complete
ggml_backend_cuda_graph_compute: CUDA graph warmup reset
CUDA Graph id 8842 reused
ggml_backend_cuda_graph_compute: CUDA graph warmup complete
CUDA Graph id 8844 reused
CUDA Graph id 8846 reused
CUDA Graph id 8848 reused
CUDA Graph id 8850 reused
CUDA Graph id 8852 reused
CUDA Graph id 8854 reused
CUDA Graph id 8856 reused
CUDA Graph id 8858 reused
CUDA Graph id 8860 reused
CUDA Graph id 8862 reused
CUDA Graph id 8864 reused
CUDA Graph id 8866 reused
CUDA Graph id 8868 reused
CUDA Graph id 8870 reused
CUDA Graph id 8872 reused
CUDA Graph id 8874 reused
CUDA Graph id 8876 reused
CUDA Graph id 8878 reused
CUDA Graph id 8880 reused
CUDA Graph id 8882 reused
CUDA Graph id 8884 reused
CUDA Graph id 8886 reused
CUDA Graph id 8888 reused
CUDA Graph id 8890 reused
CUDA Graph id 8892 reused
CUDA Graph id 8894 reused
CUDA Graph id 8896 reused
CUDA Graph id 8898 reused
CUDA Graph id 8900 reused
CUDA Graph id 8902 reused
CUDA Graph id 8904 reused
CUDA Graph id 8906 reused
CUDA Graph id 8908 reused
CUDA Graph id 8910 reused
CUDA Graph id 8912 reused
CUDA Graph id 8914 reused
CUDA Graph id 8916 reused
CUDA Graph id 8918 reused
CUDA Graph id 8920 reused
CUDA Graph id 8922 reused
CUDA Graph id 8924 reused
CUDA Graph id 8926 reused
CUDA Graph id 8928 reused
CUDA Graph id 8930 reused
CUDA Graph id 8932 reused
CUDA Graph id 8934 reused
CUDA Graph id 8936 reused
CUDA Graph id 8938 reused
ggml_backend_cuda_graph_compute: CUDA graph warmup complete
CUDA Graph id 8842 reused
CUDA Graph id 8844 reused
CUDA Graph id 8846 reused
CUDA Graph id 8848 reused
CUDA Graph id 8850 reused
CUDA Graph id 8852 reused
CUDA Graph id 8854 reused
CUDA Graph id 8856 reused
CUDA Graph id 8858 reused
CUDA Graph id 8860 reused
CUDA Graph id 8862 reused
CUDA Graph id 8864 reused
CUDA Graph id 8866 reused
CUDA Graph id 8868 reused
CUDA Graph id 8870 reused
CUDA Graph id 8872 reused
CUDA Graph id 8874 reused
CUDA Graph id 8876 reused
CUDA Graph id 8878 reused
CUDA Graph id 8880 reused
CUDA Graph id 8882 reused
CUDA Graph id 8884 reused
CUDA Graph id 8886 reused
CUDA Graph id 8888 reused
CUDA Graph id 8890 reused
CUDA Graph id 8892 reused
CUDA Graph id 8894 reused
CUDA Graph id 8896 reused
CUDA Graph id 8898 reused
CUDA Graph id 8900 reused
CUDA Graph id 8902 reused
CUDA Graph id 8904 reused
CUDA Graph id 8906 reused
CUDA Graph id 8908 reused
CUDA Graph id 8910 reused
CUDA Graph id 8912 reused
CUDA Graph id 8914 reused
CUDA Graph id 8916 reused
CUDA Graph id 8918 reused
CUDA Graph id 8920 reused
CUDA Graph id 8922 reused
CUDA Graph id 8924 reused
CUDA Graph id 8926 reused
CUDA Graph id 8928 reused
CUDA Graph id 8930 reused
CUDA Graph id 8932 reused
CUDA Graph id 8934 reused
CUDA Graph id 8936 reused
CUDA Graph id 8938 reused
CUDA Graph id 8842 reused
CUDA Graph id 8844 reused
CUDA Graph id 8846 reused
CUDA Graph id 8848 reused
CUDA Graph id 8850 reused
CUDA Graph id 8852 reused
CUDA Graph id 8854 reused
CUDA Graph id 8856 reused
CUDA Graph id 8858 reused
CUDA Graph id 8860 reused
CUDA Graph id 8862 reused
CUDA Graph id 8864 reused
CUDA Graph id 8866 reused
CUDA Graph id 8868 reused
CUDA Graph id 8870 reused
CUDA Graph id 8872 reused
CUDA Graph id 8874 reused
CUDA Graph id 8876 reused
CUDA Graph id 8878 reused
CUDA Graph id 8880 reused
CUDA Graph id 8882 reused
CUDA Graph id 8884 reused
CUDA Graph id 8886 reused
CUDA Graph id 8888 reused
CUDA Graph id 8890 reused
CUDA Graph id 8892 reused
CUDA Graph id 8894 reused
CUDA Graph id 8896 reused
CUDA Graph id 8898 reused
CUDA Graph id 8900 reused
CUDA Graph id 8902 reused
CUDA Graph id 8904 reused
CUDA Graph id 8906 reused
CUDA Graph id 8908 reused
CUDA Graph id 8910 reused
CUDA Graph id 8912 reused
CUDA Graph id 8914 reused
CUDA Graph id 8916 reused
CUDA Graph id 8918 reused
CUDA Graph id 8920 reused
CUDA Graph id 8922 reused
CUDA Graph id 8924 reused
CUDA Graph id 8926 reused
CUDA Graph id 8928 reused
CUDA Graph id 8930 reused
CUDA Graph id 8932 reused
CUDA Graph id 8934 reused
CUDA Graph id 8936 reused
CUDA Graph id 8938 reused
CUDA Graph id 8842 reused
CUDA Graph id 8844 reused
CUDA Graph id 8846 reused
CUDA Graph id 8848 reused
CUDA Graph id 8850 reused
CUDA Graph id 8852 reused
CUDA Graph id 8854 reused
CUDA Graph id 8856 reused
CUDA Graph id 8858 reused
CUDA Graph id 8860 reused
CUDA Graph id 8862 reused
CUDA Graph id 8864 reused
CUDA Graph id 8866 reused
CUDA Graph id 8868 reused
CUDA Graph id 8870 reused
CUDA Graph id 8872 reused
CUDA Graph id 8874 reused
CUDA Graph id 8876 reused
CUDA Graph id 8878 reused
CUDA Graph id 8880 reused
CUDA Graph id 8882 reused
CUDA Graph id 8884 reused
CUDA Graph id 8886 reused
CUDA Graph id 8888 reused
CUDA Graph id 8890 reused
CUDA Graph id 8892 reused
CUDA Graph id 8894 reused
CUDA Graph id 8896 reused
CUDA Graph id 8898 reused
CUDA Graph id 8900 reused
CUDA Graph id 8902 reused
CUDA Graph id 8904 reused
CUDA Graph id 8906 reused
CUDA Graph id 8908 reused
CUDA Graph id 8910 reused
CUDA Graph id 8912 reused
CUDA Graph id 8914 reused
CUDA Graph id 8916 reused
CUDA Graph id 8918 reused
CUDA Graph id 8920 reused
CUDA Graph id 8922 reused
CUDA Graph id 8924 reused
CUDA Graph id 8926 reused
CUDA Graph id 8928 reused
CUDA Graph id 8930 reused
CUDA Graph id 8932 reused
CUDA Graph id 8934 reused
CUDA Graph id 8936 reused
CUDA Graph id 8938 reused
CUDA Graph id 8842 reused
CUDA Graph id 8844 reused
CUDA Graph id 8846 reused
CUDA Graph id 8848 reused
CUDA Graph id 8850 reused
CUDA Graph id 8852 reused
CUDA Graph id 8854 reused
CUDA Graph id 8856 reused
CUDA Graph id 8858 reused
CUDA Graph id 8860 reused
CUDA Graph id 8862 reused
CUDA Graph id 8864 reused
CUDA Graph id 8866 reused
CUDA Graph id 8868 reused
CUDA Graph id 8870 reused
CUDA Graph id 8872 reused
CUDA Graph id 8874 reused
CUDA Graph id 8876 reused
CUDA Graph id 8878 reused
CUDA Graph id 8880 reused
CUDA Graph id 8882 reused
CUDA Graph id 8884 reused
CUDA Graph id 8886 reused
CUDA Graph id 8888 reused
CUDA Graph id 8890 reused
CUDA Graph id 8892 reused
CUDA Graph id 8894 reused
CUDA Graph id 8896 reused
CUDA Graph id 8898 reused
CUDA Graph id 8900 reused
CUDA Graph id 8902 reused
CUDA Graph id 8904 reused
CUDA Graph id 8906 reused
CUDA Graph id 8908 reused
CUDA Graph id 8910 reused
CUDA Graph id 8912 reused
CUDA Graph id 8914 reused
CUDA Graph id 8916 reused
CUDA Graph id 8918 reused
CUDA Graph id 8920 reused
CUDA Graph id 8922 reused
CUDA Graph id 8924 reused
CUDA Graph id 8926 reused
CUDA Graph id 8928 reused
CUDA Graph id 8930 reused
CUDA Graph id 8932 reused
CUDA Graph id 8934 reused
CUDA Graph id 8936 reused
CUDA Graph id 8938 reused
CUDA Graph id 8842 reused
CUDA Graph id 8844 reused
CUDA Graph id 8846 reused
CUDA Graph id 8848 reused
CUDA Graph id 8850 reused
CUDA Graph id 8852 reused
CUDA Graph id 8854 reused
CUDA Graph id 8856 reused
CUDA Graph id 8858 reused
CUDA Graph id 8860 reused
CUDA Graph id 8862 reused
CUDA Graph id 8864 reused
CUDA Graph id 8866 reused
CUDA Graph id 8868 reused
CUDA Graph id 8870 reused
CUDA Graph id 8872 reused
CUDA Graph id 8874 reused
CUDA Graph id 8876 reused
CUDA Graph id 8878 reused
CUDA Graph id 8880 reused
CUDA Graph id 8882 reused
CUDA Graph id 8884 reused
CUDA Graph id 8886 reused
CUDA Graph id 8888 reused
CUDA Graph id 8890 reused
CUDA Graph id 8892 reused
CUDA Graph id 8894 reused
CUDA Graph id 8896 reused
CUDA Graph id 8898 reused
CUDA Graph id 8900 reused
CUDA Graph id 8902 reused
CUDA Graph id 8904 reused
CUDA Graph id 8906 reused
CUDA Graph id 8908 reused
CUDA Graph id 8910 reused
CUDA Graph id 8912 reused
CUDA Graph id 8914 reused
CUDA Graph id 8916 reused
CUDA Graph id 8918 reused
CUDA Graph id 8920 reused
CUDA Graph id 8922 reused
CUDA Graph id 8924 reused
CUDA Graph id 8926 reused
CUDA Graph id 8928 reused
CUDA Graph id 8930 reused
CUDA Graph id 8932 reused
CUDA Graph id 8934 reused
CUDA Graph id 8936 reused
CUDA Graph id 8938 reused
CUDA Graph id 8842 reused
CUDA Graph id 8844 reused
CUDA Graph id 8846 reused
CUDA Graph id 8848 reused
CUDA Graph id 8850 reused
CUDA Graph id 8852 reused
CUDA Graph id 8854 reused
CUDA Graph id 8856 reused
CUDA Graph id 8858 reused
CUDA Graph id 8860 reused
CUDA Graph id 8862 reused
CUDA Graph id 8864 reused
CUDA Graph id 8866 reused
CUDA Graph id 8868 reused
CUDA Graph id 8870 reused
CUDA Graph id 8872 reused
CUDA Graph id 8874 reused
CUDA Graph id 8876 reused
CUDA Graph id 8878 reused
CUDA Graph id 8880 reused
CUDA Graph id 8882 reused
CUDA Graph id 8884 reused
CUDA Graph id 8886 reused
CUDA Graph id 8888 reused
CUDA Graph id 8890 reused
CUDA Graph id 8892 reused
CUDA Graph id 8894 reused
CUDA Graph id 8896 reused
CUDA Graph id 8898 reused
CUDA Graph id 8900 reused
CUDA Graph id 8902 reused
CUDA Graph id 8904 reused
CUDA Graph id 8906 reused
CUDA Graph id 8908 reused
CUDA Graph id 8910 reused
CUDA Graph id 8912 reused
CUDA Graph id 8914 reused
CUDA Graph id 8916 reused
CUDA Graph id 8918 reused
CUDA Graph id 8920 reused
CUDA Graph id 8922 reused
CUDA Graph id 8924 reused
CUDA Graph id 8926 reused
CUDA Graph id 8928 reused
CUDA Graph id 8930 reused
CUDA Graph id 8932 reused
CUDA Graph id 8934 reused
CUDA Graph id 8936 reused
CUDA Graph id 8938 reused
CUDA Graph id 8842 reused
CUDA Graph id 8844 reused
CUDA Graph id 8846 reused
CUDA Graph id 8848 reused
CUDA Graph id 8850 reused
CUDA Graph id 8852 reused
CUDA Graph id 8854 reused
CUDA Graph id 8856 reused
CUDA Graph id 8858 reused
CUDA Graph id 8860 reused
CUDA Graph id 8862 reused
CUDA Graph id 8864 reused
CUDA Graph id 8866 reused
CUDA Graph id 8868 reused
CUDA Graph id 8870 reused
CUDA Graph id 8872 reused
CUDA Graph id 8874 reused
CUDA Graph id 8876 reused
CUDA Graph id 8878 reused
CUDA Graph id 8880 reused
CUDA Graph id 8882 reused
CUDA Graph id 8884 reused
CUDA Graph id 8886 reused
CUDA Graph id 8888 reused
CUDA Graph id 8890 reused
CUDA Graph id 8892 reused
CUDA Graph id 8894 reused
CUDA Graph id 8896 reused
CUDA Graph id 8898 reused
CUDA Graph id 8900 reused
CUDA Graph id 8902 reused
CUDA Graph id 8904 reused
CUDA Graph id 8906 reused
CUDA Graph id 8908 reused
CUDA Graph id 8910 reused
CUDA Graph id 8912 reused
CUDA Graph id 8914 reused
CUDA Graph id 8916 reused
CUDA Graph id 8918 reused
CUDA Graph id 8920 reused
CUDA Graph id 8922 reused
CUDA Graph id 8924 reused
CUDA Graph id 8926 reused
CUDA Graph id 8928 reused
CUDA Graph id 8930 reused
CUDA Graph id 8932 reused
CUDA Graph id 8934 reused
CUDA Graph id 8936 reused
CUDA Graph id 8938 reused
CUDA Graph id 8842 reused
CUDA Graph id 8844 reused
CUDA Graph id 8846 reused
CUDA Graph id 8848 reused
CUDA Graph id 8850 reused
CUDA Graph id 8852 reused
CUDA Graph id 8854 reused
CUDA Graph id 8856 reused
CUDA Graph id 8858 reused
CUDA Graph id 8860 reused
CUDA Graph id 8862 reused
CUDA Graph id 8864 reused
CUDA Graph id 8866 reused
CUDA Graph id 8868 reused
CUDA Graph id 8870 reused
CUDA Graph id 8872 reused
CUDA Graph id 8874 reused
CUDA Graph id 8876 reused
CUDA Graph id 8878 reused
CUDA Graph id 8880 reused
CUDA Graph id 8882 reused
CUDA Graph id 8884 reused
CUDA Graph id 8886 reused
CUDA Graph id 8888 reused
CUDA Graph id 8890 reused
CUDA Graph id 8892 reused
CUDA Graph id 8894 reused
CUDA Graph id 8896 reused
CUDA Graph id 8898 reused
CUDA Graph id 8900 reused
CUDA Graph id 8902 reused
CUDA Graph id 8904 reused
CUDA Graph id 8906 reused
CUDA Graph id 8908 reused
CUDA Graph id 8910 reused
CUDA Graph id 8912 reused
CUDA Graph id 8914 reused
CUDA Graph id 8916 reused
CUDA Graph id 8918 reused
CUDA Graph id 8920 reused
CUDA Graph id 8922 reused
CUDA Graph id 8924 reused
CUDA Graph id 8926 reused
CUDA Graph id 8928 reused
CUDA Graph id 8930 reused
CUDA Graph id 8932 reused
CUDA Graph id 8934 reused
CUDA Graph id 8936 reused
CUDA Graph id 8938 reused
CUDA Graph id 8842 reused
CUDA Graph id 8844 reused
CUDA Graph id 8846 reused
CUDA Graph id 8848 reused
CUDA Graph id 8850 reused
CUDA Graph id 8852 reused
CUDA Graph id 8854 reused
CUDA Graph id 8856 reused
CUDA Graph id 8858 reused
CUDA Graph id 8860 reused
CUDA Graph id 8862 reused
CUDA Graph id 8864 reused
CUDA Graph id 8866 reused
CUDA Graph id 8868 reused
CUDA Graph id 8870 reused
CUDA Graph id 8872 reused
CUDA Graph id 8874 reused
CUDA Graph id 8876 reused
CUDA Graph id 8878 reused
CUDA Graph id 8880 reused
CUDA Graph id 8882 reused
CUDA Graph id 8884 reused
CUDA Graph id 8886 reused
CUDA Graph id 8888 reused
CUDA Graph id 8890 reused
CUDA Graph id 8892 reused
CUDA Graph id 8894 reused
CUDA Graph id 8896 reused
CUDA Graph id 8898 reused
CUDA Graph id 8900 reused
CUDA Graph id 8902 reused
CUDA Graph id 8904 reused
CUDA Graph id 8906 reused
CUDA Graph id 8908 reused
CUDA Graph id 8910 reused
CUDA Graph id 8912 reused
CUDA Graph id 8914 reused
CUDA Graph id 8916 reused
CUDA Graph id 8918 reused
CUDA Graph id 8920 reused
CUDA Graph id 8922 reused
CUDA Graph id 8924 reused
CUDA Graph id 8926 reused
CUDA Graph id 8928 reused
CUDA Graph id 8930 reused
CUDA Graph id 8932 reused
CUDA Graph id 8934 reused
CUDA Graph id 8936 reused
CUDA Graph id 8938 reused
CUDA Graph id 8842 reused
CUDA Graph id 8844 reused
CUDA Graph id 8846 reused
CUDA Graph id 8848 reused
CUDA Graph id 8850 reused
CUDA Graph id 8852 reused
CUDA Graph id 8854 reused
CUDA Graph id 8856 reused
CUDA Graph id 8858 reused
CUDA Graph id 8860 reused
CUDA Graph id 8862 reused
CUDA Graph id 8864 reused
CUDA Graph id 8866 reused
CUDA Graph id 8868 reused
CUDA Graph id 8870 reused
CUDA Graph id 8872 reused
CUDA Graph id 8874 reused
CUDA Graph id 8876 reused
CUDA Graph id 8878 reused
CUDA Graph id 8880 reused
CUDA Graph id 8882 reused
CUDA Graph id 8884 reused
CUDA Graph id 8886 reused
CUDA Graph id 8888 reused
CUDA Graph id 8890 reused
CUDA Graph id 8892 reused
CUDA Graph id 8894 reused
CUDA Graph id 8896 reused
CUDA Graph id 8898 reused
CUDA Graph id 8900 reused
CUDA Graph id 8902 reused
CUDA Graph id 8904 reused
CUDA Graph id 8906 reused
CUDA Graph id 8908 reused
CUDA Graph id 8910 reused
CUDA Graph id 8912 reused
CUDA Graph id 8914 reused
CUDA Graph id 8916 reused
CUDA Graph id 8918 reused
CUDA Graph id 8920 reused
CUDA Graph id 8922 reused
CUDA Graph id 8924 reused
CUDA Graph id 8926 reused
CUDA Graph id 8928 reused
CUDA Graph id 8930 reused
CUDA Graph id 8932 reused
CUDA Graph id 8934 reused
CUDA Graph id 8936 reused
CUDA Graph id 8938 reused
CUDA Graph id 8842 reused
CUDA Graph id 8844 reused
CUDA Graph id 8846 reused
CUDA Graph id 8848 reused
CUDA Graph id 8850 reused
CUDA Graph id 8852 reused
CUDA Graph id 8854 reused
CUDA Graph id 8856 reused
CUDA Graph id 8858 reused
CUDA Graph id 8860 reused
CUDA Graph id 8862 reused
CUDA Graph id 8864 reused
CUDA Graph id 8866 reused
CUDA Graph id 8868 reused
CUDA Graph id 8870 reused
CUDA Graph id 8872 reused
CUDA Graph id 8874 reused
CUDA Graph id 8876 reused
CUDA Graph id 8878 reused
CUDA Graph id 8880 reused
CUDA Graph id 8882 reused
CUDA Graph id 8884 reused
CUDA Graph id 8886 reused
CUDA Graph id 8888 reused
CUDA Graph id 8890 reused
CUDA Graph id 8892 reused
CUDA Graph id 8894 reused
CUDA Graph id 8896 reused
CUDA Graph id 8898 reused
CUDA Graph id 8900 reused
CUDA Graph id 8902 reused
CUDA Graph id 8904 reused
CUDA Graph id 8906 reused
CUDA Graph id 8908 reused
CUDA Graph id 8910 reused
CUDA Graph id 8912 reused
CUDA Graph id 8914 reused
CUDA Graph id 8916 reused
CUDA Graph id 8918 reused
CUDA Graph id 8920 reused
CUDA Graph id 8922 reused
CUDA Graph id 8924 reused
CUDA Graph id 8926 reused
CUDA Graph id 8928 reused
CUDA Graph id 8930 reused
CUDA Graph id 8932 reused
CUDA Graph id 8934 reused
CUDA Graph id 8936 reused
CUDA Graph id 8938 reused
CUDA Graph id 8842 reused
CUDA Graph id 8844 reused
CUDA Graph id 8846 reused
CUDA Graph id 8848 reused
CUDA Graph id 8850 reused
CUDA Graph id 8852 reused
CUDA Graph id 8854 reused
CUDA Graph id 8856 reused
CUDA Graph id 8858 reused
CUDA Graph id 8860 reused
CUDA Graph id 8862 reused
CUDA Graph id 8864 reused
CUDA Graph id 8866 reused
CUDA Graph id 8868 reused
CUDA Graph id 8870 reused
CUDA Graph id 8872 reused
CUDA Graph id 8874 reused
CUDA Graph id 8876 reused
CUDA Graph id 8878 reused
CUDA Graph id 8880 reused
CUDA Graph id 8882 reused
CUDA Graph id 8884 reused
CUDA Graph id 8886 reused
CUDA Graph id 8888 reused
CUDA Graph id 8890 reused
CUDA Graph id 8892 reused
CUDA Graph id 8894 reused
CUDA Graph id 8896 reused
CUDA Graph id 8898 reused
CUDA Graph id 8900 reused
CUDA Graph id 8902 reused
CUDA Graph id 8904 reused
CUDA Graph id 8906 reused
CUDA Graph id 8908 reused
CUDA Graph id 8910 reused
CUDA Graph id 8912 reused
CUDA Graph id 8914 reused
CUDA Graph id 8916 reused
CUDA Graph id 8918 reused
CUDA Graph id 8920 reused
CUDA Graph id 8922 reused
CUDA Graph id 8924 reused
CUDA Graph id 8926 reused
CUDA Graph id 8928 reused
CUDA Graph id 8930 reused
CUDA Graph id 8932 reused
CUDA Graph id 8934 reused
CUDA Graph id 8936 reused
CUDA Graph id 8938 reused
CUDA Graph id 8842 reused
CUDA Graph id 8844 reused
CUDA Graph id 8846 reused
CUDA Graph id 8848 reused
CUDA Graph id 8850 reused
CUDA Graph id 8852 reused
CUDA Graph id 8854 reused
CUDA Graph id 8856 reused
CUDA Graph id 8858 reused
CUDA Graph id 8860 reused
CUDA Graph id 8862 reused
CUDA Graph id 8864 reused
CUDA Graph id 8866 reused
CUDA Graph id 8868 reused
CUDA Graph id 8870 reused
CUDA Graph id 8872 reused
CUDA Graph id 8874 reused
CUDA Graph id 8876 reused
CUDA Graph id 8878 reused
CUDA Graph id 8880 reused
CUDA Graph id 8882 reused
CUDA Graph id 8884 reused
CUDA Graph id 8886 reused
CUDA Graph id 8888 reused
CUDA Graph id 8890 reused
CUDA Graph id 8892 reused
CUDA Graph id 8894 reused
CUDA Graph id 8896 reused
CUDA Graph id 8898 reused
CUDA Graph id 8900 reused
CUDA Graph id 8902 reused
CUDA Graph id 8904 reused
CUDA Graph id 8906 reused
CUDA Graph id 8908 reused
CUDA Graph id 8910 reused
CUDA Graph id 8912 reused
CUDA Graph id 8914 reused
CUDA Graph id 8916 reused
CUDA Graph id 8918 reused
CUDA Graph id 8920 reused
CUDA Graph id 8922 reused
CUDA Graph id 8924 reused
CUDA Graph id 8926 reused
CUDA Graph id 8928 reused
CUDA Graph id 8930 reused
CUDA Graph id 8932 reused
CUDA Graph id 8934 reused
CUDA Graph id 8936 reused
CUDA Graph id 8938 reused
CUDA Graph id 8842 reused
CUDA Graph id 8844 reused
CUDA Graph id 8846 reused
CUDA Graph id 8848 reused
CUDA Graph id 8850 reused
CUDA Graph id 8852 reused
CUDA Graph id 8854 reused
CUDA Graph id 8856 reused
CUDA Graph id 8858 reused
CUDA Graph id 8860 reused
CUDA Graph id 8862 reused
CUDA Graph id 8864 reused
CUDA Graph id 8866 reused
CUDA Graph id 8868 reused
CUDA Graph id 8870 reused
CUDA Graph id 8872 reused
CUDA Graph id 8874 reused
CUDA Graph id 8876 reused
CUDA Graph id 8878 reused
CUDA Graph id 8880 reused
CUDA Graph id 8882 reused
CUDA Graph id 8884 reused
CUDA Graph id 8886 reused
CUDA Graph id 8888 reused
CUDA Graph id 8890 reused
CUDA Graph id 8892 reused
CUDA Graph id 8894 reused
CUDA Graph id 8896 reused
CUDA Graph id 8898 reused
CUDA Graph id 8900 reused
CUDA Graph id 8902 reused
CUDA Graph id 8904 reused
CUDA Graph id 8906 reused
CUDA Graph id 8908 reused
CUDA Graph id 8910 reused
CUDA Graph id 8912 reused
CUDA Graph id 8914 reused
CUDA Graph id 8916 reused
CUDA Graph id 8918 reused
CUDA Graph id 8920 reused
CUDA Graph id 8922 reused
CUDA Graph id 8924 reused
CUDA Graph id 8926 reused
CUDA Graph id 8928 reused
CUDA Graph id 8930 reused
CUDA Graph id 8932 reused
CUDA Graph id 8934 reused
CUDA Graph id 8936 reused
CUDA Graph id 8938 reused
CUDA Graph id 8842 reused
CUDA Graph id 8844 reused
CUDA Graph id 8846 reused
CUDA Graph id 8848 reused
CUDA Graph id 8850 reused
CUDA Graph id 8852 reused
CUDA Graph id 8854 reused
CUDA Graph id 8856 reused
CUDA Graph id 8858 reused
CUDA Graph id 8860 reused
CUDA Graph id 8862 reused
CUDA Graph id 8864 reused
CUDA Graph id 8866 reused
CUDA Graph id 8868 reused
CUDA Graph id 8870 reused
CUDA Graph id 8872 reused
CUDA Graph id 8874 reused
CUDA Graph id 8876 reused
CUDA Graph id 8878 reused
CUDA Graph id 8880 reused
CUDA Graph id 8882 reused
CUDA Graph id 8884 reused
CUDA Graph id 8886 reused
CUDA Graph id 8888 reused
CUDA Graph id 8890 reused
CUDA Graph id 8892 reused
CUDA Graph id 8894 reused
CUDA Graph id 8896 reused
CUDA Graph id 8898 reused
CUDA Graph id 8900 reused
CUDA Graph id 8902 reused
CUDA Graph id 8904 reused
CUDA Graph id 8906 reused
CUDA Graph id 8908 reused
CUDA Graph id 8910 reused
CUDA Graph id 8912 reused
CUDA Graph id 8914 reused
CUDA Graph id 8916 reused
CUDA Graph id 8918 reused
CUDA Graph id 8920 reused
CUDA Graph id 8922 reused
CUDA Graph id 8924 reused
CUDA Graph id 8926 reused
CUDA Graph id 8928 reused
CUDA Graph id 8930 reused
CUDA Graph id 8932 reused
CUDA Graph id 8934 reused
CUDA Graph id 8936 reused
CUDA Graph id 8938 reused
CUDA Graph id 8842 reused
CUDA Graph id 8844 reused
CUDA Graph id 8846 reused
CUDA Graph id 8848 reused
CUDA Graph id 8850 reused
CUDA Graph id 8852 reused
CUDA Graph id 8854 reused
CUDA Graph id 8856 reused
CUDA Graph id 8858 reused
CUDA Graph id 8860 reused
CUDA Graph id 8862 reused
CUDA Graph id 8864 reused
CUDA Graph id 8866 reused
CUDA Graph id 8868 reused
CUDA Graph id 8870 reused
CUDA Graph id 8872 reused
CUDA Graph id 8874 reused
CUDA Graph id 8876 reused
CUDA Graph id 8878 reused
CUDA Graph id 8880 reused
CUDA Graph id 8882 reused
CUDA Graph id 8884 reused
CUDA Graph id 8886 reused
CUDA Graph id 8888 reused
CUDA Graph id 8890 reused
CUDA Graph id 8892 reused
CUDA Graph id 8894 reused
CUDA Graph id 8896 reused
CUDA Graph id 8898 reused
CUDA Graph id 8900 reused
CUDA Graph id 8902 reused
CUDA Graph id 8904 reused
CUDA Graph id 8906 reused
CUDA Graph id 8908 reused
CUDA Graph id 8910 reused
CUDA Graph id 8912 reused
CUDA Graph id 8914 reused
CUDA Graph id 8916 reused
CUDA Graph id 8918 reused
CUDA Graph id 8920 reused
CUDA Graph id 8922 reused
CUDA Graph id 8924 reused
CUDA Graph id 8926 reused
CUDA Graph id 8928 reused
CUDA Graph id 8930 reused
CUDA Graph id 8932 reused
CUDA Graph id 8934 reused
CUDA Graph id 8936 reused
CUDA Graph id 8938 reused
CUDA Graph id 8842 reused
CUDA Graph id 8844 reused
CUDA Graph id 8846 reused
CUDA Graph id 8848 reused
CUDA Graph id 8850 reused
CUDA Graph id 8852 reused
CUDA Graph id 8854 reused
CUDA Graph id 8856 reused
CUDA Graph id 8858 reused
CUDA Graph id 8860 reused
CUDA Graph id 8862 reused
CUDA Graph id 8864 reused
CUDA Graph id 8866 reused
CUDA Graph id 8868 reused
CUDA Graph id 8870 reused
CUDA Graph id 8872 reused
CUDA Graph id 8874 reused
CUDA Graph id 8876 reused
CUDA Graph id 8878 reused
CUDA Graph id 8880 reused
CUDA Graph id 8882 reused
CUDA Graph id 8884 reused
CUDA Graph id 8886 reused
CUDA Graph id 8888 reused
CUDA Graph id 8890 reused
CUDA Graph id 8892 reused
CUDA Graph id 8894 reused
CUDA Graph id 8896 reused
CUDA Graph id 8898 reused
CUDA Graph id 8900 reused
CUDA Graph id 8902 reused
CUDA Graph id 8904 reused
CUDA Graph id 8906 reused
CUDA Graph id 8908 reused
CUDA Graph id 8910 reused
CUDA Graph id 8912 reused
CUDA Graph id 8914 reused
CUDA Graph id 8916 reused
CUDA Graph id 8918 reused
CUDA Graph id 8920 reused
CUDA Graph id 8922 reused
CUDA Graph id 8924 reused
CUDA Graph id 8926 reused
CUDA Graph id 8928 reused
CUDA Graph id 8930 reused
CUDA Graph id 8932 reused
CUDA Graph id 8934 reused
CUDA Graph id 8936 reused
CUDA Graph id 8938 reused
CUDA Graph id 8842 reused
CUDA Graph id 8844 reused
CUDA Graph id 8846 reused
CUDA Graph id 8848 reused
CUDA Graph id 8850 reused
CUDA Graph id 8852 reused
CUDA Graph id 8854 reused
CUDA Graph id 8856 reused
CUDA Graph id 8858 reused
CUDA Graph id 8860 reused
CUDA Graph id 8862 reused
CUDA Graph id 8864 reused
CUDA Graph id 8866 reused
CUDA Graph id 8868 reused
CUDA Graph id 8870 reused
CUDA Graph id 8872 reused
CUDA Graph id 8874 reused
CUDA Graph id 8876 reused
CUDA Graph id 8878 reused
CUDA Graph id 8880 reused
CUDA Graph id 8882 reused
CUDA Graph id 8884 reused
CUDA Graph id 8886 reused
CUDA Graph id 8888 reused
CUDA Graph id 8890 reused
CUDA Graph id 8892 reused
CUDA Graph id 8894 reused
CUDA Graph id 8896 reused
CUDA Graph id 8898 reused
CUDA Graph id 8900 reused
CUDA Graph id 8902 reused
CUDA Graph id 8904 reused
CUDA Graph id 8906 reused
CUDA Graph id 8908 reused
CUDA Graph id 8910 reused
CUDA Graph id 8912 reused
CUDA Graph id 8914 reused
CUDA Graph id 8916 reused
CUDA Graph id 8918 reused
CUDA Graph id 8920 reused
CUDA Graph id 8922 reused
CUDA Graph id 8924 reused
CUDA Graph id 8926 reused
CUDA Graph id 8928 reused
CUDA Graph id 8930 reused
CUDA Graph id 8932 reused
CUDA Graph id 8934 reused
CUDA Graph id 8936 reused
CUDA Graph id 8938 reused
CUDA Graph id 8842 reused
CUDA Graph id 8844 reused
CUDA Graph id 8846 reused
CUDA Graph id 8848 reused
CUDA Graph id 8850 reused
CUDA Graph id 8852 reused
CUDA Graph id 8854 reused
CUDA Graph id 8856 reused
CUDA Graph id 8858 reused
CUDA Graph id 8860 reused
CUDA Graph id 8862 reused
CUDA Graph id 8864 reused
CUDA Graph id 8866 reused
CUDA Graph id 8868 reused
CUDA Graph id 8870 reused
CUDA Graph id 8872 reused
CUDA Graph id 8874 reused
CUDA Graph id 8876 reused
CUDA Graph id 8878 reused
CUDA Graph id 8880 reused
CUDA Graph id 8882 reused
CUDA Graph id 8884 reused
CUDA Graph id 8886 reused
CUDA Graph id 8888 reused
CUDA Graph id 8890 reused
CUDA Graph id 8892 reused
CUDA Graph id 8894 reused
CUDA Graph id 8896 reused
CUDA Graph id 8898 reused
CUDA Graph id 8900 reused
CUDA Graph id 8902 reused
CUDA Graph id 8904 reused
CUDA Graph id 8906 reused
CUDA Graph id 8908 reused
CUDA Graph id 8910 reused
CUDA Graph id 8912 reused
CUDA Graph id 8914 reused
CUDA Graph id 8916 reused
CUDA Graph id 8918 reused
CUDA Graph id 8920 reused
CUDA Graph id 8922 reused
CUDA Graph id 8924 reused
CUDA Graph id 8926 reused
CUDA Graph id 8928 reused
CUDA Graph id 8930 reused
CUDA Graph id 8932 reused
CUDA Graph id 8934 reused
CUDA Graph id 8936 reused
CUDA Graph id 8938 reused
CUDA Graph id 8842 reused
CUDA Graph id 8844 reused
CUDA Graph id 8846 reused
CUDA Graph id 8848 reused
CUDA Graph id 8850 reused
CUDA Graph id 8852 reused
CUDA Graph id 8854 reused
CUDA Graph id 8856 reused
CUDA Graph id 8858 reused
CUDA Graph id 8860 reused
CUDA Graph id 8862 reused
CUDA Graph id 8864 reused
CUDA Graph id 8866 reused
CUDA Graph id 8868 reused
CUDA Graph id 8870 reused
CUDA Graph id 8872 reused
CUDA Graph id 8874 reused
CUDA Graph id 8876 reused
CUDA Graph id 8878 reused
CUDA Graph id 8880 reused
CUDA Graph id 8882 reused
CUDA Graph id 8884 reused
CUDA Graph id 8886 reused
CUDA Graph id 8888 reused
CUDA Graph id 8890 reused
CUDA Graph id 8892 reused
CUDA Graph id 8894 reused
CUDA Graph id 8896 reused
CUDA Graph id 8898 reused
CUDA Graph id 8900 reused
CUDA Graph id 8902 reused
CUDA Graph id 8904 reused
CUDA Graph id 8906 reused
CUDA Graph id 8908 reused
CUDA Graph id 8910 reused
CUDA Graph id 8912 reused
CUDA Graph id 8914 reused
CUDA Graph id 8916 reused
CUDA Graph id 8918 reused
CUDA Graph id 8920 reused
CUDA Graph id 8922 reused
CUDA Graph id 8924 reused
CUDA Graph id 8926 reused
CUDA Graph id 8928 reused
CUDA Graph id 8930 reused
CUDA Graph id 8932 reused
CUDA Graph id 8934 reused
CUDA Graph id 8936 reused
CUDA Graph id 8938 reused
CUDA Graph id 8842 reused
CUDA Graph id 8844 reused
CUDA Graph id 8846 reused
CUDA Graph id 8848 reused
CUDA Graph id 8850 reused
CUDA Graph id 8852 reused
CUDA Graph id 8854 reused
CUDA Graph id 8856 reused
CUDA Graph id 8858 reused
CUDA Graph id 8860 reused
CUDA Graph id 8862 reused
CUDA Graph id 8864 reused
CUDA Graph id 8866 reused
CUDA Graph id 8868 reused
CUDA Graph id 8870 reused
CUDA Graph id 8872 reused
CUDA Graph id 8874 reused
CUDA Graph id 8876 reused
CUDA Graph id 8878 reused
CUDA Graph id 8880 reused
CUDA Graph id 8882 reused
CUDA Graph id 8884 reused
CUDA Graph id 8886 reused
CUDA Graph id 8888 reused
CUDA Graph id 8890 reused
CUDA Graph id 8892 reused
CUDA Graph id 8894 reused
CUDA Graph id 8896 reused
CUDA Graph id 8898 reused
CUDA Graph id 8900 reused
CUDA Graph id 8902 reused
CUDA Graph id 8904 reused
CUDA Graph id 8906 reused
CUDA Graph id 8908 reused
CUDA Graph id 8910 reused
CUDA Graph id 8912 reused
CUDA Graph id 8914 reused
CUDA Graph id 8916 reused
CUDA Graph id 8918 reused
CUDA Graph id 8920 reused
CUDA Graph id 8922 reused
CUDA Graph id 8924 reused
CUDA Graph id 8926 reused
CUDA Graph id 8928 reused
CUDA Graph id 8930 reused
CUDA Graph id 8932 reused
CUDA Graph id 8934 reused
CUDA Graph id 8936 reused
CUDA Graph id 8938 reused
CUDA Graph id 8842 reused
CUDA Graph id 8844 reused
CUDA Graph id 8846 reused
CUDA Graph id 8848 reused
CUDA Graph id 8850 reused
CUDA Graph id 8852 reused
CUDA Graph id 8854 reused
CUDA Graph id 8856 reused
CUDA Graph id 8858 reused
CUDA Graph id 8860 reused
CUDA Graph id 8862 reused
CUDA Graph id 8864 reused
CUDA Graph id 8866 reused
CUDA Graph id 8868 reused
CUDA Graph id 8870 reused
CUDA Graph id 8872 reused
CUDA Graph id 8874 reused
CUDA Graph id 8876 reused
CUDA Graph id 8878 reused
CUDA Graph id 8880 reused
CUDA Graph id 8882 reused
CUDA Graph id 8884 reused
CUDA Graph id 8886 reused
CUDA Graph id 8888 reused
CUDA Graph id 8890 reused
CUDA Graph id 8892 reused
CUDA Graph id 8894 reused
CUDA Graph id 8896 reused
CUDA Graph id 8898 reused
CUDA Graph id 8900 reused
CUDA Graph id 8902 reused
CUDA Graph id 8904 reused
CUDA Graph id 8906 reused
CUDA Graph id 8908 reused
CUDA Graph id 8910 reused
CUDA Graph id 8912 reused
CUDA Graph id 8914 reused
CUDA Graph id 8916 reused
CUDA Graph id 8918 reused
CUDA Graph id 8920 reused
CUDA Graph id 8922 reused
CUDA Graph id 8924 reused
CUDA Graph id 8926 reused
CUDA Graph id 8928 reused
CUDA Graph id 8930 reused
CUDA Graph id 8932 reused
CUDA Graph id 8934 reused
CUDA Graph id 8936 reused
CUDA Graph id 8938 reused
CUDA Graph id 8842 reused
CUDA Graph id 8844 reused
CUDA Graph id 8846 reused
CUDA Graph id 8848 reused
CUDA Graph id 8850 reused
CUDA Graph id 8852 reused
CUDA Graph id 8854 reused
CUDA Graph id 8856 reused
CUDA Graph id 8858 reused
CUDA Graph id 8860 reused
CUDA Graph id 8862 reused
CUDA Graph id 8864 reused
CUDA Graph id 8866 reused
CUDA Graph id 8868 reused
CUDA Graph id 8870 reused
CUDA Graph id 8872 reused
CUDA Graph id 8874 reused
CUDA Graph id 8876 reused
CUDA Graph id 8878 reused
CUDA Graph id 8880 reused
CUDA Graph id 8882 reused
CUDA Graph id 8884 reused
CUDA Graph id 8886 reused
CUDA Graph id 8888 reused
CUDA Graph id 8890 reused
CUDA Graph id 8892 reused
CUDA Graph id 8894 reused
CUDA Graph id 8896 reused
CUDA Graph id 8898 reused
CUDA Graph id 8900 reused
CUDA Graph id 8902 reused
CUDA Graph id 8904 reused
CUDA Graph id 8906 reused
CUDA Graph id 8908 reused
CUDA Graph id 8910 reused
CUDA Graph id 8912 reused
CUDA Graph id 8914 reused
CUDA Graph id 8916 reused
CUDA Graph id 8918 reused
CUDA Graph id 8920 reused
CUDA Graph id 8922 reused
CUDA Graph id 8924 reused
CUDA Graph id 8926 reused
CUDA Graph id 8928 reused
CUDA Graph id 8930 reused
CUDA Graph id 8932 reused
CUDA Graph id 8934 reused
CUDA Graph id 8936 reused
CUDA Graph id 8938 reused
CUDA Graph id 8842 reused
CUDA Graph id 8844 reused
CUDA Graph id 8846 reused
CUDA Graph id 8848 reused
CUDA Graph id 8850 reused
CUDA Graph id 8852 reused
CUDA Graph id 8854 reused
CUDA Graph id 8856 reused
CUDA Graph id 8858 reused
CUDA Graph id 8860 reused
CUDA Graph id 8862 reused
CUDA Graph id 8864 reused
CUDA Graph id 8866 reused
CUDA Graph id 8868 reused
CUDA Graph id 8870 reused
CUDA Graph id 8872 reused
CUDA Graph id 8874 reused
CUDA Graph id 8876 reused
CUDA Graph id 8878 reused
CUDA Graph id 8880 reused
CUDA Graph id 8882 reused
CUDA Graph id 8884 reused
CUDA Graph id 8886 reused
CUDA Graph id 8888 reused
CUDA Graph id 8890 reused
CUDA Graph id 8892 reused
CUDA Graph id 8894 reused
CUDA Graph id 8896 reused
CUDA Graph id 8898 reused
CUDA Graph id 8900 reused
CUDA Graph id 8902 reused
CUDA Graph id 8904 reused
CUDA Graph id 8906 reused
CUDA Graph id 8908 reused
CUDA Graph id 8910 reused
CUDA Graph id 8912 reused
CUDA Graph id 8914 reused
CUDA Graph id 8916 reused
CUDA Graph id 8918 reused
CUDA Graph id 8920 reused
CUDA Graph id 8922 reused
CUDA Graph id 8924 reused
CUDA Graph id 8926 reused
CUDA Graph id 8928 reused
CUDA Graph id 8930 reused
CUDA Graph id 8932 reused
CUDA Graph id 8934 reused
CUDA Graph id 8936 reused
CUDA Graph id 8938 reused
CUDA Graph id 8842 reused
CUDA Graph id 8844 reused
CUDA Graph id 8846 reused
CUDA Graph id 8848 reused
CUDA Graph id 8850 reused
CUDA Graph id 8852 reused
CUDA Graph id 8854 reused
CUDA Graph id 8856 reused
CUDA Graph id 8858 reused
CUDA Graph id 8860 reused
CUDA Graph id 8862 reused
CUDA Graph id 8864 reused
CUDA Graph id 8866 reused
CUDA Graph id 8868 reused
CUDA Graph id 8870 reused
CUDA Graph id 8872 reused
CUDA Graph id 8874 reused
CUDA Graph id 8876 reused
CUDA Graph id 8878 reused
CUDA Graph id 8880 reused
CUDA Graph id 8882 reused
CUDA Graph id 8884 reused
CUDA Graph id 8886 reused
CUDA Graph id 8888 reused
CUDA Graph id 8890 reused
CUDA Graph id 8892 reused
CUDA Graph id 8894 reused
CUDA Graph id 8896 reused
CUDA Graph id 8898 reused
CUDA Graph id 8900 reused
CUDA Graph id 8902 reused
CUDA Graph id 8904 reused
CUDA Graph id 8906 reused
CUDA Graph id 8908 reused
CUDA Graph id 8910 reused
CUDA Graph id 8912 reused
CUDA Graph id 8914 reused
CUDA Graph id 8916 reused
CUDA Graph id 8918 reused
CUDA Graph id 8920 reused
CUDA Graph id 8922 reused
CUDA Graph id 8924 reused
CUDA Graph id 8926 reused
CUDA Graph id 8928 reused
CUDA Graph id 8930 reused
CUDA Graph id 8932 reused
CUDA Graph id 8934 reused
CUDA Graph id 8936 reused
CUDA Graph id 8938 reused
CUDA Graph id 8842 reused
CUDA Graph id 8844 reused
CUDA Graph id 8846 reused
CUDA Graph id 8848 reused
CUDA Graph id 8850 reused
CUDA Graph id 8852 reused
CUDA Graph id 8854 reused
CUDA Graph id 8856 reused
CUDA Graph id 8858 reused
CUDA Graph id 8860 reused
CUDA Graph id 8862 reused
CUDA Graph id 8864 reused
CUDA Graph id 8866 reused
CUDA Graph id 8868 reused
CUDA Graph id 8870 reused
CUDA Graph id 8872 reused
CUDA Graph id 8874 reused
CUDA Graph id 8876 reused
CUDA Graph id 8878 reused
CUDA Graph id 8880 reused
CUDA Graph id 8882 reused
CUDA Graph id 8884 reused
CUDA Graph id 8886 reused
CUDA Graph id 8888 reused
CUDA Graph id 8890 reused
CUDA Graph id 8892 reused
CUDA Graph id 8894 reused
CUDA Graph id 8896 reused
CUDA Graph id 8898 reused
CUDA Graph id 8900 reused
CUDA Graph id 8902 reused
CUDA Graph id 8904 reused
CUDA Graph id 8906 reused
CUDA Graph id 8908 reused
CUDA Graph id 8910 reused
CUDA Graph id 8912 reused
CUDA Graph id 8914 reused
CUDA Graph id 8916 reused
CUDA Graph id 8918 reused
CUDA Graph id 8920 reused
CUDA Graph id 8922 reused
CUDA Graph id 8924 reused
CUDA Graph id 8926 reused
CUDA Graph id 8928 reused
CUDA Graph id 8930 reused
CUDA Graph id 8932 reused
CUDA Graph id 8934 reused
CUDA Graph id 8936 reused
CUDA Graph id 8938 reused
CUDA Graph id 8842 reused
CUDA Graph id 8844 reused
CUDA Graph id 8846 reused
CUDA Graph id 8848 reused
CUDA Graph id 8850 reused
CUDA Graph id 8852 reused
CUDA Graph id 8854 reused
CUDA Graph id 8856 reused
CUDA Graph id 8858 reused
CUDA Graph id 8860 reused
CUDA Graph id 8862 reused
CUDA Graph id 8864 reused
CUDA Graph id 8866 reused
CUDA Graph id 8868 reused
CUDA Graph id 8870 reused
CUDA Graph id 8872 reused
CUDA Graph id 8874 reused
CUDA Graph id 8876 reused
CUDA Graph id 8878 reused
CUDA Graph id 8880 reused
CUDA Graph id 8882 reused
CUDA Graph id 8884 reused
CUDA Graph id 8886 reused
CUDA Graph id 8888 reused
CUDA Graph id 8890 reused
CUDA Graph id 8892 reused
CUDA Graph id 8894 reused
CUDA Graph id 8896 reused
CUDA Graph id 8898 reused
CUDA Graph id 8900 reused
CUDA Graph id 8902 reused
CUDA Graph id 8904 reused
CUDA Graph id 8906 reused
CUDA Graph id 8908 reused
CUDA Graph id 8910 reused
CUDA Graph id 8912 reused
CUDA Graph id 8914 reused
CUDA Graph id 8916 reused
CUDA Graph id 8918 reused
CUDA Graph id 8920 reused
CUDA Graph id 8922 reused
CUDA Graph id 8924 reused
CUDA Graph id 8926 reused
CUDA Graph id 8928 reused
CUDA Graph id 8930 reused
CUDA Graph id 8932 reused
CUDA Graph id 8934 reused
CUDA Graph id 8936 reused
CUDA Graph id 8938 reused
CUDA Graph id 8842 reused
CUDA Graph id 8844 reused
CUDA Graph id 8846 reused
CUDA Graph id 8848 reused
CUDA Graph id 8850 reused
CUDA Graph id 8852 reused
CUDA Graph id 8854 reused
CUDA Graph id 8856 reused
CUDA Graph id 8858 reused
CUDA Graph id 8860 reused
CUDA Graph id 8862 reused
CUDA Graph id 8864 reused
CUDA Graph id 8866 reused
CUDA Graph id 8868 reused
CUDA Graph id 8870 reused
CUDA Graph id 8872 reused
CUDA Graph id 8874 reused
CUDA Graph id 8876 reused
CUDA Graph id 8878 reused
CUDA Graph id 8880 reused
CUDA Graph id 8882 reused
CUDA Graph id 8884 reused
CUDA Graph id 8886 reused
CUDA Graph id 8888 reused
CUDA Graph id 8890 reused
CUDA Graph id 8892 reused
CUDA Graph id 8894 reused
CUDA Graph id 8896 reused
CUDA Graph id 8898 reused
CUDA Graph id 8900 reused
CUDA Graph id 8902 reused
CUDA Graph id 8904 reused
CUDA Graph id 8906 reused
CUDA Graph id 8908 reused
CUDA Graph id 8910 reused
CUDA Graph id 8912 reused
CUDA Graph id 8914 reused
CUDA Graph id 8916 reused
CUDA Graph id 8918 reused
CUDA Graph id 8920 reused
CUDA Graph id 8922 reused
CUDA Graph id 8924 reused
CUDA Graph id 8926 reused
CUDA Graph id 8928 reused
CUDA Graph id 8930 reused
CUDA Graph id 8932 reused
CUDA Graph id 8934 reused
CUDA Graph id 8936 reused
CUDA Graph id 8938 reused
CUDA Graph id 8842 reused
CUDA Graph id 8844 reused
CUDA Graph id 8846 reused
CUDA Graph id 8848 reused
CUDA Graph id 8850 reused
CUDA Graph id 8852 reused
CUDA Graph id 8854 reused
CUDA Graph id 8856 reused
CUDA Graph id 8858 reused
CUDA Graph id 8860 reused
CUDA Graph id 8862 reused
CUDA Graph id 8864 reused
CUDA Graph id 8866 reused
CUDA Graph id 8868 reused
CUDA Graph id 8870 reused
CUDA Graph id 8872 reused
CUDA Graph id 8874 reused
CUDA Graph id 8876 reused
CUDA Graph id 8878 reused
CUDA Graph id 8880 reused
CUDA Graph id 8882 reused
CUDA Graph id 8884 reused
CUDA Graph id 8886 reused
CUDA Graph id 8888 reused
CUDA Graph id 8890 reused
CUDA Graph id 8892 reused
CUDA Graph id 8894 reused
CUDA Graph id 8896 reused
CUDA Graph id 8898 reused
CUDA Graph id 8900 reused
CUDA Graph id 8902 reused
CUDA Graph id 8904 reused
CUDA Graph id 8906 reused
CUDA Graph id 8908 reused
CUDA Graph id 8910 reused
CUDA Graph id 8912 reused
CUDA Graph id 8914 reused
CUDA Graph id 8916 reused
CUDA Graph id 8918 reused
CUDA Graph id 8920 reused
CUDA Graph id 8922 reused
CUDA Graph id 8924 reused
CUDA Graph id 8926 reused
CUDA Graph id 8928 reused
CUDA Graph id 8930 reused
CUDA Graph id 8932 reused
CUDA Graph id 8934 reused
CUDA Graph id 8936 reused
CUDA Graph id 8938 reused
ggml_backend_cuda_graph_compute: CUDA graph warmup reset
ggml_backend_cuda_graph_compute: CUDA graph warmup reset
ggml_backend_cuda_graph_compute: CUDA graph warmup complete
ggml_backend_cuda_graph_compute: CUDA graph warmup reset
ggml_backend_cuda_graph_compute: CUDA graph warmup reset
ggml_backend_cuda_graph_compute: CUDA graph warmup reset
ggml_backend_cuda_graph_compute: CUDA graph warmup reset
ggml_backend_cuda_graph_compute: CUDA graph warmup reset
ggml_backend_cuda_graph_compute: CUDA graph warmup reset
ggml_backend_cuda_graph_compute: CUDA graph warmup reset
ggml_backend_cuda_graph_compute: CUDA graph warmup reset
ggml_backend_cuda_graph_compute: CUDA graph warmup reset
ggml_backend_cuda_graph_compute: CUDA graph warmup reset
ggml_backend_cuda_graph_compute: CUDA graph warmup reset
ggml_backend_cuda_graph_compute: CUDA graph warmup reset
ggml_backend_cuda_graph_compute: CUDA graph warmup reset
ggml_backend_cuda_graph_compute: CUDA graph warmup reset
ggml_backend_cuda_graph_compute: CUDA graph warmup reset
ggml_backend_cuda_graph_compute: CUDA graph warmup reset
ggml_backend_cuda_graph_compute: CUDA graph warmup reset
ggml_backend_cuda_graph_compute: CUDA graph warmup reset
ggml_backend_cuda_graph_compute: CUDA graph warmup reset
ggml_backend_cuda_graph_compute: CUDA graph warmup reset
ggml_backend_cuda_graph_compute: CUDA graph warmup reset
ggml_backend_cuda_graph_compute: CUDA graph warmup reset
ggml_backend_cuda_graph_compute: CUDA graph warmup reset
ggml_backend_cuda_graph_compute: CUDA graph warmup reset
ggml_backend_cuda_graph_compute: CUDA graph warmup reset
ggml_backend_cuda_graph_compute: CUDA graph warmup reset
ggml_backend_cuda_graph_compute: CUDA graph warmup reset
ggml_backend_cuda_graph_compute: CUDA graph warmup reset
ggml_backend_cuda_graph_compute: CUDA graph warmup reset
ggml_backend_cuda_graph_compute: CUDA graph warmup reset
ggml_backend_cuda_graph_compute: CUDA graph warmup reset
ggml_backend_cuda_graph_compute: CUDA graph warmup reset
ggml_backend_cuda_graph_compute: CUDA graph warmup reset
ggml_backend_cuda_graph_compute: CUDA graph warmup reset
ggml_backend_cuda_graph_compute: CUDA graph warmup reset
ggml_backend_cuda_graph_compute: CUDA graph warmup reset
ggml_backend_cuda_graph_compute: CUDA graph warmup reset
ggml_backend_cuda_graph_compute: CUDA graph warmup reset
ggml_backend_cuda_graph_compute: CUDA graph warmup reset
ggml_backend_cuda_graph_compute: CUDA graph warmup reset
ggml_backend_cuda_graph_compute: CUDA graph warmup reset
ggml_backend_cuda_graph_compute: CUDA graph warmup reset
ggml_backend_cuda_graph_compute: CUDA graph warmup reset
ggml_backend_cuda_graph_compute: CUDA graph warmup reset
ggml_backend_cuda_graph_compute: CUDA graph warmup reset
ggml_backend_cuda_graph_compute: CUDA graph warmup reset
ggml_backend_cuda_graph_compute: CUDA graph warmup reset
ggml_backend_cuda_graph_compute: CUDA graph warmup reset
ggml_backend_cuda_graph_compute: CUDA graph warmup complete
CUDA Graph id 9478 reused
ggml_backend_cuda_graph_compute: CUDA graph warmup complete
CUDA Graph id 9480 reused
ggml_backend_cuda_graph_compute: CUDA graph warmup complete
CUDA Graph id 9482 reused
ggml_backend_cuda_graph_compute: CUDA graph warmup complete
CUDA Graph id 9484 reused
ggml_backend_cuda_graph_compute: CUDA graph warmup complete
CUDA Graph id 9486 reused
ggml_backend_cuda_graph_compute: CUDA graph warmup complete
CUDA Graph id 9488 reused
ggml_backend_cuda_graph_compute: CUDA graph warmup complete
CUDA Graph id 9490 reused
ggml_backend_cuda_graph_compute: CUDA graph warmup complete
CUDA Graph id 9492 reused
ggml_backend_cuda_graph_compute: CUDA graph warmup complete
CUDA Graph id 9494 reused
ggml_backend_cuda_graph_compute: CUDA graph warmup complete
CUDA Graph id 9496 reused
ggml_backend_cuda_graph_compute: CUDA graph warmup complete
CUDA Graph id 9498 reused
ggml_backend_cuda_graph_compute: CUDA graph warmup complete
CUDA Graph id 9500 reused
ggml_backend_cuda_graph_compute: CUDA graph warmup complete
CUDA Graph id 9502 reused
ggml_backend_cuda_graph_compute: CUDA graph warmup complete
CUDA Graph id 9504 reused
ggml_backend_cuda_graph_compute: CUDA graph warmup complete
CUDA Graph id 9506 reused
ggml_backend_cuda_graph_compute: CUDA graph warmup complete
CUDA Graph id 9508 reused
ggml_backend_cuda_graph_compute: CUDA graph warmup complete
CUDA Graph id 9510 reused
ggml_backend_cuda_graph_compute: CUDA graph warmup complete
CUDA Graph id 9512 reused
ggml_backend_cuda_graph_compute: CUDA graph warmup complete
CUDA Graph id 9514 reused
ggml_backend_cuda_graph_compute: CUDA graph warmup complete
CUDA Graph id 9516 reused
ggml_backend_cuda_graph_compute: CUDA graph warmup complete
CUDA Graph id 9518 reused
ggml_backend_cuda_graph_compute: CUDA graph warmup complete
CUDA Graph id 9520 reused
ggml_backend_cuda_graph_compute: CUDA graph warmup complete
CUDA Graph id 9522 reused
ggml_backend_cuda_graph_compute: CUDA graph warmup complete
CUDA Graph id 9524 reused
ggml_backend_cuda_graph_compute: CUDA graph warmup complete
CUDA Graph id 9526 reused
ggml_backend_cuda_graph_compute: CUDA graph warmup complete
CUDA Graph id 9528 reused
ggml_backend_cuda_graph_compute: CUDA graph warmup complete
CUDA Graph id 9530 reused
ggml_backend_cuda_graph_compute: CUDA graph warmup complete
CUDA Graph id 9532 reused
ggml_backend_cuda_graph_compute: CUDA graph warmup complete
CUDA Graph id 9534 reused
ggml_backend_cuda_graph_compute: CUDA graph warmup complete
CUDA Graph id 9536 reused
ggml_backend_cuda_graph_compute: CUDA graph warmup complete
CUDA Graph id 9538 reused
ggml_backend_cuda_graph_compute: CUDA graph warmup complete
CUDA Graph id 9540 reused
ggml_backend_cuda_graph_compute: CUDA graph warmup complete
CUDA Graph id 9542 reused
ggml_backend_cuda_graph_compute: CUDA graph warmup complete
CUDA Graph id 9544 reused
ggml_backend_cuda_graph_compute: CUDA graph warmup complete
CUDA Graph id 9546 reused
ggml_backend_cuda_graph_compute: CUDA graph warmup complete
CUDA Graph id 9548 reused
ggml_backend_cuda_graph_compute: CUDA graph warmup complete
CUDA Graph id 9550 reused
ggml_backend_cuda_graph_compute: CUDA graph warmup complete
CUDA Graph id 9552 reused
ggml_backend_cuda_graph_compute: CUDA graph warmup complete
CUDA Graph id 9554 reused
ggml_backend_cuda_graph_compute: CUDA graph warmup complete
CUDA Graph id 9556 reused
ggml_backend_cuda_graph_compute: CUDA graph warmup complete
CUDA Graph id 9558 reused
ggml_backend_cuda_graph_compute: CUDA graph warmup complete
CUDA Graph id 9560 reused
ggml_backend_cuda_graph_compute: CUDA graph warmup complete
CUDA Graph id 9562 reused
ggml_backend_cuda_graph_compute: CUDA graph warmup complete
CUDA Graph id 9564 reused
ggml_backend_cuda_graph_compute: CUDA graph warmup complete
CUDA Graph id 9566 reused
ggml_backend_cuda_graph_compute: CUDA graph warmup complete
CUDA Graph id 9568 reused
ggml_backend_cuda_graph_compute: CUDA graph warmup complete
CUDA Graph id 9570 reused
ggml_backend_cuda_graph_compute: CUDA graph warmup complete
CUDA Graph id 9572 reused
ggml_backend_cuda_graph_compute: CUDA graph warmup complete
CUDA Graph id 9574 reused
CUDA Graph id 9478 reused
CUDA Graph id 9480 reused
CUDA Graph id 9482 reused
CUDA Graph id 9484 reused
CUDA Graph id 9486 reused
CUDA Graph id 9488 reused
CUDA Graph id 9490 reused
CUDA Graph id 9492 reused
CUDA Graph id 9494 reused
CUDA Graph id 9496 reused
CUDA Graph id 9498 reused
CUDA Graph id 9500 reused
CUDA Graph id 9502 reused
CUDA Graph id 9504 reused
CUDA Graph id 9506 reused
CUDA Graph id 9508 reused
CUDA Graph id 9510 reused
CUDA Graph id 9512 reused
CUDA Graph id 9514 reused
CUDA Graph id 9516 reused
CUDA Graph id 9518 reused
CUDA Graph id 9520 reused
CUDA Graph id 9522 reused
CUDA Graph id 9524 reused
CUDA Graph id 9526 reused
CUDA Graph id 9528 reused
CUDA Graph id 9530 reused
CUDA Graph id 9532 reused
CUDA Graph id 9534 reused
CUDA Graph id 9536 reused
CUDA Graph id 9538 reused
CUDA Graph id 9540 reused
CUDA Graph id 9542 reused
CUDA Graph id 9544 reused
CUDA Graph id 9546 reused
CUDA Graph id 9548 reused
CUDA Graph id 9550 reused
CUDA Graph id 9552 reused
CUDA Graph id 9554 reused
CUDA Graph id 9556 reused
CUDA Graph id 9558 reused
CUDA Graph id 9560 reused
CUDA Graph id 9562 reused
CUDA Graph id 9564 reused
CUDA Graph id 9566 reused
CUDA Graph id 9568 reused
CUDA Graph id 9570 reused
CUDA Graph id 9572 reused
CUDA Graph id 9574 reused
CUDA Graph id 9478 reused
CUDA Graph id 9480 reused
CUDA Graph id 9482 reused
CUDA Graph id 9484 reused
CUDA Graph id 9486 reused
CUDA Graph id 9488 reused
CUDA Graph id 9490 reused
CUDA Graph id 9492 reused
CUDA Graph id 9494 reused
CUDA Graph id 9496 reused
CUDA Graph id 9498 reused
CUDA Graph id 9500 reused
CUDA Graph id 9502 reused
CUDA Graph id 9504 reused
CUDA Graph id 9506 reused
CUDA Graph id 9508 reused
CUDA Graph id 9510 reused
CUDA Graph id 9512 reused
CUDA Graph id 9514 reused
CUDA Graph id 9516 reused
CUDA Graph id 9518 reused
CUDA Graph id 9520 reused
CUDA Graph id 9522 reused
CUDA Graph id 9524 reused
CUDA Graph id 9526 reused
CUDA Graph id 9528 reused
CUDA Graph id 9530 reused
CUDA Graph id 9532 reused
CUDA Graph id 9534 reused
CUDA Graph id 9536 reused
CUDA Graph id 9538 reused
CUDA Graph id 9540 reused
CUDA Graph id 9542 reused
CUDA Graph id 9544 reused
CUDA Graph id 9546 reused
CUDA Graph id 9548 reused
CUDA Graph id 9550 reused
CUDA Graph id 9552 reused
CUDA Graph id 9554 reused
CUDA Graph id 9556 reused
CUDA Graph id 9558 reused
CUDA Graph id 9560 reused
CUDA Graph id 9562 reused
CUDA Graph id 9564 reused
CUDA Graph id 9566 reused
CUDA Graph id 9568 reused
CUDA Graph id 9570 reused
CUDA Graph id 9572 reused
CUDA Graph id 9574 reused
CUDA Graph id 9478 reused
CUDA Graph id 9480 reused
CUDA Graph id 9482 reused
CUDA Graph id 9484 reused
CUDA Graph id 9486 reused
CUDA Graph id 9488 reused
CUDA Graph id 9490 reused
CUDA Graph id 9492 reused
CUDA Graph id 9494 reused
CUDA Graph id 9496 reused
CUDA Graph id 9498 reused
CUDA Graph id 9500 reused
CUDA Graph id 9502 reused
CUDA Graph id 9504 reused
CUDA Graph id 9506 reused
CUDA Graph id 9508 reused
CUDA Graph id 9510 reused
CUDA Graph id 9512 reused
CUDA Graph id 9514 reused
CUDA Graph id 9516 reused
CUDA Graph id 9518 reused
CUDA Graph id 9520 reused
CUDA Graph id 9522 reused
CUDA Graph id 9524 reused
CUDA Graph id 9526 reused
CUDA Graph id 9528 reused
CUDA Graph id 9530 reused
CUDA Graph id 9532 reused
CUDA Graph id 9534 reused
CUDA Graph id 9536 reused
CUDA Graph id 9538 reused
CUDA Graph id 9540 reused
CUDA Graph id 9542 reused
CUDA Graph id 9544 reused
CUDA Graph id 9546 reused
CUDA Graph id 9548 reused
CUDA Graph id 9550 reused
CUDA Graph id 9552 reused
CUDA Graph id 9554 reused
CUDA Graph id 9556 reused
CUDA Graph id 9558 reused
CUDA Graph id 9560 reused
CUDA Graph id 9562 reused
CUDA Graph id 9564 reused
CUDA Graph id 9566 reused
CUDA Graph id 9568 reused
CUDA Graph id 9570 reused
CUDA Graph id 9572 reused
CUDA Graph id 9574 reused
CUDA Graph id 9478 reused
CUDA Graph id 9480 reused
CUDA Graph id 9482 reused
CUDA Graph id 9484 reused
CUDA Graph id 9486 reused
CUDA Graph id 9488 reused
CUDA Graph id 9490 reused
CUDA Graph id 9492 reused
CUDA Graph id 9494 reused
CUDA Graph id 9496 reused
CUDA Graph id 9498 reused
CUDA Graph id 9500 reused
CUDA Graph id 9502 reused
CUDA Graph id 9504 reused
CUDA Graph id 9506 reused
CUDA Graph id 9508 reused
CUDA Graph id 9510 reused
CUDA Graph id 9512 reused
CUDA Graph id 9514 reused
CUDA Graph id 9516 reused
CUDA Graph id 9518 reused
CUDA Graph id 9520 reused
CUDA Graph id 9522 reused
CUDA Graph id 9524 reused
CUDA Graph id 9526 reused
CUDA Graph id 9528 reused
CUDA Graph id 9530 reused
CUDA Graph id 9532 reused
CUDA Graph id 9534 reused
CUDA Graph id 9536 reused
CUDA Graph id 9538 reused
CUDA Graph id 9540 reused
CUDA Graph id 9542 reused
CUDA Graph id 9544 reused
CUDA Graph id 9546 reused
CUDA Graph id 9548 reused
CUDA Graph id 9550 reused
CUDA Graph id 9552 reused
CUDA Graph id 9554 reused
CUDA Graph id 9556 reused
CUDA Graph id 9558 reused
CUDA Graph id 9560 reused
CUDA Graph id 9562 reused
CUDA Graph id 9564 reused
CUDA Graph id 9566 reused
CUDA Graph id 9568 reused
CUDA Graph id 9570 reused
CUDA Graph id 9572 reused
CUDA Graph id 9574 reused
CUDA Graph id 9478 reused
CUDA Graph id 9480 reused
CUDA Graph id 9482 reused
CUDA Graph id 9484 reused
CUDA Graph id 9486 reused
CUDA Graph id 9488 reused
CUDA Graph id 9490 reused
CUDA Graph id 9492 reused
CUDA Graph id 9494 reused
CUDA Graph id 9496 reused
CUDA Graph id 9498 reused
CUDA Graph id 9500 reused
CUDA Graph id 9502 reused
CUDA Graph id 9504 reused
CUDA Graph id 9506 reused
CUDA Graph id 9508 reused
CUDA Graph id 9510 reused
CUDA Graph id 9512 reused
CUDA Graph id 9514 reused
CUDA Graph id 9516 reused
CUDA Graph id 9518 reused
CUDA Graph id 9520 reused
CUDA Graph id 9522 reused
CUDA Graph id 9524 reused
CUDA Graph id 9526 reused
CUDA Graph id 9528 reused
CUDA Graph id 9530 reused
CUDA Graph id 9532 reused
CUDA Graph id 9534 reused
CUDA Graph id 9536 reused
CUDA Graph id 9538 reused
CUDA Graph id 9540 reused
CUDA Graph id 9542 reused
CUDA Graph id 9544 reused
CUDA Graph id 9546 reused
CUDA Graph id 9548 reused
CUDA Graph id 9550 reused
CUDA Graph id 9552 reused
CUDA Graph id 9554 reused
CUDA Graph id 9556 reused
CUDA Graph id 9558 reused
CUDA Graph id 9560 reused
CUDA Graph id 9562 reused
CUDA Graph id 9564 reused
CUDA Graph id 9566 reused
CUDA Graph id 9568 reused
CUDA Graph id 9570 reused
CUDA Graph id 9572 reused
CUDA Graph id 9574 reused
CUDA Graph id 9478 reused
CUDA Graph id 9480 reused
CUDA Graph id 9482 reused
CUDA Graph id 9484 reused
CUDA Graph id 9486 reused
CUDA Graph id 9488 reused
CUDA Graph id 9490 reused
CUDA Graph id 9492 reused
CUDA Graph id 9494 reused
CUDA Graph id 9496 reused
CUDA Graph id 9498 reused
CUDA Graph id 9500 reused
CUDA Graph id 9502 reused
CUDA Graph id 9504 reused
CUDA Graph id 9506 reused
CUDA Graph id 9508 reused
CUDA Graph id 9510 reused
CUDA Graph id 9512 reused
CUDA Graph id 9514 reused
CUDA Graph id 9516 reused
CUDA Graph id 9518 reused
CUDA Graph id 9520 reused
CUDA Graph id 9522 reused
CUDA Graph id 9524 reused
CUDA Graph id 9526 reused
CUDA Graph id 9528 reused
CUDA Graph id 9530 reused
CUDA Graph id 9532 reused
CUDA Graph id 9534 reused
CUDA Graph id 9536 reused
CUDA Graph id 9538 reused
CUDA Graph id 9540 reused
CUDA Graph id 9542 reused
CUDA Graph id 9544 reused
CUDA Graph id 9546 reused
CUDA Graph id 9548 reused
CUDA Graph id 9550 reused
CUDA Graph id 9552 reused
CUDA Graph id 9554 reused
CUDA Graph id 9556 reused
CUDA Graph id 9558 reused
CUDA Graph id 9560 reused
CUDA Graph id 9562 reused
CUDA Graph id 9564 reused
CUDA Graph id 9566 reused
CUDA Graph id 9568 reused
CUDA Graph id 9570 reused
CUDA Graph id 9572 reused
CUDA Graph id 9574 reused
CUDA Graph id 9478 reused
CUDA Graph id 9480 reused
CUDA Graph id 9482 reused
CUDA Graph id 9484 reused
CUDA Graph id 9486 reused
CUDA Graph id 9488 reused
CUDA Graph id 9490 reused
CUDA Graph id 9492 reused
CUDA Graph id 9494 reused
CUDA Graph id 9496 reused
CUDA Graph id 9498 reused
CUDA Graph id 9500 reused
CUDA Graph id 9502 reused
CUDA Graph id 9504 reused
CUDA Graph id 9506 reused
CUDA Graph id 9508 reused
CUDA Graph id 9510 reused
CUDA Graph id 9512 reused
CUDA Graph id 9514 reused
CUDA Graph id 9516 reused
CUDA Graph id 9518 reused
CUDA Graph id 9520 reused
CUDA Graph id 9522 reused
CUDA Graph id 9524 reused
CUDA Graph id 9526 reused
CUDA Graph id 9528 reused
CUDA Graph id 9530 reused
CUDA Graph id 9532 reused
CUDA Graph id 9534 reused
CUDA Graph id 9536 reused
CUDA Graph id 9538 reused
CUDA Graph id 9540 reused
CUDA Graph id 9542 reused
CUDA Graph id 9544 reused
CUDA Graph id 9546 reused
CUDA Graph id 9548 reused
CUDA Graph id 9550 reused
CUDA Graph id 9552 reused
CUDA Graph id 9554 reused
CUDA Graph id 9556 reused
CUDA Graph id 9558 reused
CUDA Graph id 9560 reused
CUDA Graph id 9562 reused
CUDA Graph id 9564 reused
CUDA Graph id 9566 reused
CUDA Graph id 9568 reused
CUDA Graph id 9570 reused
CUDA Graph id 9572 reused
CUDA Graph id 9574 reused
CUDA Graph id 9478 reused
CUDA Graph id 9480 reused
CUDA Graph id 9482 reused
CUDA Graph id 9484 reused
CUDA Graph id 9486 reused
CUDA Graph id 9488 reused
CUDA Graph id 9490 reused
CUDA Graph id 9492 reused
CUDA Graph id 9494 reused
CUDA Graph id 9496 reused
CUDA Graph id 9498 reused
CUDA Graph id 9500 reused
CUDA Graph id 9502 reused
CUDA Graph id 9504 reused
CUDA Graph id 9506 reused
CUDA Graph id 9508 reused
CUDA Graph id 9510 reused
CUDA Graph id 9512 reused
CUDA Graph id 9514 reused
CUDA Graph id 9516 reused
CUDA Graph id 9518 reused
CUDA Graph id 9520 reused
CUDA Graph id 9522 reused
CUDA Graph id 9524 reused
CUDA Graph id 9526 reused
CUDA Graph id 9528 reused
CUDA Graph id 9530 reused
CUDA Graph id 9532 reused
CUDA Graph id 9534 reused
CUDA Graph id 9536 reused
CUDA Graph id 9538 reused
CUDA Graph id 9540 reused
CUDA Graph id 9542 reused
CUDA Graph id 9544 reused
CUDA Graph id 9546 reused
CUDA Graph id 9548 reused
CUDA Graph id 9550 reused
CUDA Graph id 9552 reused
CUDA Graph id 9554 reused
CUDA Graph id 9556 reused
CUDA Graph id 9558 reused
CUDA Graph id 9560 reused
CUDA Graph id 9562 reused
CUDA Graph id 9564 reused
CUDA Graph id 9566 reused
CUDA Graph id 9568 reused
CUDA Graph id 9570 reused
CUDA Graph id 9572 reused
CUDA Graph id 9574 reused
CUDA Graph id 9478 reused
CUDA Graph id 9480 reused
CUDA Graph id 9482 reused
CUDA Graph id 9484 reused
CUDA Graph id 9486 reused
CUDA Graph id 9488 reused
CUDA Graph id 9490 reused
CUDA Graph id 9492 reused
CUDA Graph id 9494 reused
CUDA Graph id 9496 reused
CUDA Graph id 9498 reused
CUDA Graph id 9500 reused
CUDA Graph id 9502 reused
CUDA Graph id 9504 reused
CUDA Graph id 9506 reused
CUDA Graph id 9508 reused
CUDA Graph id 9510 reused
CUDA Graph id 9512 reused
CUDA Graph id 9514 reused
CUDA Graph id 9516 reused
CUDA Graph id 9518 reused
CUDA Graph id 9520 reused
CUDA Graph id 9522 reused
CUDA Graph id 9524 reused
CUDA Graph id 9526 reused
CUDA Graph id 9528 reused
CUDA Graph id 9530 reused
CUDA Graph id 9532 reused
CUDA Graph id 9534 reused
CUDA Graph id 9536 reused
CUDA Graph id 9538 reused
CUDA Graph id 9540 reused
CUDA Graph id 9542 reused
CUDA Graph id 9544 reused
CUDA Graph id 9546 reused
CUDA Graph id 9548 reused
CUDA Graph id 9550 reused
CUDA Graph id 9552 reused
CUDA Graph id 9554 reused
CUDA Graph id 9556 reused
CUDA Graph id 9558 reused
CUDA Graph id 9560 reused
CUDA Graph id 9562 reused
CUDA Graph id 9564 reused
CUDA Graph id 9566 reused
CUDA Graph id 9568 reused
CUDA Graph id 9570 reused
CUDA Graph id 9572 reused
CUDA Graph id 9574 reused
CUDA Graph id 9478 reused
CUDA Graph id 9480 reused
CUDA Graph id 9482 reused
CUDA Graph id 9484 reused
CUDA Graph id 9486 reused
CUDA Graph id 9488 reused
CUDA Graph id 9490 reused
CUDA Graph id 9492 reused
CUDA Graph id 9494 reused
CUDA Graph id 9496 reused
CUDA Graph id 9498 reused
CUDA Graph id 9500 reused
CUDA Graph id 9502 reused
CUDA Graph id 9504 reused
CUDA Graph id 9506 reused
CUDA Graph id 9508 reused
CUDA Graph id 9510 reused
CUDA Graph id 9512 reused
CUDA Graph id 9514 reused
CUDA Graph id 9516 reused
CUDA Graph id 9518 reused
CUDA Graph id 9520 reused
CUDA Graph id 9522 reused
CUDA Graph id 9524 reused
CUDA Graph id 9526 reused
CUDA Graph id 9528 reused
CUDA Graph id 9530 reused
CUDA Graph id 9532 reused
CUDA Graph id 9534 reused
CUDA Graph id 9536 reused
CUDA Graph id 9538 reused
CUDA Graph id 9540 reused
CUDA Graph id 9542 reused
CUDA Graph id 9544 reused
CUDA Graph id 9546 reused
CUDA Graph id 9548 reused
CUDA Graph id 9550 reused
CUDA Graph id 9552 reused
CUDA Graph id 9554 reused
CUDA Graph id 9556 reused
CUDA Graph id 9558 reused
CUDA Graph id 9560 reused
CUDA Graph id 9562 reused
CUDA Graph id 9564 reused
CUDA Graph id 9566 reused
CUDA Graph id 9568 reused
CUDA Graph id 9570 reused
CUDA Graph id 9572 reused
CUDA Graph id 9574 reused
CUDA Graph id 9478 reused
CUDA Graph id 9480 reused
CUDA Graph id 9482 reused
CUDA Graph id 9484 reused
CUDA Graph id 9486 reused
CUDA Graph id 9488 reused
CUDA Graph id 9490 reused
CUDA Graph id 9492 reused
CUDA Graph id 9494 reused
CUDA Graph id 9496 reused
CUDA Graph id 9498 reused
CUDA Graph id 9500 reused
CUDA Graph id 9502 reused
CUDA Graph id 9504 reused
CUDA Graph id 9506 reused
CUDA Graph id 9508 reused
CUDA Graph id 9510 reused
CUDA Graph id 9512 reused
CUDA Graph id 9514 reused
CUDA Graph id 9516 reused
CUDA Graph id 9518 reused
CUDA Graph id 9520 reused
CUDA Graph id 9522 reused
CUDA Graph id 9524 reused
CUDA Graph id 9526 reused
CUDA Graph id 9528 reused
CUDA Graph id 9530 reused
CUDA Graph id 9532 reused
CUDA Graph id 9534 reused
CUDA Graph id 9536 reused
CUDA Graph id 9538 reused
CUDA Graph id 9540 reused
CUDA Graph id 9542 reused
CUDA Graph id 9544 reused
CUDA Graph id 9546 reused
CUDA Graph id 9548 reused
CUDA Graph id 9550 reused
CUDA Graph id 9552 reused
CUDA Graph id 9554 reused
CUDA Graph id 9556 reused
CUDA Graph id 9558 reused
CUDA Graph id 9560 reused
CUDA Graph id 9562 reused
CUDA Graph id 9564 reused
CUDA Graph id 9566 reused
CUDA Graph id 9568 reused
CUDA Graph id 9570 reused
CUDA Graph id 9572 reused
CUDA Graph id 9574 reused
CUDA Graph id 9478 reused
CUDA Graph id 9480 reused
CUDA Graph id 9482 reused
CUDA Graph id 9484 reused
CUDA Graph id 9486 reused
CUDA Graph id 9488 reused
CUDA Graph id 9490 reused
CUDA Graph id 9492 reused
CUDA Graph id 9494 reused
CUDA Graph id 9496 reused
CUDA Graph id 9498 reused
CUDA Graph id 9500 reused
CUDA Graph id 9502 reused
CUDA Graph id 9504 reused
CUDA Graph id 9506 reused
CUDA Graph id 9508 reused
CUDA Graph id 9510 reused
CUDA Graph id 9512 reused
CUDA Graph id 9514 reused
CUDA Graph id 9516 reused
CUDA Graph id 9518 reused
CUDA Graph id 9520 reused
CUDA Graph id 9522 reused
CUDA Graph id 9524 reused
CUDA Graph id 9526 reused
CUDA Graph id 9528 reused
CUDA Graph id 9530 reused
CUDA Graph id 9532 reused
CUDA Graph id 9534 reused
CUDA Graph id 9536 reused
CUDA Graph id 9538 reused
CUDA Graph id 9540 reused
CUDA Graph id 9542 reused
CUDA Graph id 9544 reused
CUDA Graph id 9546 reused
CUDA Graph id 9548 reused
CUDA Graph id 9550 reused
CUDA Graph id 9552 reused
CUDA Graph id 9554 reused
CUDA Graph id 9556 reused
CUDA Graph id 9558 reused
CUDA Graph id 9560 reused
CUDA Graph id 9562 reused
CUDA Graph id 9564 reused
CUDA Graph id 9566 reused
CUDA Graph id 9568 reused
CUDA Graph id 9570 reused
CUDA Graph id 9572 reused
CUDA Graph id 9574 reused
CUDA Graph id 9478 reused
CUDA Graph id 9480 reused
CUDA Graph id 9482 reused
CUDA Graph id 9484 reused
CUDA Graph id 9486 reused
CUDA Graph id 9488 reused
CUDA Graph id 9490 reused
CUDA Graph id 9492 reused
CUDA Graph id 9494 reused
CUDA Graph id 9496 reused
CUDA Graph id 9498 reused
CUDA Graph id 9500 reused
CUDA Graph id 9502 reused
CUDA Graph id 9504 reused
CUDA Graph id 9506 reused
CUDA Graph id 9508 reused
CUDA Graph id 9510 reused
CUDA Graph id 9512 reused
CUDA Graph id 9514 reused
CUDA Graph id 9516 reused
CUDA Graph id 9518 reused
CUDA Graph id 9520 reused
CUDA Graph id 9522 reused
CUDA Graph id 9524 reused
CUDA Graph id 9526 reused
CUDA Graph id 9528 reused
CUDA Graph id 9530 reused
CUDA Graph id 9532 reused
CUDA Graph id 9534 reused
CUDA Graph id 9536 reused
CUDA Graph id 9538 reused
CUDA Graph id 9540 reused
CUDA Graph id 9542 reused
CUDA Graph id 9544 reused
CUDA Graph id 9546 reused
CUDA Graph id 9548 reused
CUDA Graph id 9550 reused
CUDA Graph id 9552 reused
CUDA Graph id 9554 reused
CUDA Graph id 9556 reused
CUDA Graph id 9558 reused
CUDA Graph id 9560 reused
CUDA Graph id 9562 reused
CUDA Graph id 9564 reused
CUDA Graph id 9566 reused
CUDA Graph id 9568 reused
CUDA Graph id 9570 reused
CUDA Graph id 9572 reused
CUDA Graph id 9574 reused
CUDA Graph id 9478 reused
CUDA Graph id 9480 reused
CUDA Graph id 9482 reused
CUDA Graph id 9484 reused
CUDA Graph id 9486 reused
CUDA Graph id 9488 reused
CUDA Graph id 9490 reused
CUDA Graph id 9492 reused
CUDA Graph id 9494 reused
CUDA Graph id 9496 reused
CUDA Graph id 9498 reused
CUDA Graph id 9500 reused
CUDA Graph id 9502 reused
CUDA Graph id 9504 reused
CUDA Graph id 9506 reused
CUDA Graph id 9508 reused
CUDA Graph id 9510 reused
CUDA Graph id 9512 reused
CUDA Graph id 9514 reused
CUDA Graph id 9516 reused
CUDA Graph id 9518 reused
CUDA Graph id 9520 reused
CUDA Graph id 9522 reused
CUDA Graph id 9524 reused
CUDA Graph id 9526 reused
CUDA Graph id 9528 reused
CUDA Graph id 9530 reused
CUDA Graph id 9532 reused
CUDA Graph id 9534 reused
CUDA Graph id 9536 reused
CUDA Graph id 9538 reused
CUDA Graph id 9540 reused
CUDA Graph id 9542 reused
CUDA Graph id 9544 reused
CUDA Graph id 9546 reused
CUDA Graph id 9548 reused
CUDA Graph id 9550 reused
CUDA Graph id 9552 reused
CUDA Graph id 9554 reused
CUDA Graph id 9556 reused
CUDA Graph id 9558 reused
CUDA Graph id 9560 reused
CUDA Graph id 9562 reused
CUDA Graph id 9564 reused
CUDA Graph id 9566 reused
CUDA Graph id 9568 reused
CUDA Graph id 9570 reused
CUDA Graph id 9572 reused
CUDA Graph id 9574 reused
CUDA Graph id 9478 reused
CUDA Graph id 9480 reused
CUDA Graph id 9482 reused
CUDA Graph id 9484 reused
CUDA Graph id 9486 reused
CUDA Graph id 9488 reused
CUDA Graph id 9490 reused
CUDA Graph id 9492 reused
CUDA Graph id 9494 reused
CUDA Graph id 9496 reused
CUDA Graph id 9498 reused
CUDA Graph id 9500 reused
CUDA Graph id 9502 reused
CUDA Graph id 9504 reused
CUDA Graph id 9506 reused
CUDA Graph id 9508 reused
CUDA Graph id 9510 reused
CUDA Graph id 9512 reused
CUDA Graph id 9514 reused
CUDA Graph id 9516 reused
CUDA Graph id 9518 reused
CUDA Graph id 9520 reused
CUDA Graph id 9522 reused
CUDA Graph id 9524 reused
CUDA Graph id 9526 reused
CUDA Graph id 9528 reused
CUDA Graph id 9530 reused
CUDA Graph id 9532 reused
CUDA Graph id 9534 reused
CUDA Graph id 9536 reused
CUDA Graph id 9538 reused
CUDA Graph id 9540 reused
CUDA Graph id 9542 reused
CUDA Graph id 9544 reused
CUDA Graph id 9546 reused
CUDA Graph id 9548 reused
CUDA Graph id 9550 reused
CUDA Graph id 9552 reused
CUDA Graph id 9554 reused
CUDA Graph id 9556 reused
CUDA Graph id 9558 reused
CUDA Graph id 9560 reused
CUDA Graph id 9562 reused
CUDA Graph id 9564 reused
CUDA Graph id 9566 reused
CUDA Graph id 9568 reused
CUDA Graph id 9570 reused
CUDA Graph id 9572 reused
CUDA Graph id 9574 reused
CUDA Graph id 9478 reused
CUDA Graph id 9480 reused
CUDA Graph id 9482 reused
CUDA Graph id 9484 reused
CUDA Graph id 9486 reused
CUDA Graph id 9488 reused
CUDA Graph id 9490 reused
CUDA Graph id 9492 reused
CUDA Graph id 9494 reused
CUDA Graph id 9496 reused
CUDA Graph id 9498 reused
CUDA Graph id 9500 reused
CUDA Graph id 9502 reused
CUDA Graph id 9504 reused
CUDA Graph id 9506 reused
CUDA Graph id 9508 reused
CUDA Graph id 9510 reused
CUDA Graph id 9512 reused
CUDA Graph id 9514 reused
CUDA Graph id 9516 reused
CUDA Graph id 9518 reused
CUDA Graph id 9520 reused
CUDA Graph id 9522 reused
CUDA Graph id 9524 reused
CUDA Graph id 9526 reused
CUDA Graph id 9528 reused
CUDA Graph id 9530 reused
CUDA Graph id 9532 reused
CUDA Graph id 9534 reused
CUDA Graph id 9536 reused
CUDA Graph id 9538 reused
CUDA Graph id 9540 reused
CUDA Graph id 9542 reused
CUDA Graph id 9544 reused
CUDA Graph id 9546 reused
CUDA Graph id 9548 reused
CUDA Graph id 9550 reused
CUDA Graph id 9552 reused
CUDA Graph id 9554 reused
CUDA Graph id 9556 reused
CUDA Graph id 9558 reused
CUDA Graph id 9560 reused
CUDA Graph id 9562 reused
CUDA Graph id 9564 reused
CUDA Graph id 9566 reused
CUDA Graph id 9568 reused
CUDA Graph id 9570 reused
CUDA Graph id 9572 reused
CUDA Graph id 9574 reused
CUDA Graph id 9478 reused
CUDA Graph id 9480 reused
CUDA Graph id 9482 reused
CUDA Graph id 9484 reused
CUDA Graph id 9486 reused
CUDA Graph id 9488 reused
CUDA Graph id 9490 reused
CUDA Graph id 9492 reused
CUDA Graph id 9494 reused
CUDA Graph id 9496 reused
CUDA Graph id 9498 reused
CUDA Graph id 9500 reused
CUDA Graph id 9502 reused
CUDA Graph id 9504 reused
CUDA Graph id 9506 reused
CUDA Graph id 9508 reused
CUDA Graph id 9510 reused
CUDA Graph id 9512 reused
CUDA Graph id 9514 reused
CUDA Graph id 9516 reused
CUDA Graph id 9518 reused
CUDA Graph id 9520 reused
CUDA Graph id 9522 reused
CUDA Graph id 9524 reused
CUDA Graph id 9526 reused
CUDA Graph id 9528 reused
CUDA Graph id 9530 reused
CUDA Graph id 9532 reused
CUDA Graph id 9534 reused
CUDA Graph id 9536 reused
CUDA Graph id 9538 reused
CUDA Graph id 9540 reused
CUDA Graph id 9542 reused
CUDA Graph id 9544 reused
CUDA Graph id 9546 reused
CUDA Graph id 9548 reused
CUDA Graph id 9550 reused
CUDA Graph id 9552 reused
CUDA Graph id 9554 reused
CUDA Graph id 9556 reused
CUDA Graph id 9558 reused
CUDA Graph id 9560 reused
CUDA Graph id 9562 reused
CUDA Graph id 9564 reused
CUDA Graph id 9566 reused
CUDA Graph id 9568 reused
CUDA Graph id 9570 reused
CUDA Graph id 9572 reused
CUDA Graph id 9574 reused
CUDA Graph id 9478 reused
CUDA Graph id 9480 reused
CUDA Graph id 9482 reused
CUDA Graph id 9484 reused
CUDA Graph id 9486 reused
CUDA Graph id 9488 reused
CUDA Graph id 9490 reused
CUDA Graph id 9492 reused
CUDA Graph id 9494 reused
CUDA Graph id 9496 reused
CUDA Graph id 9498 reused
CUDA Graph id 9500 reused
CUDA Graph id 9502 reused
CUDA Graph id 9504 reused
CUDA Graph id 9506 reused
CUDA Graph id 9508 reused
CUDA Graph id 9510 reused
CUDA Graph id 9512 reused
CUDA Graph id 9514 reused
CUDA Graph id 9516 reused
CUDA Graph id 9518 reused
CUDA Graph id 9520 reused
CUDA Graph id 9522 reused
CUDA Graph id 9524 reused
CUDA Graph id 9526 reused
CUDA Graph id 9528 reused
CUDA Graph id 9530 reused
CUDA Graph id 9532 reused
CUDA Graph id 9534 reused
CUDA Graph id 9536 reused
CUDA Graph id 9538 reused
CUDA Graph id 9540 reused
CUDA Graph id 9542 reused
CUDA Graph id 9544 reused
CUDA Graph id 9546 reused
CUDA Graph id 9548 reused
CUDA Graph id 9550 reused
CUDA Graph id 9552 reused
CUDA Graph id 9554 reused
CUDA Graph id 9556 reused
CUDA Graph id 9558 reused
CUDA Graph id 9560 reused
CUDA Graph id 9562 reused
CUDA Graph id 9564 reused
CUDA Graph id 9566 reused
CUDA Graph id 9568 reused
CUDA Graph id 9570 reused
CUDA Graph id 9572 reused
CUDA Graph id 9574 reused
CUDA Graph id 9478 reused
CUDA Graph id 9480 reused
CUDA Graph id 9482 reused
CUDA Graph id 9484 reused
CUDA Graph id 9486 reused
CUDA Graph id 9488 reused
CUDA Graph id 9490 reused
CUDA Graph id 9492 reused
CUDA Graph id 9494 reused
CUDA Graph id 9496 reused
CUDA Graph id 9498 reused
CUDA Graph id 9500 reused
CUDA Graph id 9502 reused
CUDA Graph id 9504 reused
CUDA Graph id 9506 reused
CUDA Graph id 9508 reused
CUDA Graph id 9510 reused
CUDA Graph id 9512 reused
CUDA Graph id 9514 reused
CUDA Graph id 9516 reused
CUDA Graph id 9518 reused
CUDA Graph id 9520 reused
CUDA Graph id 9522 reused
CUDA Graph id 9524 reused
CUDA Graph id 9526 reused
CUDA Graph id 9528 reused
CUDA Graph id 9530 reused
CUDA Graph id 9532 reused
CUDA Graph id 9534 reused
CUDA Graph id 9536 reused
CUDA Graph id 9538 reused
CUDA Graph id 9540 reused
CUDA Graph id 9542 reused
CUDA Graph id 9544 reused
CUDA Graph id 9546 reused
CUDA Graph id 9548 reused
CUDA Graph id 9550 reused
CUDA Graph id 9552 reused
CUDA Graph id 9554 reused
CUDA Graph id 9556 reused
CUDA Graph id 9558 reused
CUDA Graph id 9560 reused
CUDA Graph id 9562 reused
CUDA Graph id 9564 reused
CUDA Graph id 9566 reused
CUDA Graph id 9568 reused
CUDA Graph id 9570 reused
CUDA Graph id 9572 reused
CUDA Graph id 9574 reused
CUDA Graph id 9478 reused
CUDA Graph id 9480 reused
CUDA Graph id 9482 reused
CUDA Graph id 9484 reused
CUDA Graph id 9486 reused
CUDA Graph id 9488 reused
CUDA Graph id 9490 reused
CUDA Graph id 9492 reused
CUDA Graph id 9494 reused
CUDA Graph id 9496 reused
CUDA Graph id 9498 reused
CUDA Graph id 9500 reused
CUDA Graph id 9502 reused
CUDA Graph id 9504 reused
CUDA Graph id 9506 reused
CUDA Graph id 9508 reused
CUDA Graph id 9510 reused
CUDA Graph id 9512 reused
CUDA Graph id 9514 reused
CUDA Graph id 9516 reused
CUDA Graph id 9518 reused
CUDA Graph id 9520 reused
CUDA Graph id 9522 reused
CUDA Graph id 9524 reused
CUDA Graph id 9526 reused
CUDA Graph id 9528 reused
CUDA Graph id 9530 reused
CUDA Graph id 9532 reused
CUDA Graph id 9534 reused
CUDA Graph id 9536 reused
CUDA Graph id 9538 reused
CUDA Graph id 9540 reused
CUDA Graph id 9542 reused
CUDA Graph id 9544 reused
CUDA Graph id 9546 reused
CUDA Graph id 9548 reused
CUDA Graph id 9550 reused
CUDA Graph id 9552 reused
CUDA Graph id 9554 reused
CUDA Graph id 9556 reused
CUDA Graph id 9558 reused
CUDA Graph id 9560 reused
CUDA Graph id 9562 reused
CUDA Graph id 9564 reused
CUDA Graph id 9566 reused
CUDA Graph id 9568 reused
CUDA Graph id 9570 reused
CUDA Graph id 9572 reused
CUDA Graph id 9574 reused
CUDA Graph id 9478 reused
CUDA Graph id 9480 reused
CUDA Graph id 9482 reused
CUDA Graph id 9484 reused
CUDA Graph id 9486 reused
CUDA Graph id 9488 reused
CUDA Graph id 9490 reused
CUDA Graph id 9492 reused
CUDA Graph id 9494 reused
CUDA Graph id 9496 reused
CUDA Graph id 9498 reused
CUDA Graph id 9500 reused
CUDA Graph id 9502 reused
CUDA Graph id 9504 reused
CUDA Graph id 9506 reused
CUDA Graph id 9508 reused
CUDA Graph id 9510 reused
CUDA Graph id 9512 reused
CUDA Graph id 9514 reused
CUDA Graph id 9516 reused
CUDA Graph id 9518 reused
CUDA Graph id 9520 reused
CUDA Graph id 9522 reused
CUDA Graph id 9524 reused
CUDA Graph id 9526 reused
CUDA Graph id 9528 reused
CUDA Graph id 9530 reused
CUDA Graph id 9532 reused
CUDA Graph id 9534 reused
CUDA Graph id 9536 reused
CUDA Graph id 9538 reused
CUDA Graph id 9540 reused
CUDA Graph id 9542 reused
CUDA Graph id 9544 reused
CUDA Graph id 9546 reused
CUDA Graph id 9548 reused
CUDA Graph id 9550 reused
CUDA Graph id 9552 reused
CUDA Graph id 9554 reused
CUDA Graph id 9556 reused
CUDA Graph id 9558 reused
CUDA Graph id 9560 reused
CUDA Graph id 9562 reused
CUDA Graph id 9564 reused
CUDA Graph id 9566 reused
CUDA Graph id 9568 reused
CUDA Graph id 9570 reused
CUDA Graph id 9572 reused
CUDA Graph id 9574 reused
CUDA Graph id 9478 reused
CUDA Graph id 9480 reused
CUDA Graph id 9482 reused
CUDA Graph id 9484 reused
CUDA Graph id 9486 reused
CUDA Graph id 9488 reused
CUDA Graph id 9490 reused
CUDA Graph id 9492 reused
CUDA Graph id 9494 reused
CUDA Graph id 9496 reused
CUDA Graph id 9498 reused
CUDA Graph id 9500 reused
CUDA Graph id 9502 reused
CUDA Graph id 9504 reused
CUDA Graph id 9506 reused
CUDA Graph id 9508 reused
CUDA Graph id 9510 reused
CUDA Graph id 9512 reused
CUDA Graph id 9514 reused
CUDA Graph id 9516 reused
CUDA Graph id 9518 reused
CUDA Graph id 9520 reused
CUDA Graph id 9522 reused
CUDA Graph id 9524 reused
CUDA Graph id 9526 reused
CUDA Graph id 9528 reused
CUDA Graph id 9530 reused
CUDA Graph id 9532 reused
CUDA Graph id 9534 reused
CUDA Graph id 9536 reused
CUDA Graph id 9538 reused
CUDA Graph id 9540 reused
CUDA Graph id 9542 reused
CUDA Graph id 9544 reused
CUDA Graph id 9546 reused
CUDA Graph id 9548 reused
CUDA Graph id 9550 reused
CUDA Graph id 9552 reused
CUDA Graph id 9554 reused
CUDA Graph id 9556 reused
CUDA Graph id 9558 reused
CUDA Graph id 9560 reused
CUDA Graph id 9562 reused
CUDA Graph id 9564 reused
CUDA Graph id 9566 reused
CUDA Graph id 9568 reused
CUDA Graph id 9570 reused
CUDA Graph id 9572 reused
CUDA Graph id 9574 reused
CUDA Graph id 9478 reused
CUDA Graph id 9480 reused
CUDA Graph id 9482 reused
CUDA Graph id 9484 reused
CUDA Graph id 9486 reused
CUDA Graph id 9488 reused
CUDA Graph id 9490 reused
CUDA Graph id 9492 reused
CUDA Graph id 9494 reused
CUDA Graph id 9496 reused
CUDA Graph id 9498 reused
CUDA Graph id 9500 reused
CUDA Graph id 9502 reused
CUDA Graph id 9504 reused
CUDA Graph id 9506 reused
CUDA Graph id 9508 reused
CUDA Graph id 9510 reused
CUDA Graph id 9512 reused
CUDA Graph id 9514 reused
CUDA Graph id 9516 reused
CUDA Graph id 9518 reused
CUDA Graph id 9520 reused
CUDA Graph id 9522 reused
CUDA Graph id 9524 reused
CUDA Graph id 9526 reused
CUDA Graph id 9528 reused
CUDA Graph id 9530 reused
CUDA Graph id 9532 reused
CUDA Graph id 9534 reused
CUDA Graph id 9536 reused
CUDA Graph id 9538 reused
CUDA Graph id 9540 reused
CUDA Graph id 9542 reused
CUDA Graph id 9544 reused
CUDA Graph id 9546 reused
CUDA Graph id 9548 reused
CUDA Graph id 9550 reused
CUDA Graph id 9552 reused
CUDA Graph id 9554 reused
CUDA Graph id 9556 reused
CUDA Graph id 9558 reused
CUDA Graph id 9560 reused
CUDA Graph id 9562 reused
CUDA Graph id 9564 reused
CUDA Graph id 9566 reused
CUDA Graph id 9568 reused
CUDA Graph id 9570 reused
CUDA Graph id 9572 reused
CUDA Graph id 9574 reused
CUDA Graph id 9478 reused
CUDA Graph id 9480 reused
CUDA Graph id 9482 reused
CUDA Graph id 9484 reused
CUDA Graph id 9486 reused
CUDA Graph id 9488 reused
CUDA Graph id 9490 reused
CUDA Graph id 9492 reused
CUDA Graph id 9494 reused
CUDA Graph id 9496 reused
CUDA Graph id 9498 reused
CUDA Graph id 9500 reused
CUDA Graph id 9502 reused
CUDA Graph id 9504 reused
CUDA Graph id 9506 reused
CUDA Graph id 9508 reused
CUDA Graph id 9510 reused
CUDA Graph id 9512 reused
CUDA Graph id 9514 reused
CUDA Graph id 9516 reused
CUDA Graph id 9518 reused
CUDA Graph id 9520 reused
CUDA Graph id 9522 reused
CUDA Graph id 9524 reused
CUDA Graph id 9526 reused
CUDA Graph id 9528 reused
CUDA Graph id 9530 reused
CUDA Graph id 9532 reused
CUDA Graph id 9534 reused
CUDA Graph id 9536 reused
CUDA Graph id 9538 reused
CUDA Graph id 9540 reused
CUDA Graph id 9542 reused
CUDA Graph id 9544 reused
CUDA Graph id 9546 reused
CUDA Graph id 9548 reused
CUDA Graph id 9550 reused
CUDA Graph id 9552 reused
CUDA Graph id 9554 reused
CUDA Graph id 9556 reused
CUDA Graph id 9558 reused
CUDA Graph id 9560 reused
CUDA Graph id 9562 reused
CUDA Graph id 9564 reused
CUDA Graph id 9566 reused
CUDA Graph id 9568 reused
CUDA Graph id 9570 reused
CUDA Graph id 9572 reused
CUDA Graph id 9574 reused
CUDA Graph id 9478 reused
CUDA Graph id 9480 reused
CUDA Graph id 9482 reused
CUDA Graph id 9484 reused
CUDA Graph id 9486 reused
CUDA Graph id 9488 reused
CUDA Graph id 9490 reused
CUDA Graph id 9492 reused
CUDA Graph id 9494 reused
CUDA Graph id 9496 reused
CUDA Graph id 9498 reused
CUDA Graph id 9500 reused
CUDA Graph id 9502 reused
CUDA Graph id 9504 reused
CUDA Graph id 9506 reused
CUDA Graph id 9508 reused
CUDA Graph id 9510 reused
CUDA Graph id 9512 reused
CUDA Graph id 9514 reused
CUDA Graph id 9516 reused
CUDA Graph id 9518 reused
CUDA Graph id 9520 reused
CUDA Graph id 9522 reused
CUDA Graph id 9524 reused
CUDA Graph id 9526 reused
CUDA Graph id 9528 reused
CUDA Graph id 9530 reused
CUDA Graph id 9532 reused
CUDA Graph id 9534 reused
CUDA Graph id 9536 reused
CUDA Graph id 9538 reused
CUDA Graph id 9540 reused
CUDA Graph id 9542 reused
CUDA Graph id 9544 reused
CUDA Graph id 9546 reused
CUDA Graph id 9548 reused
CUDA Graph id 9550 reused
CUDA Graph id 9552 reused
CUDA Graph id 9554 reused
CUDA Graph id 9556 reused
CUDA Graph id 9558 reused
CUDA Graph id 9560 reused
CUDA Graph id 9562 reused
CUDA Graph id 9564 reused
CUDA Graph id 9566 reused
CUDA Graph id 9568 reused
CUDA Graph id 9570 reused
CUDA Graph id 9572 reused
CUDA Graph id 9574 reused
CUDA Graph id 9478 reused
CUDA Graph id 9480 reused
CUDA Graph id 9482 reused
CUDA Graph id 9484 reused
CUDA Graph id 9486 reused
CUDA Graph id 9488 reused
CUDA Graph id 9490 reused
CUDA Graph id 9492 reused
CUDA Graph id 9494 reused
CUDA Graph id 9496 reused
CUDA Graph id 9498 reused
CUDA Graph id 9500 reused
CUDA Graph id 9502 reused
CUDA Graph id 9504 reused
CUDA Graph id 9506 reused
CUDA Graph id 9508 reused
CUDA Graph id 9510 reused
CUDA Graph id 9512 reused
CUDA Graph id 9514 reused
CUDA Graph id 9516 reused
CUDA Graph id 9518 reused
CUDA Graph id 9520 reused
CUDA Graph id 9522 reused
CUDA Graph id 9524 reused
CUDA Graph id 9526 reused
CUDA Graph id 9528 reused
CUDA Graph id 9530 reused
CUDA Graph id 9532 reused
CUDA Graph id 9534 reused
CUDA Graph id 9536 reused
CUDA Graph id 9538 reused
CUDA Graph id 9540 reused
CUDA Graph id 9542 reused
CUDA Graph id 9544 reused
CUDA Graph id 9546 reused
CUDA Graph id 9548 reused
CUDA Graph id 9550 reused
CUDA Graph id 9552 reused
CUDA Graph id 9554 reused
CUDA Graph id 9556 reused
CUDA Graph id 9558 reused
CUDA Graph id 9560 reused
CUDA Graph id 9562 reused
CUDA Graph id 9564 reused
CUDA Graph id 9566 reused
CUDA Graph id 9568 reused
CUDA Graph id 9570 reused
CUDA Graph id 9572 reused
CUDA Graph id 9574 reused
CUDA Graph id 9478 reused
CUDA Graph id 9480 reused
CUDA Graph id 9482 reused
CUDA Graph id 9484 reused
CUDA Graph id 9486 reused
CUDA Graph id 9488 reused
CUDA Graph id 9490 reused
CUDA Graph id 9492 reused
CUDA Graph id 9494 reused
CUDA Graph id 9496 reused
CUDA Graph id 9498 reused
CUDA Graph id 9500 reused
CUDA Graph id 9502 reused
CUDA Graph id 9504 reused
CUDA Graph id 9506 reused
CUDA Graph id 9508 reused
CUDA Graph id 9510 reused
CUDA Graph id 9512 reused
CUDA Graph id 9514 reused
CUDA Graph id 9516 reused
CUDA Graph id 9518 reused
CUDA Graph id 9520 reused
CUDA Graph id 9522 reused
CUDA Graph id 9524 reused
CUDA Graph id 9526 reused
CUDA Graph id 9528 reused
CUDA Graph id 9530 reused
CUDA Graph id 9532 reused
CUDA Graph id 9534 reused
CUDA Graph id 9536 reused
CUDA Graph id 9538 reused
CUDA Graph id 9540 reused
CUDA Graph id 9542 reused
CUDA Graph id 9544 reused
CUDA Graph id 9546 reused
CUDA Graph id 9548 reused
CUDA Graph id 9550 reused
CUDA Graph id 9552 reused
CUDA Graph id 9554 reused
CUDA Graph id 9556 reused
CUDA Graph id 9558 reused
CUDA Graph id 9560 reused
CUDA Graph id 9562 reused
CUDA Graph id 9564 reused
CUDA Graph id 9566 reused
CUDA Graph id 9568 reused
CUDA Graph id 9570 reused
CUDA Graph id 9572 reused
CUDA Graph id 9574 reused
CUDA Graph id 9478 reused
CUDA Graph id 9480 reused
CUDA Graph id 9482 reused
CUDA Graph id 9484 reused
CUDA Graph id 9486 reused
CUDA Graph id 9488 reused
CUDA Graph id 9490 reused
CUDA Graph id 9492 reused
CUDA Graph id 9494 reused
CUDA Graph id 9496 reused
CUDA Graph id 9498 reused
CUDA Graph id 9500 reused
CUDA Graph id 9502 reused
CUDA Graph id 9504 reused
CUDA Graph id 9506 reused
CUDA Graph id 9508 reused
CUDA Graph id 9510 reused
CUDA Graph id 9512 reused
CUDA Graph id 9514 reused
CUDA Graph id 9516 reused
CUDA Graph id 9518 reused
CUDA Graph id 9520 reused
CUDA Graph id 9522 reused
CUDA Graph id 9524 reused
CUDA Graph id 9526 reused
CUDA Graph id 9528 reused
CUDA Graph id 9530 reused
CUDA Graph id 9532 reused
CUDA Graph id 9534 reused
CUDA Graph id 9536 reused
CUDA Graph id 9538 reused
CUDA Graph id 9540 reused
CUDA Graph id 9542 reused
CUDA Graph id 9544 reused
CUDA Graph id 9546 reused
CUDA Graph id 9548 reused
CUDA Graph id 9550 reused
CUDA Graph id 9552 reused
CUDA Graph id 9554 reused
CUDA Graph id 9556 reused
CUDA Graph id 9558 reused
CUDA Graph id 9560 reused
CUDA Graph id 9562 reused
CUDA Graph id 9564 reused
CUDA Graph id 9566 reused
CUDA Graph id 9568 reused
CUDA Graph id 9570 reused
CUDA Graph id 9572 reused
CUDA Graph id 9574 reused
CUDA Graph id 9478 reused
CUDA Graph id 9480 reused
CUDA Graph id 9482 reused
CUDA Graph id 9484 reused
CUDA Graph id 9486 reused
CUDA Graph id 9488 reused
CUDA Graph id 9490 reused
CUDA Graph id 9492 reused
CUDA Graph id 9494 reused
CUDA Graph id 9496 reused
CUDA Graph id 9498 reused
CUDA Graph id 9500 reused
CUDA Graph id 9502 reused
CUDA Graph id 9504 reused
CUDA Graph id 9506 reused
CUDA Graph id 9508 reused
CUDA Graph id 9510 reused
CUDA Graph id 9512 reused
CUDA Graph id 9514 reused
CUDA Graph id 9516 reused
CUDA Graph id 9518 reused
CUDA Graph id 9520 reused
CUDA Graph id 9522 reused
CUDA Graph id 9524 reused
CUDA Graph id 9526 reused
CUDA Graph id 9528 reused
CUDA Graph id 9530 reused
CUDA Graph id 9532 reused
CUDA Graph id 9534 reused
CUDA Graph id 9536 reused
CUDA Graph id 9538 reused
CUDA Graph id 9540 reused
CUDA Graph id 9542 reused
CUDA Graph id 9544 reused
CUDA Graph id 9546 reused
CUDA Graph id 9548 reused
CUDA Graph id 9550 reused
CUDA Graph id 9552 reused
CUDA Graph id 9554 reused
CUDA Graph id 9556 reused
CUDA Graph id 9558 reused
CUDA Graph id 9560 reused
CUDA Graph id 9562 reused
CUDA Graph id 9564 reused
CUDA Graph id 9566 reused
CUDA Graph id 9568 reused
CUDA Graph id 9570 reused
CUDA Graph id 9572 reused
CUDA Graph id 9574 reused
ggml_backend_cuda_graph_compute: CUDA graph warmup reset
ggml_backend_cuda_graph_compute: CUDA graph warmup reset
ggml_backend_cuda_graph_compute: CUDA graph warmup complete
ggml_backend_cuda_graph_compute: CUDA graph warmup reset
ggml_backend_cuda_graph_compute: CUDA graph warmup reset
ggml_backend_cuda_graph_compute: CUDA graph warmup reset
ggml_backend_cuda_graph_compute: CUDA graph warmup reset
ggml_backend_cuda_graph_compute: CUDA graph warmup reset
ggml_backend_cuda_graph_compute: CUDA graph warmup reset
ggml_backend_cuda_graph_compute: CUDA graph warmup reset
ggml_backend_cuda_graph_compute: CUDA graph warmup reset
ggml_backend_cuda_graph_compute: CUDA graph warmup reset
ggml_backend_cuda_graph_compute: CUDA graph warmup reset
ggml_backend_cuda_graph_compute: CUDA graph warmup reset
ggml_backend_cuda_graph_compute: CUDA graph warmup reset
ggml_backend_cuda_graph_compute: CUDA graph warmup reset
ggml_backend_cuda_graph_compute: CUDA graph warmup reset
ggml_backend_cuda_graph_compute: CUDA graph warmup reset
ggml_backend_cuda_graph_compute: CUDA graph warmup reset
ggml_backend_cuda_graph_compute: CUDA graph warmup reset
ggml_backend_cuda_graph_compute: CUDA graph warmup reset
ggml_backend_cuda_graph_compute: CUDA graph warmup reset
ggml_backend_cuda_graph_compute: CUDA graph warmup reset
ggml_backend_cuda_graph_compute: CUDA graph warmup reset
ggml_backend_cuda_graph_compute: CUDA graph warmup reset
ggml_backend_cuda_graph_compute: CUDA graph warmup reset
ggml_backend_cuda_graph_compute: CUDA graph warmup reset
ggml_backend_cuda_graph_compute: CUDA graph warmup reset
ggml_backend_cuda_graph_compute: CUDA graph warmup reset
ggml_backend_cuda_graph_compute: CUDA graph warmup reset
ggml_backend_cuda_graph_compute: CUDA graph warmup reset
ggml_backend_cuda_graph_compute: CUDA graph warmup reset
ggml_backend_cuda_graph_compute: CUDA graph warmup reset
ggml_backend_cuda_graph_compute: CUDA graph warmup reset
ggml_backend_cuda_graph_compute: CUDA graph warmup reset
ggml_backend_cuda_graph_compute: CUDA graph warmup reset
ggml_backend_cuda_graph_compute: CUDA graph warmup reset
ggml_backend_cuda_graph_compute: CUDA graph warmup reset
ggml_backend_cuda_graph_compute: CUDA graph warmup reset
ggml_backend_cuda_graph_compute: CUDA graph warmup reset
ggml_backend_cuda_graph_compute: CUDA graph warmup reset
ggml_backend_cuda_graph_compute: CUDA graph warmup reset
ggml_backend_cuda_graph_compute: CUDA graph warmup reset
ggml_backend_cuda_graph_compute: CUDA graph warmup reset
ggml_backend_cuda_graph_compute: CUDA graph warmup reset
ggml_backend_cuda_graph_compute: CUDA graph warmup reset
ggml_backend_cuda_graph_compute: CUDA graph warmup reset
ggml_backend_cuda_graph_compute: CUDA graph warmup reset
ggml_backend_cuda_graph_compute: CUDA graph warmup reset
ggml_backend_cuda_graph_compute: CUDA graph warmup reset
ggml_backend_cuda_graph_compute: CUDA graph warmup reset
CUDA Graph id 10015 reused
ggml_backend_cuda_graph_compute: CUDA graph warmup complete
CUDA Graph id 10017 reused
ggml_backend_cuda_graph_compute: CUDA graph warmup complete
CUDA Graph id 10019 reused
ggml_backend_cuda_graph_compute: CUDA graph warmup complete
CUDA Graph id 10021 reused
ggml_backend_cuda_graph_compute: CUDA graph warmup complete
CUDA Graph id 10023 reused
ggml_backend_cuda_graph_compute: CUDA graph warmup complete
CUDA Graph id 10025 reused
ggml_backend_cuda_graph_compute: CUDA graph warmup complete
CUDA Graph id 10027 reused
ggml_backend_cuda_graph_compute: CUDA graph warmup complete
CUDA Graph id 10029 reused
ggml_backend_cuda_graph_compute: CUDA graph warmup complete
CUDA Graph id 10031 reused
ggml_backend_cuda_graph_compute: CUDA graph warmup complete
CUDA Graph id 10033 reused
ggml_backend_cuda_graph_compute: CUDA graph warmup complete
CUDA Graph id 10035 reused
ggml_backend_cuda_graph_compute: CUDA graph warmup complete
CUDA Graph id 10037 reused
ggml_backend_cuda_graph_compute: CUDA graph warmup complete
CUDA Graph id 10039 reused
ggml_backend_cuda_graph_compute: CUDA graph warmup complete
CUDA Graph id 10041 reused
ggml_backend_cuda_graph_compute: CUDA graph warmup complete
CUDA Graph id 10043 reused
ggml_backend_cuda_graph_compute: CUDA graph warmup complete
CUDA Graph id 10045 reused
ggml_backend_cuda_graph_compute: CUDA graph warmup complete
CUDA Graph id 10047 reused
ggml_backend_cuda_graph_compute: CUDA graph warmup complete
CUDA Graph id 10049 reused
ggml_backend_cuda_graph_compute: CUDA graph warmup complete
CUDA Graph id 10051 reused
ggml_backend_cuda_graph_compute: CUDA graph warmup complete
CUDA Graph id 10053 reused
ggml_backend_cuda_graph_compute: CUDA graph warmup complete
CUDA Graph id 10055 reused
ggml_backend_cuda_graph_compute: CUDA graph warmup complete
CUDA Graph id 10057 reused
ggml_backend_cuda_graph_compute: CUDA graph warmup complete
CUDA Graph id 10059 reused
ggml_backend_cuda_graph_compute: CUDA graph warmup complete
CUDA Graph id 10061 reused
ggml_backend_cuda_graph_compute: CUDA graph warmup complete
CUDA Graph id 10063 reused
ggml_backend_cuda_graph_compute: CUDA graph warmup complete
CUDA Graph id 10065 reused
ggml_backend_cuda_graph_compute: CUDA graph warmup complete
CUDA Graph id 10067 reused
ggml_backend_cuda_graph_compute: CUDA graph warmup complete
CUDA Graph id 10069 reused
ggml_backend_cuda_graph_compute: CUDA graph warmup complete
CUDA Graph id 10071 reused
ggml_backend_cuda_graph_compute: CUDA graph warmup complete
CUDA Graph id 10073 reused
ggml_backend_cuda_graph_compute: CUDA graph warmup complete
CUDA Graph id 10075 reused
ggml_backend_cuda_graph_compute: CUDA graph warmup complete
CUDA Graph id 10077 reused
ggml_backend_cuda_graph_compute: CUDA graph warmup complete
CUDA Graph id 10079 reused
ggml_backend_cuda_graph_compute: CUDA graph warmup complete
CUDA Graph id 10081 reused
ggml_backend_cuda_graph_compute: CUDA graph warmup complete
CUDA Graph id 10083 reused
ggml_backend_cuda_graph_compute: CUDA graph warmup complete
CUDA Graph id 10085 reused
ggml_backend_cuda_graph_compute: CUDA graph warmup complete
CUDA Graph id 10087 reused
ggml_backend_cuda_graph_compute: CUDA graph warmup complete
CUDA Graph id 10089 reused
ggml_backend_cuda_graph_compute: CUDA graph warmup complete
CUDA Graph id 10091 reused
ggml_backend_cuda_graph_compute: CUDA graph warmup complete
CUDA Graph id 10093 reused
ggml_backend_cuda_graph_compute: CUDA graph warmup complete
CUDA Graph id 10095 reused
ggml_backend_cuda_graph_compute: CUDA graph warmup complete
CUDA Graph id 10097 reused
ggml_backend_cuda_graph_compute: CUDA graph warmup complete
CUDA Graph id 10099 reused
ggml_backend_cuda_graph_compute: CUDA graph warmup complete
CUDA Graph id 10101 reused
ggml_backend_cuda_graph_compute: CUDA graph warmup complete
CUDA Graph id 10103 reused
ggml_backend_cuda_graph_compute: CUDA graph warmup complete
CUDA Graph id 10105 reused
ggml_backend_cuda_graph_compute: CUDA graph warmup complete
CUDA Graph id 10107 reused
ggml_backend_cuda_graph_compute: CUDA graph warmup complete
CUDA Graph id 10109 reused
ggml_backend_cuda_graph_compute: CUDA graph warmup complete
CUDA Graph id 10111 reused
ggml_backend_cuda_graph_compute: CUDA graph warmup complete
CUDA Graph id 10015 reused
CUDA Graph id 10017 reused
CUDA Graph id 10019 reused
CUDA Graph id 10021 reused
CUDA Graph id 10023 reused
CUDA Graph id 10025 reused
CUDA Graph id 10027 reused
CUDA Graph id 10029 reused
CUDA Graph id 10031 reused
CUDA Graph id 10033 reused
CUDA Graph id 10035 reused
CUDA Graph id 10037 reused
CUDA Graph id 10039 reused
CUDA Graph id 10041 reused
CUDA Graph id 10043 reused
CUDA Graph id 10045 reused
CUDA Graph id 10047 reused
CUDA Graph id 10049 reused
CUDA Graph id 10051 reused
CUDA Graph id 10053 reused
CUDA Graph id 10055 reused
CUDA Graph id 10057 reused
CUDA Graph id 10059 reused
CUDA Graph id 10061 reused
CUDA Graph id 10063 reused
CUDA Graph id 10065 reused
CUDA Graph id 10067 reused
CUDA Graph id 10069 reused
CUDA Graph id 10071 reused
CUDA Graph id 10073 reused
CUDA Graph id 10075 reused
CUDA Graph id 10077 reused
CUDA Graph id 10079 reused
CUDA Graph id 10081 reused
CUDA Graph id 10083 reused
CUDA Graph id 10085 reused
CUDA Graph id 10087 reused
CUDA Graph id 10089 reused
CUDA Graph id 10091 reused
CUDA Graph id 10093 reused
CUDA Graph id 10095 reused
CUDA Graph id 10097 reused
CUDA Graph id 10099 reused
CUDA Graph id 10101 reused
CUDA Graph id 10103 reused
CUDA Graph id 10105 reused
CUDA Graph id 10107 reused
CUDA Graph id 10109 reused
CUDA Graph id 10111 reused
CUDA Graph id 10015 reused
CUDA Graph id 10017 reused
CUDA Graph id 10019 reused
CUDA Graph id 10021 reused
CUDA Graph id 10023 reused
CUDA Graph id 10025 reused
CUDA Graph id 10027 reused
CUDA Graph id 10029 reused
CUDA Graph id 10031 reused
CUDA Graph id 10033 reused
CUDA Graph id 10035 reused
CUDA Graph id 10037 reused
CUDA Graph id 10039 reused
CUDA Graph id 10041 reused
CUDA Graph id 10043 reused
CUDA Graph id 10045 reused
CUDA Graph id 10047 reused
CUDA Graph id 10049 reused
CUDA Graph id 10051 reused
CUDA Graph id 10053 reused
CUDA Graph id 10055 reused
CUDA Graph id 10057 reused
CUDA Graph id 10059 reused
CUDA Graph id 10061 reused
CUDA Graph id 10063 reused
CUDA Graph id 10065 reused
CUDA Graph id 10067 reused
CUDA Graph id 10069 reused
CUDA Graph id 10071 reused
CUDA Graph id 10073 reused
CUDA Graph id 10075 reused
CUDA Graph id 10077 reused
CUDA Graph id 10079 reused
CUDA Graph id 10081 reused
CUDA Graph id 10083 reused
CUDA Graph id 10085 reused
CUDA Graph id 10087 reused
CUDA Graph id 10089 reused
CUDA Graph id 10091 reused
CUDA Graph id 10093 reused
CUDA Graph id 10095 reused
CUDA Graph id 10097 reused
CUDA Graph id 10099 reused
CUDA Graph id 10101 reused
CUDA Graph id 10103 reused
CUDA Graph id 10105 reused
CUDA Graph id 10107 reused
CUDA Graph id 10109 reused
CUDA Graph id 10111 reused
CUDA Graph id 10015 reused
CUDA Graph id 10017 reused
CUDA Graph id 10019 reused
CUDA Graph id 10021 reused
CUDA Graph id 10023 reused
CUDA Graph id 10025 reused
CUDA Graph id 10027 reused
CUDA Graph id 10029 reused
CUDA Graph id 10031 reused
CUDA Graph id 10033 reused
CUDA Graph id 10035 reused
CUDA Graph id 10037 reused
CUDA Graph id 10039 reused
CUDA Graph id 10041 reused
CUDA Graph id 10043 reused
CUDA Graph id 10045 reused
CUDA Graph id 10047 reused
CUDA Graph id 10049 reused
CUDA Graph id 10051 reused
CUDA Graph id 10053 reused
CUDA Graph id 10055 reused
CUDA Graph id 10057 reused
CUDA Graph id 10059 reused
CUDA Graph id 10061 reused
CUDA Graph id 10063 reused
CUDA Graph id 10065 reused
CUDA Graph id 10067 reused
CUDA Graph id 10069 reused
CUDA Graph id 10071 reused
CUDA Graph id 10073 reused
CUDA Graph id 10075 reused
CUDA Graph id 10077 reused
CUDA Graph id 10079 reused
CUDA Graph id 10081 reused
CUDA Graph id 10083 reused
CUDA Graph id 10085 reused
CUDA Graph id 10087 reused
CUDA Graph id 10089 reused
CUDA Graph id 10091 reused
CUDA Graph id 10093 reused
CUDA Graph id 10095 reused
CUDA Graph id 10097 reused
CUDA Graph id 10099 reused
CUDA Graph id 10101 reused
CUDA Graph id 10103 reused
CUDA Graph id 10105 reused
CUDA Graph id 10107 reused
CUDA Graph id 10109 reused
CUDA Graph id 10111 reused
CUDA Graph id 10015 reused
CUDA Graph id 10017 reused
CUDA Graph id 10019 reused
CUDA Graph id 10021 reused
CUDA Graph id 10023 reused
CUDA Graph id 10025 reused
CUDA Graph id 10027 reused
CUDA Graph id 10029 reused
CUDA Graph id 10031 reused
CUDA Graph id 10033 reused
CUDA Graph id 10035 reused
CUDA Graph id 10037 reused
CUDA Graph id 10039 reused
CUDA Graph id 10041 reused
CUDA Graph id 10043 reused
CUDA Graph id 10045 reused
CUDA Graph id 10047 reused
CUDA Graph id 10049 reused
CUDA Graph id 10051 reused
CUDA Graph id 10053 reused
CUDA Graph id 10055 reused
CUDA Graph id 10057 reused
CUDA Graph id 10059 reused
CUDA Graph id 10061 reused
CUDA Graph id 10063 reused
CUDA Graph id 10065 reused
CUDA Graph id 10067 reused
CUDA Graph id 10069 reused
CUDA Graph id 10071 reused
CUDA Graph id 10073 reused
CUDA Graph id 10075 reused
CUDA Graph id 10077 reused
CUDA Graph id 10079 reused
CUDA Graph id 10081 reused
CUDA Graph id 10083 reused
CUDA Graph id 10085 reused
CUDA Graph id 10087 reused
CUDA Graph id 10089 reused
CUDA Graph id 10091 reused
CUDA Graph id 10093 reused
CUDA Graph id 10095 reused
CUDA Graph id 10097 reused
CUDA Graph id 10099 reused
CUDA Graph id 10101 reused
CUDA Graph id 10103 reused
CUDA Graph id 10105 reused
CUDA Graph id 10107 reused
CUDA Graph id 10109 reused
CUDA Graph id 10111 reused
CUDA Graph id 10015 reused
CUDA Graph id 10017 reused
CUDA Graph id 10019 reused
CUDA Graph id 10021 reused
CUDA Graph id 10023 reused
CUDA Graph id 10025 reused
CUDA Graph id 10027 reused
CUDA Graph id 10029 reused
CUDA Graph id 10031 reused
CUDA Graph id 10033 reused
CUDA Graph id 10035 reused
CUDA Graph id 10037 reused
CUDA Graph id 10039 reused
CUDA Graph id 10041 reused
CUDA Graph id 10043 reused
CUDA Graph id 10045 reused
CUDA Graph id 10047 reused
CUDA Graph id 10049 reused
CUDA Graph id 10051 reused
CUDA Graph id 10053 reused
CUDA Graph id 10055 reused
CUDA Graph id 10057 reused
CUDA Graph id 10059 reused
CUDA Graph id 10061 reused
CUDA Graph id 10063 reused
CUDA Graph id 10065 reused
CUDA Graph id 10067 reused
CUDA Graph id 10069 reused
CUDA Graph id 10071 reused
CUDA Graph id 10073 reused
CUDA Graph id 10075 reused
CUDA Graph id 10077 reused
CUDA Graph id 10079 reused
CUDA Graph id 10081 reused
CUDA Graph id 10083 reused
CUDA Graph id 10085 reused
CUDA Graph id 10087 reused
CUDA Graph id 10089 reused
CUDA Graph id 10091 reused
CUDA Graph id 10093 reused
CUDA Graph id 10095 reused
CUDA Graph id 10097 reused
CUDA Graph id 10099 reused
CUDA Graph id 10101 reused
CUDA Graph id 10103 reused
CUDA Graph id 10105 reused
CUDA Graph id 10107 reused
CUDA Graph id 10109 reused
CUDA Graph id 10111 reused
CUDA Graph id 10015 reused
CUDA Graph id 10017 reused
CUDA Graph id 10019 reused
CUDA Graph id 10021 reused
CUDA Graph id 10023 reused
CUDA Graph id 10025 reused
CUDA Graph id 10027 reused
CUDA Graph id 10029 reused
CUDA Graph id 10031 reused
CUDA Graph id 10033 reused
CUDA Graph id 10035 reused
CUDA Graph id 10037 reused
CUDA Graph id 10039 reused
CUDA Graph id 10041 reused
CUDA Graph id 10043 reused
CUDA Graph id 10045 reused
CUDA Graph id 10047 reused
CUDA Graph id 10049 reused
CUDA Graph id 10051 reused
CUDA Graph id 10053 reused
CUDA Graph id 10055 reused
CUDA Graph id 10057 reused
CUDA Graph id 10059 reused
CUDA Graph id 10061 reused
CUDA Graph id 10063 reused
CUDA Graph id 10065 reused
CUDA Graph id 10067 reused
CUDA Graph id 10069 reused
CUDA Graph id 10071 reused
CUDA Graph id 10073 reused
CUDA Graph id 10075 reused
CUDA Graph id 10077 reused
CUDA Graph id 10079 reused
CUDA Graph id 10081 reused
CUDA Graph id 10083 reused
CUDA Graph id 10085 reused
CUDA Graph id 10087 reused
CUDA Graph id 10089 reused
CUDA Graph id 10091 reused
CUDA Graph id 10093 reused
CUDA Graph id 10095 reused
CUDA Graph id 10097 reused
CUDA Graph id 10099 reused
CUDA Graph id 10101 reused
CUDA Graph id 10103 reused
CUDA Graph id 10105 reused
CUDA Graph id 10107 reused
CUDA Graph id 10109 reused
CUDA Graph id 10111 reused
CUDA Graph id 10015 reused
CUDA Graph id 10017 reused
CUDA Graph id 10019 reused
CUDA Graph id 10021 reused
CUDA Graph id 10023 reused
CUDA Graph id 10025 reused
CUDA Graph id 10027 reused
CUDA Graph id 10029 reused
CUDA Graph id 10031 reused
CUDA Graph id 10033 reused
CUDA Graph id 10035 reused
CUDA Graph id 10037 reused
CUDA Graph id 10039 reused
CUDA Graph id 10041 reused
CUDA Graph id 10043 reused
CUDA Graph id 10045 reused
CUDA Graph id 10047 reused
CUDA Graph id 10049 reused
CUDA Graph id 10051 reused
CUDA Graph id 10053 reused
CUDA Graph id 10055 reused
CUDA Graph id 10057 reused
CUDA Graph id 10059 reused
CUDA Graph id 10061 reused
CUDA Graph id 10063 reused
CUDA Graph id 10065 reused
CUDA Graph id 10067 reused
CUDA Graph id 10069 reused
CUDA Graph id 10071 reused
CUDA Graph id 10073 reused
CUDA Graph id 10075 reused
CUDA Graph id 10077 reused
CUDA Graph id 10079 reused
CUDA Graph id 10081 reused
CUDA Graph id 10083 reused
CUDA Graph id 10085 reused
CUDA Graph id 10087 reused
CUDA Graph id 10089 reused
CUDA Graph id 10091 reused
CUDA Graph id 10093 reused
CUDA Graph id 10095 reused
CUDA Graph id 10097 reused
CUDA Graph id 10099 reused
CUDA Graph id 10101 reused
CUDA Graph id 10103 reused
CUDA Graph id 10105 reused
CUDA Graph id 10107 reused
CUDA Graph id 10109 reused
CUDA Graph id 10111 reused
CUDA Graph id 10015 reused
CUDA Graph id 10017 reused
CUDA Graph id 10019 reused
CUDA Graph id 10021 reused
CUDA Graph id 10023 reused
CUDA Graph id 10025 reused
CUDA Graph id 10027 reused
CUDA Graph id 10029 reused
CUDA Graph id 10031 reused
CUDA Graph id 10033 reused
CUDA Graph id 10035 reused
CUDA Graph id 10037 reused
CUDA Graph id 10039 reused
CUDA Graph id 10041 reused
CUDA Graph id 10043 reused
CUDA Graph id 10045 reused
CUDA Graph id 10047 reused
CUDA Graph id 10049 reused
CUDA Graph id 10051 reused
CUDA Graph id 10053 reused
CUDA Graph id 10055 reused
CUDA Graph id 10057 reused
CUDA Graph id 10059 reused
CUDA Graph id 10061 reused
CUDA Graph id 10063 reused
CUDA Graph id 10065 reused
CUDA Graph id 10067 reused
CUDA Graph id 10069 reused
CUDA Graph id 10071 reused
CUDA Graph id 10073 reused
CUDA Graph id 10075 reused
CUDA Graph id 10077 reused
CUDA Graph id 10079 reused
CUDA Graph id 10081 reused
CUDA Graph id 10083 reused
CUDA Graph id 10085 reused
CUDA Graph id 10087 reused
CUDA Graph id 10089 reused
CUDA Graph id 10091 reused
CUDA Graph id 10093 reused
CUDA Graph id 10095 reused
CUDA Graph id 10097 reused
CUDA Graph id 10099 reused
CUDA Graph id 10101 reused
CUDA Graph id 10103 reused
CUDA Graph id 10105 reused
CUDA Graph id 10107 reused
CUDA Graph id 10109 reused
CUDA Graph id 10111 reused
CUDA Graph id 10015 reused
CUDA Graph id 10017 reused
CUDA Graph id 10019 reused
CUDA Graph id 10021 reused
CUDA Graph id 10023 reused
CUDA Graph id 10025 reused
CUDA Graph id 10027 reused
CUDA Graph id 10029 reused
CUDA Graph id 10031 reused
CUDA Graph id 10033 reused
CUDA Graph id 10035 reused
CUDA Graph id 10037 reused
CUDA Graph id 10039 reused
CUDA Graph id 10041 reused
CUDA Graph id 10043 reused
CUDA Graph id 10045 reused
CUDA Graph id 10047 reused
CUDA Graph id 10049 reused
CUDA Graph id 10051 reused
CUDA Graph id 10053 reused
CUDA Graph id 10055 reused
CUDA Graph id 10057 reused
CUDA Graph id 10059 reused
CUDA Graph id 10061 reused
CUDA Graph id 10063 reused
CUDA Graph id 10065 reused
CUDA Graph id 10067 reused
CUDA Graph id 10069 reused
CUDA Graph id 10071 reused
CUDA Graph id 10073 reused
CUDA Graph id 10075 reused
CUDA Graph id 10077 reused
CUDA Graph id 10079 reused
CUDA Graph id 10081 reused
CUDA Graph id 10083 reused
CUDA Graph id 10085 reused
CUDA Graph id 10087 reused
CUDA Graph id 10089 reused
CUDA Graph id 10091 reused
CUDA Graph id 10093 reused
CUDA Graph id 10095 reused
CUDA Graph id 10097 reused
CUDA Graph id 10099 reused
CUDA Graph id 10101 reused
CUDA Graph id 10103 reused
CUDA Graph id 10105 reused
CUDA Graph id 10107 reused
CUDA Graph id 10109 reused
CUDA Graph id 10111 reused
CUDA Graph id 10015 reused
CUDA Graph id 10017 reused
CUDA Graph id 10019 reused
CUDA Graph id 10021 reused
CUDA Graph id 10023 reused
CUDA Graph id 10025 reused
CUDA Graph id 10027 reused
CUDA Graph id 10029 reused
CUDA Graph id 10031 reused
CUDA Graph id 10033 reused
CUDA Graph id 10035 reused
CUDA Graph id 10037 reused
CUDA Graph id 10039 reused
CUDA Graph id 10041 reused
CUDA Graph id 10043 reused
CUDA Graph id 10045 reused
CUDA Graph id 10047 reused
CUDA Graph id 10049 reused
CUDA Graph id 10051 reused
CUDA Graph id 10053 reused
CUDA Graph id 10055 reused
CUDA Graph id 10057 reused
CUDA Graph id 10059 reused
CUDA Graph id 10061 reused
CUDA Graph id 10063 reused
CUDA Graph id 10065 reused
CUDA Graph id 10067 reused
CUDA Graph id 10069 reused
CUDA Graph id 10071 reused
CUDA Graph id 10073 reused
CUDA Graph id 10075 reused
CUDA Graph id 10077 reused
CUDA Graph id 10079 reused
CUDA Graph id 10081 reused
CUDA Graph id 10083 reused
CUDA Graph id 10085 reused
CUDA Graph id 10087 reused
CUDA Graph id 10089 reused
CUDA Graph id 10091 reused
CUDA Graph id 10093 reused
CUDA Graph id 10095 reused
CUDA Graph id 10097 reused
CUDA Graph id 10099 reused
CUDA Graph id 10101 reused
CUDA Graph id 10103 reused
CUDA Graph id 10105 reused
CUDA Graph id 10107 reused
CUDA Graph id 10109 reused
CUDA Graph id 10111 reused
CUDA Graph id 10015 reused
CUDA Graph id 10017 reused
CUDA Graph id 10019 reused
CUDA Graph id 10021 reused
CUDA Graph id 10023 reused
CUDA Graph id 10025 reused
CUDA Graph id 10027 reused
CUDA Graph id 10029 reused
CUDA Graph id 10031 reused
CUDA Graph id 10033 reused
CUDA Graph id 10035 reused
CUDA Graph id 10037 reused
CUDA Graph id 10039 reused
CUDA Graph id 10041 reused
CUDA Graph id 10043 reused
CUDA Graph id 10045 reused
CUDA Graph id 10047 reused
CUDA Graph id 10049 reused
CUDA Graph id 10051 reused
CUDA Graph id 10053 reused
CUDA Graph id 10055 reused
CUDA Graph id 10057 reused
CUDA Graph id 10059 reused
CUDA Graph id 10061 reused
CUDA Graph id 10063 reused
CUDA Graph id 10065 reused
CUDA Graph id 10067 reused
CUDA Graph id 10069 reused
CUDA Graph id 10071 reused
CUDA Graph id 10073 reused
CUDA Graph id 10075 reused
CUDA Graph id 10077 reused
CUDA Graph id 10079 reused
CUDA Graph id 10081 reused
CUDA Graph id 10083 reused
CUDA Graph id 10085 reused
CUDA Graph id 10087 reused
CUDA Graph id 10089 reused
CUDA Graph id 10091 reused
CUDA Graph id 10093 reused
CUDA Graph id 10095 reused
CUDA Graph id 10097 reused
CUDA Graph id 10099 reused
CUDA Graph id 10101 reused
CUDA Graph id 10103 reused
CUDA Graph id 10105 reused
CUDA Graph id 10107 reused
CUDA Graph id 10109 reused
CUDA Graph id 10111 reused
CUDA Graph id 10015 reused
CUDA Graph id 10017 reused
CUDA Graph id 10019 reused
CUDA Graph id 10021 reused
CUDA Graph id 10023 reused
CUDA Graph id 10025 reused
CUDA Graph id 10027 reused
CUDA Graph id 10029 reused
CUDA Graph id 10031 reused
CUDA Graph id 10033 reused
CUDA Graph id 10035 reused
CUDA Graph id 10037 reused
CUDA Graph id 10039 reused
CUDA Graph id 10041 reused
CUDA Graph id 10043 reused
CUDA Graph id 10045 reused
CUDA Graph id 10047 reused
CUDA Graph id 10049 reused
CUDA Graph id 10051 reused
CUDA Graph id 10053 reused
CUDA Graph id 10055 reused
CUDA Graph id 10057 reused
CUDA Graph id 10059 reused
CUDA Graph id 10061 reused
CUDA Graph id 10063 reused
CUDA Graph id 10065 reused
CUDA Graph id 10067 reused
CUDA Graph id 10069 reused
CUDA Graph id 10071 reused
CUDA Graph id 10073 reused
CUDA Graph id 10075 reused
CUDA Graph id 10077 reused
CUDA Graph id 10079 reused
CUDA Graph id 10081 reused
CUDA Graph id 10083 reused
CUDA Graph id 10085 reused
CUDA Graph id 10087 reused
CUDA Graph id 10089 reused
CUDA Graph id 10091 reused
CUDA Graph id 10093 reused
CUDA Graph id 10095 reused
CUDA Graph id 10097 reused
CUDA Graph id 10099 reused
CUDA Graph id 10101 reused
CUDA Graph id 10103 reused
CUDA Graph id 10105 reused
CUDA Graph id 10107 reused
CUDA Graph id 10109 reused
CUDA Graph id 10111 reused
CUDA Graph id 10015 reused
CUDA Graph id 10017 reused
CUDA Graph id 10019 reused
CUDA Graph id 10021 reused
CUDA Graph id 10023 reused
CUDA Graph id 10025 reused
CUDA Graph id 10027 reused
CUDA Graph id 10029 reused
CUDA Graph id 10031 reused
CUDA Graph id 10033 reused
CUDA Graph id 10035 reused
CUDA Graph id 10037 reused
CUDA Graph id 10039 reused
CUDA Graph id 10041 reused
CUDA Graph id 10043 reused
CUDA Graph id 10045 reused
CUDA Graph id 10047 reused
CUDA Graph id 10049 reused
CUDA Graph id 10051 reused
CUDA Graph id 10053 reused
CUDA Graph id 10055 reused
CUDA Graph id 10057 reused
CUDA Graph id 10059 reused
CUDA Graph id 10061 reused
CUDA Graph id 10063 reused
CUDA Graph id 10065 reused
CUDA Graph id 10067 reused
CUDA Graph id 10069 reused
CUDA Graph id 10071 reused
CUDA Graph id 10073 reused
CUDA Graph id 10075 reused
CUDA Graph id 10077 reused
CUDA Graph id 10079 reused
CUDA Graph id 10081 reused
CUDA Graph id 10083 reused
CUDA Graph id 10085 reused
CUDA Graph id 10087 reused
CUDA Graph id 10089 reused
CUDA Graph id 10091 reused
CUDA Graph id 10093 reused
CUDA Graph id 10095 reused
CUDA Graph id 10097 reused
CUDA Graph id 10099 reused
CUDA Graph id 10101 reused
CUDA Graph id 10103 reused
CUDA Graph id 10105 reused
CUDA Graph id 10107 reused
CUDA Graph id 10109 reused
CUDA Graph id 10111 reused
CUDA Graph id 10015 reused
CUDA Graph id 10017 reused
CUDA Graph id 10019 reused
CUDA Graph id 10021 reused
CUDA Graph id 10023 reused
CUDA Graph id 10025 reused
CUDA Graph id 10027 reused
CUDA Graph id 10029 reused
CUDA Graph id 10031 reused
CUDA Graph id 10033 reused
CUDA Graph id 10035 reused
CUDA Graph id 10037 reused
CUDA Graph id 10039 reused
CUDA Graph id 10041 reused
CUDA Graph id 10043 reused
CUDA Graph id 10045 reused
CUDA Graph id 10047 reused
CUDA Graph id 10049 reused
CUDA Graph id 10051 reused
CUDA Graph id 10053 reused
CUDA Graph id 10055 reused
CUDA Graph id 10057 reused
CUDA Graph id 10059 reused
CUDA Graph id 10061 reused
CUDA Graph id 10063 reused
CUDA Graph id 10065 reused
CUDA Graph id 10067 reused
CUDA Graph id 10069 reused
CUDA Graph id 10071 reused
CUDA Graph id 10073 reused
CUDA Graph id 10075 reused
CUDA Graph id 10077 reused
CUDA Graph id 10079 reused
CUDA Graph id 10081 reused
CUDA Graph id 10083 reused
CUDA Graph id 10085 reused
CUDA Graph id 10087 reused
CUDA Graph id 10089 reused
CUDA Graph id 10091 reused
CUDA Graph id 10093 reused
CUDA Graph id 10095 reused
CUDA Graph id 10097 reused
CUDA Graph id 10099 reused
CUDA Graph id 10101 reused
CUDA Graph id 10103 reused
CUDA Graph id 10105 reused
CUDA Graph id 10107 reused
CUDA Graph id 10109 reused
CUDA Graph id 10111 reused
CUDA Graph id 10015 reused
CUDA Graph id 10017 reused
CUDA Graph id 10019 reused
CUDA Graph id 10021 reused
CUDA Graph id 10023 reused
CUDA Graph id 10025 reused
CUDA Graph id 10027 reused
CUDA Graph id 10029 reused
CUDA Graph id 10031 reused
CUDA Graph id 10033 reused
CUDA Graph id 10035 reused
CUDA Graph id 10037 reused
CUDA Graph id 10039 reused
CUDA Graph id 10041 reused
CUDA Graph id 10043 reused
CUDA Graph id 10045 reused
CUDA Graph id 10047 reused
CUDA Graph id 10049 reused
CUDA Graph id 10051 reused
CUDA Graph id 10053 reused
CUDA Graph id 10055 reused
CUDA Graph id 10057 reused
CUDA Graph id 10059 reused
CUDA Graph id 10061 reused
CUDA Graph id 10063 reused
CUDA Graph id 10065 reused
CUDA Graph id 10067 reused
CUDA Graph id 10069 reused
CUDA Graph id 10071 reused
CUDA Graph id 10073 reused
CUDA Graph id 10075 reused
CUDA Graph id 10077 reused
CUDA Graph id 10079 reused
CUDA Graph id 10081 reused
CUDA Graph id 10083 reused
CUDA Graph id 10085 reused
CUDA Graph id 10087 reused
CUDA Graph id 10089 reused
CUDA Graph id 10091 reused
CUDA Graph id 10093 reused
CUDA Graph id 10095 reused
CUDA Graph id 10097 reused
CUDA Graph id 10099 reused
CUDA Graph id 10101 reused
CUDA Graph id 10103 reused
CUDA Graph id 10105 reused
CUDA Graph id 10107 reused
CUDA Graph id 10109 reused
CUDA Graph id 10111 reused
CUDA Graph id 10015 reused
CUDA Graph id 10017 reused
CUDA Graph id 10019 reused
CUDA Graph id 10021 reused
CUDA Graph id 10023 reused
CUDA Graph id 10025 reused
CUDA Graph id 10027 reused
CUDA Graph id 10029 reused
CUDA Graph id 10031 reused
CUDA Graph id 10033 reused
CUDA Graph id 10035 reused
CUDA Graph id 10037 reused
CUDA Graph id 10039 reused
CUDA Graph id 10041 reused
CUDA Graph id 10043 reused
CUDA Graph id 10045 reused
CUDA Graph id 10047 reused
CUDA Graph id 10049 reused
CUDA Graph id 10051 reused
CUDA Graph id 10053 reused
CUDA Graph id 10055 reused
CUDA Graph id 10057 reused
CUDA Graph id 10059 reused
CUDA Graph id 10061 reused
CUDA Graph id 10063 reused
CUDA Graph id 10065 reused
CUDA Graph id 10067 reused
CUDA Graph id 10069 reused
CUDA Graph id 10071 reused
CUDA Graph id 10073 reused
CUDA Graph id 10075 reused
CUDA Graph id 10077 reused
CUDA Graph id 10079 reused
CUDA Graph id 10081 reused
CUDA Graph id 10083 reused
CUDA Graph id 10085 reused
CUDA Graph id 10087 reused
CUDA Graph id 10089 reused
CUDA Graph id 10091 reused
CUDA Graph id 10093 reused
CUDA Graph id 10095 reused
CUDA Graph id 10097 reused
CUDA Graph id 10099 reused
CUDA Graph id 10101 reused
CUDA Graph id 10103 reused
CUDA Graph id 10105 reused
CUDA Graph id 10107 reused
CUDA Graph id 10109 reused
CUDA Graph id 10111 reused
CUDA Graph id 10015 reused
CUDA Graph id 10017 reused
CUDA Graph id 10019 reused
CUDA Graph id 10021 reused
CUDA Graph id 10023 reused
CUDA Graph id 10025 reused
CUDA Graph id 10027 reused
CUDA Graph id 10029 reused
CUDA Graph id 10031 reused
CUDA Graph id 10033 reused
CUDA Graph id 10035 reused
CUDA Graph id 10037 reused
CUDA Graph id 10039 reused
CUDA Graph id 10041 reused
CUDA Graph id 10043 reused
CUDA Graph id 10045 reused
CUDA Graph id 10047 reused
CUDA Graph id 10049 reused
CUDA Graph id 10051 reused
CUDA Graph id 10053 reused
CUDA Graph id 10055 reused
CUDA Graph id 10057 reused
CUDA Graph id 10059 reused
CUDA Graph id 10061 reused
CUDA Graph id 10063 reused
CUDA Graph id 10065 reused
CUDA Graph id 10067 reused
CUDA Graph id 10069 reused
CUDA Graph id 10071 reused
CUDA Graph id 10073 reused
CUDA Graph id 10075 reused
CUDA Graph id 10077 reused
CUDA Graph id 10079 reused
CUDA Graph id 10081 reused
CUDA Graph id 10083 reused
CUDA Graph id 10085 reused
CUDA Graph id 10087 reused
CUDA Graph id 10089 reused
CUDA Graph id 10091 reused
CUDA Graph id 10093 reused
CUDA Graph id 10095 reused
CUDA Graph id 10097 reused
CUDA Graph id 10099 reused
CUDA Graph id 10101 reused
CUDA Graph id 10103 reused
CUDA Graph id 10105 reused
CUDA Graph id 10107 reused
CUDA Graph id 10109 reused
CUDA Graph id 10111 reused
CUDA Graph id 10015 reused
CUDA Graph id 10017 reused
CUDA Graph id 10019 reused
CUDA Graph id 10021 reused
CUDA Graph id 10023 reused
CUDA Graph id 10025 reused
CUDA Graph id 10027 reused
CUDA Graph id 10029 reused
CUDA Graph id 10031 reused
CUDA Graph id 10033 reused
CUDA Graph id 10035 reused
CUDA Graph id 10037 reused
CUDA Graph id 10039 reused
CUDA Graph id 10041 reused
CUDA Graph id 10043 reused
CUDA Graph id 10045 reused
CUDA Graph id 10047 reused
CUDA Graph id 10049 reused
CUDA Graph id 10051 reused
CUDA Graph id 10053 reused
CUDA Graph id 10055 reused
CUDA Graph id 10057 reused
CUDA Graph id 10059 reused
CUDA Graph id 10061 reused
CUDA Graph id 10063 reused
CUDA Graph id 10065 reused
CUDA Graph id 10067 reused
CUDA Graph id 10069 reused
CUDA Graph id 10071 reused
CUDA Graph id 10073 reused
CUDA Graph id 10075 reused
CUDA Graph id 10077 reused
CUDA Graph id 10079 reused
CUDA Graph id 10081 reused
CUDA Graph id 10083 reused
CUDA Graph id 10085 reused
CUDA Graph id 10087 reused
CUDA Graph id 10089 reused
CUDA Graph id 10091 reused
CUDA Graph id 10093 reused
CUDA Graph id 10095 reused
CUDA Graph id 10097 reused
CUDA Graph id 10099 reused
CUDA Graph id 10101 reused
CUDA Graph id 10103 reused
CUDA Graph id 10105 reused
CUDA Graph id 10107 reused
CUDA Graph id 10109 reused
CUDA Graph id 10111 reused
CUDA Graph id 10015 reused
CUDA Graph id 10017 reused
CUDA Graph id 10019 reused
CUDA Graph id 10021 reused
CUDA Graph id 10023 reused
CUDA Graph id 10025 reused
CUDA Graph id 10027 reused
CUDA Graph id 10029 reused
CUDA Graph id 10031 reused
CUDA Graph id 10033 reused
CUDA Graph id 10035 reused
CUDA Graph id 10037 reused
CUDA Graph id 10039 reused
CUDA Graph id 10041 reused
CUDA Graph id 10043 reused
CUDA Graph id 10045 reused
CUDA Graph id 10047 reused
CUDA Graph id 10049 reused
CUDA Graph id 10051 reused
CUDA Graph id 10053 reused
CUDA Graph id 10055 reused
CUDA Graph id 10057 reused
CUDA Graph id 10059 reused
CUDA Graph id 10061 reused
CUDA Graph id 10063 reused
CUDA Graph id 10065 reused
CUDA Graph id 10067 reused
CUDA Graph id 10069 reused
CUDA Graph id 10071 reused
CUDA Graph id 10073 reused
CUDA Graph id 10075 reused
CUDA Graph id 10077 reused
CUDA Graph id 10079 reused
CUDA Graph id 10081 reused
CUDA Graph id 10083 reused
CUDA Graph id 10085 reused
CUDA Graph id 10087 reused
CUDA Graph id 10089 reused
CUDA Graph id 10091 reused
CUDA Graph id 10093 reused
CUDA Graph id 10095 reused
CUDA Graph id 10097 reused
CUDA Graph id 10099 reused
CUDA Graph id 10101 reused
CUDA Graph id 10103 reused
CUDA Graph id 10105 reused
CUDA Graph id 10107 reused
CUDA Graph id 10109 reused
CUDA Graph id 10111 reused
CUDA Graph id 10015 reused
CUDA Graph id 10017 reused
CUDA Graph id 10019 reused
CUDA Graph id 10021 reused
CUDA Graph id 10023 reused
CUDA Graph id 10025 reused
CUDA Graph id 10027 reused
CUDA Graph id 10029 reused
CUDA Graph id 10031 reused
CUDA Graph id 10033 reused
CUDA Graph id 10035 reused
CUDA Graph id 10037 reused
CUDA Graph id 10039 reused
CUDA Graph id 10041 reused
CUDA Graph id 10043 reused
CUDA Graph id 10045 reused
CUDA Graph id 10047 reused
CUDA Graph id 10049 reused
CUDA Graph id 10051 reused
CUDA Graph id 10053 reused
CUDA Graph id 10055 reused
CUDA Graph id 10057 reused
CUDA Graph id 10059 reused
CUDA Graph id 10061 reused
CUDA Graph id 10063 reused
CUDA Graph id 10065 reused
CUDA Graph id 10067 reused
CUDA Graph id 10069 reused
CUDA Graph id 10071 reused
CUDA Graph id 10073 reused
CUDA Graph id 10075 reused
CUDA Graph id 10077 reused
CUDA Graph id 10079 reused
CUDA Graph id 10081 reused
CUDA Graph id 10083 reused
CUDA Graph id 10085 reused
CUDA Graph id 10087 reused
CUDA Graph id 10089 reused
CUDA Graph id 10091 reused
CUDA Graph id 10093 reused
CUDA Graph id 10095 reused
CUDA Graph id 10097 reused
CUDA Graph id 10099 reused
CUDA Graph id 10101 reused
CUDA Graph id 10103 reused
CUDA Graph id 10105 reused
CUDA Graph id 10107 reused
CUDA Graph id 10109 reused
CUDA Graph id 10111 reused
CUDA Graph id 10015 reused
CUDA Graph id 10017 reused
CUDA Graph id 10019 reused
CUDA Graph id 10021 reused
CUDA Graph id 10023 reused
CUDA Graph id 10025 reused
CUDA Graph id 10027 reused
CUDA Graph id 10029 reused
CUDA Graph id 10031 reused
CUDA Graph id 10033 reused
CUDA Graph id 10035 reused
CUDA Graph id 10037 reused
CUDA Graph id 10039 reused
CUDA Graph id 10041 reused
CUDA Graph id 10043 reused
CUDA Graph id 10045 reused
CUDA Graph id 10047 reused
CUDA Graph id 10049 reused
CUDA Graph id 10051 reused
CUDA Graph id 10053 reused
CUDA Graph id 10055 reused
CUDA Graph id 10057 reused
CUDA Graph id 10059 reused
CUDA Graph id 10061 reused
CUDA Graph id 10063 reused
CUDA Graph id 10065 reused
CUDA Graph id 10067 reused
CUDA Graph id 10069 reused
CUDA Graph id 10071 reused
CUDA Graph id 10073 reused
CUDA Graph id 10075 reused
CUDA Graph id 10077 reused
CUDA Graph id 10079 reused
CUDA Graph id 10081 reused
CUDA Graph id 10083 reused
CUDA Graph id 10085 reused
CUDA Graph id 10087 reused
CUDA Graph id 10089 reused
CUDA Graph id 10091 reused
CUDA Graph id 10093 reused
CUDA Graph id 10095 reused
CUDA Graph id 10097 reused
CUDA Graph id 10099 reused
CUDA Graph id 10101 reused
CUDA Graph id 10103 reused
CUDA Graph id 10105 reused
CUDA Graph id 10107 reused
CUDA Graph id 10109 reused
CUDA Graph id 10111 reused
CUDA Graph id 10015 reused
CUDA Graph id 10017 reused
CUDA Graph id 10019 reused
CUDA Graph id 10021 reused
CUDA Graph id 10023 reused
CUDA Graph id 10025 reused
CUDA Graph id 10027 reused
CUDA Graph id 10029 reused
CUDA Graph id 10031 reused
CUDA Graph id 10033 reused
CUDA Graph id 10035 reused
CUDA Graph id 10037 reused
CUDA Graph id 10039 reused
CUDA Graph id 10041 reused
CUDA Graph id 10043 reused
CUDA Graph id 10045 reused
CUDA Graph id 10047 reused
CUDA Graph id 10049 reused
CUDA Graph id 10051 reused
CUDA Graph id 10053 reused
CUDA Graph id 10055 reused
CUDA Graph id 10057 reused
CUDA Graph id 10059 reused
CUDA Graph id 10061 reused
CUDA Graph id 10063 reused
CUDA Graph id 10065 reused
CUDA Graph id 10067 reused
CUDA Graph id 10069 reused
CUDA Graph id 10071 reused
CUDA Graph id 10073 reused
CUDA Graph id 10075 reused
CUDA Graph id 10077 reused
CUDA Graph id 10079 reused
CUDA Graph id 10081 reused
CUDA Graph id 10083 reused
CUDA Graph id 10085 reused
CUDA Graph id 10087 reused
CUDA Graph id 10089 reused
CUDA Graph id 10091 reused
CUDA Graph id 10093 reused
CUDA Graph id 10095 reused
CUDA Graph id 10097 reused
CUDA Graph id 10099 reused
CUDA Graph id 10101 reused
CUDA Graph id 10103 reused
CUDA Graph id 10105 reused
CUDA Graph id 10107 reused
CUDA Graph id 10109 reused
CUDA Graph id 10111 reused
CUDA Graph id 10015 reused
CUDA Graph id 10017 reused
CUDA Graph id 10019 reused
CUDA Graph id 10021 reused
CUDA Graph id 10023 reused
CUDA Graph id 10025 reused
CUDA Graph id 10027 reused
CUDA Graph id 10029 reused
CUDA Graph id 10031 reused
CUDA Graph id 10033 reused
CUDA Graph id 10035 reused
CUDA Graph id 10037 reused
CUDA Graph id 10039 reused
CUDA Graph id 10041 reused
CUDA Graph id 10043 reused
CUDA Graph id 10045 reused
CUDA Graph id 10047 reused
CUDA Graph id 10049 reused
CUDA Graph id 10051 reused
CUDA Graph id 10053 reused
CUDA Graph id 10055 reused
CUDA Graph id 10057 reused
CUDA Graph id 10059 reused
CUDA Graph id 10061 reused
CUDA Graph id 10063 reused
CUDA Graph id 10065 reused
CUDA Graph id 10067 reused
CUDA Graph id 10069 reused
CUDA Graph id 10071 reused
CUDA Graph id 10073 reused
CUDA Graph id 10075 reused
CUDA Graph id 10077 reused
CUDA Graph id 10079 reused
CUDA Graph id 10081 reused
CUDA Graph id 10083 reused
CUDA Graph id 10085 reused
CUDA Graph id 10087 reused
CUDA Graph id 10089 reused
CUDA Graph id 10091 reused
CUDA Graph id 10093 reused
CUDA Graph id 10095 reused
CUDA Graph id 10097 reused
CUDA Graph id 10099 reused
CUDA Graph id 10101 reused
CUDA Graph id 10103 reused
CUDA Graph id 10105 reused
CUDA Graph id 10107 reused
CUDA Graph id 10109 reused
CUDA Graph id 10111 reused
CUDA Graph id 10015 reused
CUDA Graph id 10017 reused
CUDA Graph id 10019 reused
CUDA Graph id 10021 reused
CUDA Graph id 10023 reused
CUDA Graph id 10025 reused
CUDA Graph id 10027 reused
CUDA Graph id 10029 reused
CUDA Graph id 10031 reused
CUDA Graph id 10033 reused
CUDA Graph id 10035 reused
CUDA Graph id 10037 reused
CUDA Graph id 10039 reused
CUDA Graph id 10041 reused
CUDA Graph id 10043 reused
CUDA Graph id 10045 reused
CUDA Graph id 10047 reused
CUDA Graph id 10049 reused
CUDA Graph id 10051 reused
CUDA Graph id 10053 reused
CUDA Graph id 10055 reused
CUDA Graph id 10057 reused
CUDA Graph id 10059 reused
CUDA Graph id 10061 reused
CUDA Graph id 10063 reused
CUDA Graph id 10065 reused
CUDA Graph id 10067 reused
CUDA Graph id 10069 reused
CUDA Graph id 10071 reused
CUDA Graph id 10073 reused
CUDA Graph id 10075 reused
CUDA Graph id 10077 reused
CUDA Graph id 10079 reused
CUDA Graph id 10081 reused
CUDA Graph id 10083 reused
CUDA Graph id 10085 reused
CUDA Graph id 10087 reused
CUDA Graph id 10089 reused
CUDA Graph id 10091 reused
CUDA Graph id 10093 reused
CUDA Graph id 10095 reused
CUDA Graph id 10097 reused
CUDA Graph id 10099 reused
CUDA Graph id 10101 reused
CUDA Graph id 10103 reused
CUDA Graph id 10105 reused
CUDA Graph id 10107 reused
CUDA Graph id 10109 reused
CUDA Graph id 10111 reused
CUDA Graph id 10015 reused
CUDA Graph id 10017 reused
CUDA Graph id 10019 reused
CUDA Graph id 10021 reused
CUDA Graph id 10023 reused
CUDA Graph id 10025 reused
CUDA Graph id 10027 reused
CUDA Graph id 10029 reused
CUDA Graph id 10031 reused
CUDA Graph id 10033 reused
CUDA Graph id 10035 reused
CUDA Graph id 10037 reused
CUDA Graph id 10039 reused
CUDA Graph id 10041 reused
CUDA Graph id 10043 reused
CUDA Graph id 10045 reused
CUDA Graph id 10047 reused
CUDA Graph id 10049 reused
CUDA Graph id 10051 reused
CUDA Graph id 10053 reused
CUDA Graph id 10055 reused
CUDA Graph id 10057 reused
CUDA Graph id 10059 reused
CUDA Graph id 10061 reused
CUDA Graph id 10063 reused
CUDA Graph id 10065 reused
CUDA Graph id 10067 reused
CUDA Graph id 10069 reused
CUDA Graph id 10071 reused
CUDA Graph id 10073 reused
CUDA Graph id 10075 reused
CUDA Graph id 10077 reused
CUDA Graph id 10079 reused
CUDA Graph id 10081 reused
CUDA Graph id 10083 reused
CUDA Graph id 10085 reused
CUDA Graph id 10087 reused
CUDA Graph id 10089 reused
CUDA Graph id 10091 reused
CUDA Graph id 10093 reused
CUDA Graph id 10095 reused
CUDA Graph id 10097 reused
CUDA Graph id 10099 reused
CUDA Graph id 10101 reused
CUDA Graph id 10103 reused
CUDA Graph id 10105 reused
CUDA Graph id 10107 reused
CUDA Graph id 10109 reused
CUDA Graph id 10111 reused
CUDA Graph id 10015 reused
CUDA Graph id 10017 reused
CUDA Graph id 10019 reused
CUDA Graph id 10021 reused
CUDA Graph id 10023 reused
CUDA Graph id 10025 reused
CUDA Graph id 10027 reused
CUDA Graph id 10029 reused
CUDA Graph id 10031 reused
CUDA Graph id 10033 reused
CUDA Graph id 10035 reused
CUDA Graph id 10037 reused
CUDA Graph id 10039 reused
CUDA Graph id 10041 reused
CUDA Graph id 10043 reused
CUDA Graph id 10045 reused
CUDA Graph id 10047 reused
CUDA Graph id 10049 reused
CUDA Graph id 10051 reused
CUDA Graph id 10053 reused
CUDA Graph id 10055 reused
CUDA Graph id 10057 reused
CUDA Graph id 10059 reused
CUDA Graph id 10061 reused
CUDA Graph id 10063 reused
CUDA Graph id 10065 reused
CUDA Graph id 10067 reused
CUDA Graph id 10069 reused
CUDA Graph id 10071 reused
CUDA Graph id 10073 reused
CUDA Graph id 10075 reused
CUDA Graph id 10077 reused
CUDA Graph id 10079 reused
CUDA Graph id 10081 reused
CUDA Graph id 10083 reused
CUDA Graph id 10085 reused
CUDA Graph id 10087 reused
CUDA Graph id 10089 reused
CUDA Graph id 10091 reused
CUDA Graph id 10093 reused
CUDA Graph id 10095 reused
CUDA Graph id 10097 reused
CUDA Graph id 10099 reused
CUDA Graph id 10101 reused
CUDA Graph id 10103 reused
CUDA Graph id 10105 reused
CUDA Graph id 10107 reused
CUDA Graph id 10109 reused
CUDA Graph id 10111 reused
CUDA Graph id 10015 reused
CUDA Graph id 10017 reused
CUDA Graph id 10019 reused
CUDA Graph id 10021 reused
CUDA Graph id 10023 reused
CUDA Graph id 10025 reused
CUDA Graph id 10027 reused
CUDA Graph id 10029 reused
CUDA Graph id 10031 reused
CUDA Graph id 10033 reused
CUDA Graph id 10035 reused
CUDA Graph id 10037 reused
CUDA Graph id 10039 reused
CUDA Graph id 10041 reused
CUDA Graph id 10043 reused
CUDA Graph id 10045 reused
CUDA Graph id 10047 reused
CUDA Graph id 10049 reused
CUDA Graph id 10051 reused
CUDA Graph id 10053 reused
CUDA Graph id 10055 reused
CUDA Graph id 10057 reused
CUDA Graph id 10059 reused
CUDA Graph id 10061 reused
CUDA Graph id 10063 reused
CUDA Graph id 10065 reused
CUDA Graph id 10067 reused
CUDA Graph id 10069 reused
CUDA Graph id 10071 reused
CUDA Graph id 10073 reused
CUDA Graph id 10075 reused
CUDA Graph id 10077 reused
CUDA Graph id 10079 reused
CUDA Graph id 10081 reused
CUDA Graph id 10083 reused
CUDA Graph id 10085 reused
CUDA Graph id 10087 reused
CUDA Graph id 10089 reused
CUDA Graph id 10091 reused
CUDA Graph id 10093 reused
CUDA Graph id 10095 reused
CUDA Graph id 10097 reused
CUDA Graph id 10099 reused
CUDA Graph id 10101 reused
CUDA Graph id 10103 reused
CUDA Graph id 10105 reused
CUDA Graph id 10107 reused
CUDA Graph id 10109 reused
CUDA Graph id 10111 reused
CUDA Graph id 10015 reused
CUDA Graph id 10017 reused
CUDA Graph id 10019 reused
CUDA Graph id 10021 reused
CUDA Graph id 10023 reused
CUDA Graph id 10025 reused
CUDA Graph id 10027 reused
CUDA Graph id 10029 reused
CUDA Graph id 10031 reused
CUDA Graph id 10033 reused
CUDA Graph id 10035 reused
CUDA Graph id 10037 reused
CUDA Graph id 10039 reused
CUDA Graph id 10041 reused
CUDA Graph id 10043 reused
CUDA Graph id 10045 reused
CUDA Graph id 10047 reused
CUDA Graph id 10049 reused
CUDA Graph id 10051 reused
CUDA Graph id 10053 reused
CUDA Graph id 10055 reused
CUDA Graph id 10057 reused
CUDA Graph id 10059 reused
CUDA Graph id 10061 reused
CUDA Graph id 10063 reused
CUDA Graph id 10065 reused
CUDA Graph id 10067 reused
CUDA Graph id 10069 reused
CUDA Graph id 10071 reused
CUDA Graph id 10073 reused
CUDA Graph id 10075 reused
CUDA Graph id 10077 reused
CUDA Graph id 10079 reused
CUDA Graph id 10081 reused
CUDA Graph id 10083 reused
CUDA Graph id 10085 reused
CUDA Graph id 10087 reused
CUDA Graph id 10089 reused
CUDA Graph id 10091 reused
CUDA Graph id 10093 reused
CUDA Graph id 10095 reused
CUDA Graph id 10097 reused
CUDA Graph id 10099 reused
CUDA Graph id 10101 reused
CUDA Graph id 10103 reused
CUDA Graph id 10105 reused
CUDA Graph id 10107 reused
CUDA Graph id 10109 reused
CUDA Graph id 10111 reused
CUDA Graph id 10015 reused
CUDA Graph id 10017 reused
CUDA Graph id 10019 reused
CUDA Graph id 10021 reused
CUDA Graph id 10023 reused
CUDA Graph id 10025 reused
CUDA Graph id 10027 reused
CUDA Graph id 10029 reused
CUDA Graph id 10031 reused
CUDA Graph id 10033 reused
CUDA Graph id 10035 reused
CUDA Graph id 10037 reused
CUDA Graph id 10039 reused
CUDA Graph id 10041 reused
CUDA Graph id 10043 reused
CUDA Graph id 10045 reused
CUDA Graph id 10047 reused
CUDA Graph id 10049 reused
CUDA Graph id 10051 reused
CUDA Graph id 10053 reused
CUDA Graph id 10055 reused
CUDA Graph id 10057 reused
CUDA Graph id 10059 reused
CUDA Graph id 10061 reused
CUDA Graph id 10063 reused
CUDA Graph id 10065 reused
CUDA Graph id 10067 reused
CUDA Graph id 10069 reused
CUDA Graph id 10071 reused
CUDA Graph id 10073 reused
CUDA Graph id 10075 reused
CUDA Graph id 10077 reused
CUDA Graph id 10079 reused
CUDA Graph id 10081 reused
CUDA Graph id 10083 reused
CUDA Graph id 10085 reused
CUDA Graph id 10087 reused
CUDA Graph id 10089 reused
CUDA Graph id 10091 reused
CUDA Graph id 10093 reused
CUDA Graph id 10095 reused
CUDA Graph id 10097 reused
CUDA Graph id 10099 reused
CUDA Graph id 10101 reused
CUDA Graph id 10103 reused
CUDA Graph id 10105 reused
CUDA Graph id 10107 reused
CUDA Graph id 10109 reused
CUDA Graph id 10111 reused
ggml_backend_cuda_graph_compute: CUDA graph warmup reset
ggml_backend_cuda_graph_compute: CUDA graph warmup reset
ggml_backend_cuda_graph_compute: CUDA graph warmup complete
ggml_backend_cuda_graph_compute: CUDA graph warmup reset
ggml_backend_cuda_graph_compute: CUDA graph warmup reset
ggml_backend_cuda_graph_compute: CUDA graph warmup reset
ggml_backend_cuda_graph_compute: CUDA graph warmup reset
ggml_backend_cuda_graph_compute: CUDA graph warmup reset
ggml_backend_cuda_graph_compute: CUDA graph warmup reset
ggml_backend_cuda_graph_compute: CUDA graph warmup reset
ggml_backend_cuda_graph_compute: CUDA graph warmup reset
ggml_backend_cuda_graph_compute: CUDA graph warmup reset
ggml_backend_cuda_graph_compute: CUDA graph warmup reset
ggml_backend_cuda_graph_compute: CUDA graph warmup reset
ggml_backend_cuda_graph_compute: CUDA graph warmup reset
ggml_backend_cuda_graph_compute: CUDA graph warmup reset
ggml_backend_cuda_graph_compute: CUDA graph warmup reset
ggml_backend_cuda_graph_compute: CUDA graph warmup reset
ggml_backend_cuda_graph_compute: CUDA graph warmup reset
ggml_backend_cuda_graph_compute: CUDA graph warmup reset
ggml_backend_cuda_graph_compute: CUDA graph warmup reset
ggml_backend_cuda_graph_compute: CUDA graph warmup reset
ggml_backend_cuda_graph_compute: CUDA graph warmup reset
ggml_backend_cuda_graph_compute: CUDA graph warmup reset
ggml_backend_cuda_graph_compute: CUDA graph warmup reset
ggml_backend_cuda_graph_compute: CUDA graph warmup reset
ggml_backend_cuda_graph_compute: CUDA graph warmup reset
ggml_backend_cuda_graph_compute: CUDA graph warmup reset
ggml_backend_cuda_graph_compute: CUDA graph warmup reset
ggml_backend_cuda_graph_compute: CUDA graph warmup reset
ggml_backend_cuda_graph_compute: CUDA graph warmup reset
ggml_backend_cuda_graph_compute: CUDA graph warmup reset
ggml_backend_cuda_graph_compute: CUDA graph warmup reset
ggml_backend_cuda_graph_compute: CUDA graph warmup reset
ggml_backend_cuda_graph_compute: CUDA graph warmup reset
ggml_backend_cuda_graph_compute: CUDA graph warmup reset
ggml_backend_cuda_graph_compute: CUDA graph warmup reset
ggml_backend_cuda_graph_compute: CUDA graph warmup reset
ggml_backend_cuda_graph_compute: CUDA graph warmup reset
ggml_backend_cuda_graph_compute: CUDA graph warmup reset
ggml_backend_cuda_graph_compute: CUDA graph warmup reset
ggml_backend_cuda_graph_compute: CUDA graph warmup reset
ggml_backend_cuda_graph_compute: CUDA graph warmup reset
ggml_backend_cuda_graph_compute: CUDA graph warmup reset
ggml_backend_cuda_graph_compute: CUDA graph warmup reset
ggml_backend_cuda_graph_compute: CUDA graph warmup reset
ggml_backend_cuda_graph_compute: CUDA graph warmup reset
ggml_backend_cuda_graph_compute: CUDA graph warmup reset
ggml_backend_cuda_graph_compute: CUDA graph warmup reset
ggml_backend_cuda_graph_compute: CUDA graph warmup reset
ggml_backend_cuda_graph_compute: CUDA graph warmup reset
CUDA Graph id 10698 reused
ggml_backend_cuda_graph_compute: CUDA graph warmup complete
CUDA Graph id 10700 reused
ggml_backend_cuda_graph_compute: CUDA graph warmup complete
CUDA Graph id 10702 reused
ggml_backend_cuda_graph_compute: CUDA graph warmup complete
CUDA Graph id 10704 reused
ggml_backend_cuda_graph_compute: CUDA graph warmup complete
CUDA Graph id 10706 reused
ggml_backend_cuda_graph_compute: CUDA graph warmup complete
CUDA Graph id 10708 reused
ggml_backend_cuda_graph_compute: CUDA graph warmup complete
CUDA Graph id 10710 reused
ggml_backend_cuda_graph_compute: CUDA graph warmup complete
CUDA Graph id 10712 reused
ggml_backend_cuda_graph_compute: CUDA graph warmup complete
CUDA Graph id 10714 reused
ggml_backend_cuda_graph_compute: CUDA graph warmup complete
CUDA Graph id 10716 reused
ggml_backend_cuda_graph_compute: CUDA graph warmup complete
CUDA Graph id 10718 reused
ggml_backend_cuda_graph_compute: CUDA graph warmup complete
CUDA Graph id 10720 reused
ggml_backend_cuda_graph_compute: CUDA graph warmup complete
CUDA Graph id 10722 reused
ggml_backend_cuda_graph_compute: CUDA graph warmup complete
CUDA Graph id 10724 reused
ggml_backend_cuda_graph_compute: CUDA graph warmup complete
CUDA Graph id 10726 reused
ggml_backend_cuda_graph_compute: CUDA graph warmup complete
CUDA Graph id 10728 reused
ggml_backend_cuda_graph_compute: CUDA graph warmup complete
CUDA Graph id 10730 reused
ggml_backend_cuda_graph_compute: CUDA graph warmup complete
CUDA Graph id 10732 reused
ggml_backend_cuda_graph_compute: CUDA graph warmup complete
CUDA Graph id 10734 reused
ggml_backend_cuda_graph_compute: CUDA graph warmup complete
CUDA Graph id 10736 reused
ggml_backend_cuda_graph_compute: CUDA graph warmup complete
CUDA Graph id 10738 reused
ggml_backend_cuda_graph_compute: CUDA graph warmup complete
CUDA Graph id 10740 reused
ggml_backend_cuda_graph_compute: CUDA graph warmup complete
CUDA Graph id 10742 reused
ggml_backend_cuda_graph_compute: CUDA graph warmup complete
CUDA Graph id 10744 reused
ggml_backend_cuda_graph_compute: CUDA graph warmup complete
CUDA Graph id 10746 reused
ggml_backend_cuda_graph_compute: CUDA graph warmup complete
CUDA Graph id 10748 reused
ggml_backend_cuda_graph_compute: CUDA graph warmup complete
CUDA Graph id 10750 reused
ggml_backend_cuda_graph_compute: CUDA graph warmup complete
CUDA Graph id 10752 reused
ggml_backend_cuda_graph_compute: CUDA graph warmup complete
CUDA Graph id 10754 reused
ggml_backend_cuda_graph_compute: CUDA graph warmup complete
CUDA Graph id 10756 reused
ggml_backend_cuda_graph_compute: CUDA graph warmup complete
CUDA Graph id 10758 reused
ggml_backend_cuda_graph_compute: CUDA graph warmup complete
CUDA Graph id 10760 reused
ggml_backend_cuda_graph_compute: CUDA graph warmup complete
CUDA Graph id 10762 reused
ggml_backend_cuda_graph_compute: CUDA graph warmup complete
CUDA Graph id 10764 reused
ggml_backend_cuda_graph_compute: CUDA graph warmup complete
CUDA Graph id 10766 reused
ggml_backend_cuda_graph_compute: CUDA graph warmup complete
CUDA Graph id 10768 reused
ggml_backend_cuda_graph_compute: CUDA graph warmup complete
CUDA Graph id 10770 reused
ggml_backend_cuda_graph_compute: CUDA graph warmup complete
CUDA Graph id 10772 reused
ggml_backend_cuda_graph_compute: CUDA graph warmup complete
CUDA Graph id 10774 reused
ggml_backend_cuda_graph_compute: CUDA graph warmup complete
CUDA Graph id 10776 reused
ggml_backend_cuda_graph_compute: CUDA graph warmup complete
CUDA Graph id 10778 reused
ggml_backend_cuda_graph_compute: CUDA graph warmup complete
CUDA Graph id 10780 reused
ggml_backend_cuda_graph_compute: CUDA graph warmup complete
CUDA Graph id 10782 reused
ggml_backend_cuda_graph_compute: CUDA graph warmup complete
CUDA Graph id 10784 reused
ggml_backend_cuda_graph_compute: CUDA graph warmup complete
CUDA Graph id 10786 reused
ggml_backend_cuda_graph_compute: CUDA graph warmup complete
CUDA Graph id 10788 reused
ggml_backend_cuda_graph_compute: CUDA graph warmup complete
CUDA Graph id 10790 reused
ggml_backend_cuda_graph_compute: CUDA graph warmup complete
CUDA Graph id 10792 reused
ggml_backend_cuda_graph_compute: CUDA graph warmup complete
CUDA Graph id 10794 reused
ggml_backend_cuda_graph_compute: CUDA graph warmup complete
CUDA Graph id 10698 reused
CUDA Graph id 10700 reused
CUDA Graph id 10702 reused
CUDA Graph id 10704 reused
CUDA Graph id 10706 reused
CUDA Graph id 10708 reused
CUDA Graph id 10710 reused
CUDA Graph id 10712 reused
CUDA Graph id 10714 reused
CUDA Graph id 10716 reused
CUDA Graph id 10718 reused
CUDA Graph id 10720 reused
CUDA Graph id 10722 reused
CUDA Graph id 10724 reused
CUDA Graph id 10726 reused
CUDA Graph id 10728 reused
CUDA Graph id 10730 reused
CUDA Graph id 10732 reused
CUDA Graph id 10734 reused
CUDA Graph id 10736 reused
CUDA Graph id 10738 reused
CUDA Graph id 10740 reused
CUDA Graph id 10742 reused
CUDA Graph id 10744 reused
CUDA Graph id 10746 reused
CUDA Graph id 10748 reused
CUDA Graph id 10750 reused
CUDA Graph id 10752 reused
CUDA Graph id 10754 reused
CUDA Graph id 10756 reused
CUDA Graph id 10758 reused
CUDA Graph id 10760 reused
CUDA Graph id 10762 reused
CUDA Graph id 10764 reused
CUDA Graph id 10766 reused
CUDA Graph id 10768 reused
CUDA Graph id 10770 reused
CUDA Graph id 10772 reused
CUDA Graph id 10774 reused
CUDA Graph id 10776 reused
CUDA Graph id 10778 reused
CUDA Graph id 10780 reused
CUDA Graph id 10782 reused
CUDA Graph id 10784 reused
CUDA Graph id 10786 reused
CUDA Graph id 10788 reused
CUDA Graph id 10790 reused
CUDA Graph id 10792 reused
CUDA Graph id 10794 reused
CUDA Graph id 10698 reused
CUDA Graph id 10700 reused
CUDA Graph id 10702 reused
CUDA Graph id 10704 reused
CUDA Graph id 10706 reused
CUDA Graph id 10708 reused
CUDA Graph id 10710 reused
CUDA Graph id 10712 reused
CUDA Graph id 10714 reused
CUDA Graph id 10716 reused
CUDA Graph id 10718 reused
CUDA Graph id 10720 reused
CUDA Graph id 10722 reused
CUDA Graph id 10724 reused
CUDA Graph id 10726 reused
CUDA Graph id 10728 reused
CUDA Graph id 10730 reused
CUDA Graph id 10732 reused
CUDA Graph id 10734 reused
CUDA Graph id 10736 reused
CUDA Graph id 10738 reused
CUDA Graph id 10740 reused
CUDA Graph id 10742 reused
CUDA Graph id 10744 reused
CUDA Graph id 10746 reused
CUDA Graph id 10748 reused
CUDA Graph id 10750 reused
CUDA Graph id 10752 reused
CUDA Graph id 10754 reused
CUDA Graph id 10756 reused
CUDA Graph id 10758 reused
CUDA Graph id 10760 reused
CUDA Graph id 10762 reused
CUDA Graph id 10764 reused
CUDA Graph id 10766 reused
CUDA Graph id 10768 reused
CUDA Graph id 10770 reused
CUDA Graph id 10772 reused
CUDA Graph id 10774 reused
CUDA Graph id 10776 reused
CUDA Graph id 10778 reused
CUDA Graph id 10780 reused
CUDA Graph id 10782 reused
CUDA Graph id 10784 reused
CUDA Graph id 10786 reused
CUDA Graph id 10788 reused
CUDA Graph id 10790 reused
CUDA Graph id 10792 reused
CUDA Graph id 10794 reused
CUDA Graph id 10698 reused
CUDA Graph id 10700 reused
CUDA Graph id 10702 reused
CUDA Graph id 10704 reused
CUDA Graph id 10706 reused
CUDA Graph id 10708 reused
CUDA Graph id 10710 reused
CUDA Graph id 10712 reused
CUDA Graph id 10714 reused
CUDA Graph id 10716 reused
CUDA Graph id 10718 reused
CUDA Graph id 10720 reused
CUDA Graph id 10722 reused
CUDA Graph id 10724 reused
CUDA Graph id 10726 reused
CUDA Graph id 10728 reused
CUDA Graph id 10730 reused
CUDA Graph id 10732 reused
CUDA Graph id 10734 reused
CUDA Graph id 10736 reused
CUDA Graph id 10738 reused
CUDA Graph id 10740 reused
CUDA Graph id 10742 reused
CUDA Graph id 10744 reused
CUDA Graph id 10746 reused
CUDA Graph id 10748 reused
CUDA Graph id 10750 reused
CUDA Graph id 10752 reused
CUDA Graph id 10754 reused
CUDA Graph id 10756 reused
CUDA Graph id 10758 reused
CUDA Graph id 10760 reused
CUDA Graph id 10762 reused
CUDA Graph id 10764 reused
CUDA Graph id 10766 reused
CUDA Graph id 10768 reused
CUDA Graph id 10770 reused
CUDA Graph id 10772 reused
CUDA Graph id 10774 reused
CUDA Graph id 10776 reused
CUDA Graph id 10778 reused
CUDA Graph id 10780 reused
CUDA Graph id 10782 reused
CUDA Graph id 10784 reused
CUDA Graph id 10786 reused
CUDA Graph id 10788 reused
CUDA Graph id 10790 reused
CUDA Graph id 10792 reused
CUDA Graph id 10794 reused
CUDA Graph id 10698 reused
CUDA Graph id 10700 reused
CUDA Graph id 10702 reused
CUDA Graph id 10704 reused
CUDA Graph id 10706 reused
CUDA Graph id 10708 reused
CUDA Graph id 10710 reused
CUDA Graph id 10712 reused
CUDA Graph id 10714 reused
CUDA Graph id 10716 reused
CUDA Graph id 10718 reused
CUDA Graph id 10720 reused
CUDA Graph id 10722 reused
CUDA Graph id 10724 reused
CUDA Graph id 10726 reused
CUDA Graph id 10728 reused
CUDA Graph id 10730 reused
CUDA Graph id 10732 reused
CUDA Graph id 10734 reused
CUDA Graph id 10736 reused
CUDA Graph id 10738 reused
CUDA Graph id 10740 reused
CUDA Graph id 10742 reused
CUDA Graph id 10744 reused
CUDA Graph id 10746 reused
CUDA Graph id 10748 reused
CUDA Graph id 10750 reused
CUDA Graph id 10752 reused
CUDA Graph id 10754 reused
CUDA Graph id 10756 reused
CUDA Graph id 10758 reused
CUDA Graph id 10760 reused
CUDA Graph id 10762 reused
CUDA Graph id 10764 reused
CUDA Graph id 10766 reused
CUDA Graph id 10768 reused
CUDA Graph id 10770 reused
CUDA Graph id 10772 reused
CUDA Graph id 10774 reused
CUDA Graph id 10776 reused
CUDA Graph id 10778 reused
CUDA Graph id 10780 reused
CUDA Graph id 10782 reused
CUDA Graph id 10784 reused
CUDA Graph id 10786 reused
CUDA Graph id 10788 reused
CUDA Graph id 10790 reused
CUDA Graph id 10792 reused
CUDA Graph id 10794 reused
CUDA Graph id 10698 reused
CUDA Graph id 10700 reused
CUDA Graph id 10702 reused
CUDA Graph id 10704 reused
CUDA Graph id 10706 reused
CUDA Graph id 10708 reused
CUDA Graph id 10710 reused
CUDA Graph id 10712 reused
CUDA Graph id 10714 reused
CUDA Graph id 10716 reused
CUDA Graph id 10718 reused
CUDA Graph id 10720 reused
CUDA Graph id 10722 reused
CUDA Graph id 10724 reused
CUDA Graph id 10726 reused
CUDA Graph id 10728 reused
CUDA Graph id 10730 reused
CUDA Graph id 10732 reused
CUDA Graph id 10734 reused
CUDA Graph id 10736 reused
CUDA Graph id 10738 reused
CUDA Graph id 10740 reused
CUDA Graph id 10742 reused
CUDA Graph id 10744 reused
CUDA Graph id 10746 reused
CUDA Graph id 10748 reused
CUDA Graph id 10750 reused
CUDA Graph id 10752 reused
CUDA Graph id 10754 reused
CUDA Graph id 10756 reused
CUDA Graph id 10758 reused
CUDA Graph id 10760 reused
CUDA Graph id 10762 reused
CUDA Graph id 10764 reused
CUDA Graph id 10766 reused
CUDA Graph id 10768 reused
CUDA Graph id 10770 reused
CUDA Graph id 10772 reused
CUDA Graph id 10774 reused
CUDA Graph id 10776 reused
CUDA Graph id 10778 reused
CUDA Graph id 10780 reused
CUDA Graph id 10782 reused
CUDA Graph id 10784 reused
CUDA Graph id 10786 reused
CUDA Graph id 10788 reused
CUDA Graph id 10790 reused
CUDA Graph id 10792 reused
CUDA Graph id 10794 reused
CUDA Graph id 10698 reused
CUDA Graph id 10700 reused
CUDA Graph id 10702 reused
CUDA Graph id 10704 reused
CUDA Graph id 10706 reused
CUDA Graph id 10708 reused
CUDA Graph id 10710 reused
CUDA Graph id 10712 reused
CUDA Graph id 10714 reused
CUDA Graph id 10716 reused
CUDA Graph id 10718 reused
CUDA Graph id 10720 reused
CUDA Graph id 10722 reused
CUDA Graph id 10724 reused
CUDA Graph id 10726 reused
CUDA Graph id 10728 reused
CUDA Graph id 10730 reused
CUDA Graph id 10732 reused
CUDA Graph id 10734 reused
CUDA Graph id 10736 reused
CUDA Graph id 10738 reused
CUDA Graph id 10740 reused
CUDA Graph id 10742 reused
CUDA Graph id 10744 reused
CUDA Graph id 10746 reused
CUDA Graph id 10748 reused
CUDA Graph id 10750 reused
CUDA Graph id 10752 reused
CUDA Graph id 10754 reused
CUDA Graph id 10756 reused
CUDA Graph id 10758 reused
CUDA Graph id 10760 reused
CUDA Graph id 10762 reused
CUDA Graph id 10764 reused
CUDA Graph id 10766 reused
CUDA Graph id 10768 reused
CUDA Graph id 10770 reused
CUDA Graph id 10772 reused
CUDA Graph id 10774 reused
CUDA Graph id 10776 reused
CUDA Graph id 10778 reused
CUDA Graph id 10780 reused
CUDA Graph id 10782 reused
CUDA Graph id 10784 reused
CUDA Graph id 10786 reused
CUDA Graph id 10788 reused
CUDA Graph id 10790 reused
CUDA Graph id 10792 reused
CUDA Graph id 10794 reused
CUDA Graph id 10698 reused
CUDA Graph id 10700 reused
CUDA Graph id 10702 reused
CUDA Graph id 10704 reused
CUDA Graph id 10706 reused
CUDA Graph id 10708 reused
CUDA Graph id 10710 reused
CUDA Graph id 10712 reused
CUDA Graph id 10714 reused
CUDA Graph id 10716 reused
CUDA Graph id 10718 reused
CUDA Graph id 10720 reused
CUDA Graph id 10722 reused
CUDA Graph id 10724 reused
CUDA Graph id 10726 reused
CUDA Graph id 10728 reused
CUDA Graph id 10730 reused
CUDA Graph id 10732 reused
CUDA Graph id 10734 reused
CUDA Graph id 10736 reused
CUDA Graph id 10738 reused
CUDA Graph id 10740 reused
CUDA Graph id 10742 reused
CUDA Graph id 10744 reused
CUDA Graph id 10746 reused
CUDA Graph id 10748 reused
CUDA Graph id 10750 reused
CUDA Graph id 10752 reused
CUDA Graph id 10754 reused
CUDA Graph id 10756 reused
CUDA Graph id 10758 reused
CUDA Graph id 10760 reused
CUDA Graph id 10762 reused
CUDA Graph id 10764 reused
CUDA Graph id 10766 reused
CUDA Graph id 10768 reused
CUDA Graph id 10770 reused
CUDA Graph id 10772 reused
CUDA Graph id 10774 reused
CUDA Graph id 10776 reused
CUDA Graph id 10778 reused
CUDA Graph id 10780 reused
CUDA Graph id 10782 reused
CUDA Graph id 10784 reused
CUDA Graph id 10786 reused
CUDA Graph id 10788 reused
CUDA Graph id 10790 reused
CUDA Graph id 10792 reused
CUDA Graph id 10794 reused
CUDA Graph id 10698 reused
CUDA Graph id 10700 reused
CUDA Graph id 10702 reused
CUDA Graph id 10704 reused
CUDA Graph id 10706 reused
CUDA Graph id 10708 reused
CUDA Graph id 10710 reused
CUDA Graph id 10712 reused
CUDA Graph id 10714 reused
CUDA Graph id 10716 reused
CUDA Graph id 10718 reused
CUDA Graph id 10720 reused
CUDA Graph id 10722 reused
CUDA Graph id 10724 reused
CUDA Graph id 10726 reused
CUDA Graph id 10728 reused
CUDA Graph id 10730 reused
CUDA Graph id 10732 reused
CUDA Graph id 10734 reused
CUDA Graph id 10736 reused
CUDA Graph id 10738 reused
CUDA Graph id 10740 reused
CUDA Graph id 10742 reused
CUDA Graph id 10744 reused
CUDA Graph id 10746 reused
CUDA Graph id 10748 reused
CUDA Graph id 10750 reused
CUDA Graph id 10752 reused
CUDA Graph id 10754 reused
CUDA Graph id 10756 reused
CUDA Graph id 10758 reused
CUDA Graph id 10760 reused
CUDA Graph id 10762 reused
CUDA Graph id 10764 reused
CUDA Graph id 10766 reused
CUDA Graph id 10768 reused
CUDA Graph id 10770 reused
CUDA Graph id 10772 reused
CUDA Graph id 10774 reused
CUDA Graph id 10776 reused
CUDA Graph id 10778 reused
CUDA Graph id 10780 reused
CUDA Graph id 10782 reused
CUDA Graph id 10784 reused
CUDA Graph id 10786 reused
CUDA Graph id 10788 reused
CUDA Graph id 10790 reused
CUDA Graph id 10792 reused
CUDA Graph id 10794 reused
CUDA Graph id 10698 reused
CUDA Graph id 10700 reused
CUDA Graph id 10702 reused
CUDA Graph id 10704 reused
CUDA Graph id 10706 reused
CUDA Graph id 10708 reused
CUDA Graph id 10710 reused
CUDA Graph id 10712 reused
CUDA Graph id 10714 reused
CUDA Graph id 10716 reused
CUDA Graph id 10718 reused
CUDA Graph id 10720 reused
CUDA Graph id 10722 reused
CUDA Graph id 10724 reused
CUDA Graph id 10726 reused
CUDA Graph id 10728 reused
CUDA Graph id 10730 reused
CUDA Graph id 10732 reused
CUDA Graph id 10734 reused
CUDA Graph id 10736 reused
CUDA Graph id 10738 reused
CUDA Graph id 10740 reused
CUDA Graph id 10742 reused
CUDA Graph id 10744 reused
CUDA Graph id 10746 reused
CUDA Graph id 10748 reused
CUDA Graph id 10750 reused
CUDA Graph id 10752 reused
CUDA Graph id 10754 reused
CUDA Graph id 10756 reused
CUDA Graph id 10758 reused
CUDA Graph id 10760 reused
CUDA Graph id 10762 reused
CUDA Graph id 10764 reused
CUDA Graph id 10766 reused
CUDA Graph id 10768 reused
CUDA Graph id 10770 reused
CUDA Graph id 10772 reused
CUDA Graph id 10774 reused
CUDA Graph id 10776 reused
CUDA Graph id 10778 reused
CUDA Graph id 10780 reused
CUDA Graph id 10782 reused
CUDA Graph id 10784 reused
CUDA Graph id 10786 reused
CUDA Graph id 10788 reused
CUDA Graph id 10790 reused
CUDA Graph id 10792 reused
CUDA Graph id 10794 reused
CUDA Graph id 10698 reused
CUDA Graph id 10700 reused
CUDA Graph id 10702 reused
CUDA Graph id 10704 reused
CUDA Graph id 10706 reused
CUDA Graph id 10708 reused
CUDA Graph id 10710 reused
CUDA Graph id 10712 reused
CUDA Graph id 10714 reused
CUDA Graph id 10716 reused
CUDA Graph id 10718 reused
CUDA Graph id 10720 reused
CUDA Graph id 10722 reused
CUDA Graph id 10724 reused
CUDA Graph id 10726 reused
CUDA Graph id 10728 reused
CUDA Graph id 10730 reused
CUDA Graph id 10732 reused
CUDA Graph id 10734 reused
CUDA Graph id 10736 reused
CUDA Graph id 10738 reused
CUDA Graph id 10740 reused
CUDA Graph id 10742 reused
CUDA Graph id 10744 reused
CUDA Graph id 10746 reused
CUDA Graph id 10748 reused
CUDA Graph id 10750 reused
CUDA Graph id 10752 reused
CUDA Graph id 10754 reused
CUDA Graph id 10756 reused
CUDA Graph id 10758 reused
CUDA Graph id 10760 reused
CUDA Graph id 10762 reused
CUDA Graph id 10764 reused
CUDA Graph id 10766 reused
CUDA Graph id 10768 reused
CUDA Graph id 10770 reused
CUDA Graph id 10772 reused
CUDA Graph id 10774 reused
CUDA Graph id 10776 reused
CUDA Graph id 10778 reused
CUDA Graph id 10780 reused
CUDA Graph id 10782 reused
CUDA Graph id 10784 reused
CUDA Graph id 10786 reused
CUDA Graph id 10788 reused
CUDA Graph id 10790 reused
CUDA Graph id 10792 reused
CUDA Graph id 10794 reused
CUDA Graph id 10698 reused
CUDA Graph id 10700 reused
CUDA Graph id 10702 reused
CUDA Graph id 10704 reused
CUDA Graph id 10706 reused
CUDA Graph id 10708 reused
CUDA Graph id 10710 reused
CUDA Graph id 10712 reused
CUDA Graph id 10714 reused
CUDA Graph id 10716 reused
CUDA Graph id 10718 reused
CUDA Graph id 10720 reused
CUDA Graph id 10722 reused
CUDA Graph id 10724 reused
CUDA Graph id 10726 reused
CUDA Graph id 10728 reused
CUDA Graph id 10730 reused
CUDA Graph id 10732 reused
CUDA Graph id 10734 reused
CUDA Graph id 10736 reused
CUDA Graph id 10738 reused
CUDA Graph id 10740 reused
CUDA Graph id 10742 reused
CUDA Graph id 10744 reused
CUDA Graph id 10746 reused
CUDA Graph id 10748 reused
CUDA Graph id 10750 reused
CUDA Graph id 10752 reused
CUDA Graph id 10754 reused
CUDA Graph id 10756 reused
CUDA Graph id 10758 reused
CUDA Graph id 10760 reused
CUDA Graph id 10762 reused
CUDA Graph id 10764 reused
CUDA Graph id 10766 reused
CUDA Graph id 10768 reused
CUDA Graph id 10770 reused
CUDA Graph id 10772 reused
CUDA Graph id 10774 reused
CUDA Graph id 10776 reused
CUDA Graph id 10778 reused
CUDA Graph id 10780 reused
CUDA Graph id 10782 reused
CUDA Graph id 10784 reused
CUDA Graph id 10786 reused
CUDA Graph id 10788 reused
CUDA Graph id 10790 reused
CUDA Graph id 10792 reused
CUDA Graph id 10794 reused
CUDA Graph id 10698 reused
CUDA Graph id 10700 reused
CUDA Graph id 10702 reused
CUDA Graph id 10704 reused
CUDA Graph id 10706 reused
CUDA Graph id 10708 reused
CUDA Graph id 10710 reused
CUDA Graph id 10712 reused
CUDA Graph id 10714 reused
CUDA Graph id 10716 reused
CUDA Graph id 10718 reused
CUDA Graph id 10720 reused
CUDA Graph id 10722 reused
CUDA Graph id 10724 reused
CUDA Graph id 10726 reused
CUDA Graph id 10728 reused
CUDA Graph id 10730 reused
CUDA Graph id 10732 reused
CUDA Graph id 10734 reused
CUDA Graph id 10736 reused
CUDA Graph id 10738 reused
CUDA Graph id 10740 reused
CUDA Graph id 10742 reused
CUDA Graph id 10744 reused
CUDA Graph id 10746 reused
CUDA Graph id 10748 reused
CUDA Graph id 10750 reused
CUDA Graph id 10752 reused
CUDA Graph id 10754 reused
CUDA Graph id 10756 reused
CUDA Graph id 10758 reused
CUDA Graph id 10760 reused
CUDA Graph id 10762 reused
CUDA Graph id 10764 reused
CUDA Graph id 10766 reused
CUDA Graph id 10768 reused
CUDA Graph id 10770 reused
CUDA Graph id 10772 reused
CUDA Graph id 10774 reused
CUDA Graph id 10776 reused
CUDA Graph id 10778 reused
CUDA Graph id 10780 reused
CUDA Graph id 10782 reused
CUDA Graph id 10784 reused
CUDA Graph id 10786 reused
CUDA Graph id 10788 reused
CUDA Graph id 10790 reused
CUDA Graph id 10792 reused
CUDA Graph id 10794 reused
CUDA Graph id 10698 reused
CUDA Graph id 10700 reused
CUDA Graph id 10702 reused
CUDA Graph id 10704 reused
CUDA Graph id 10706 reused
CUDA Graph id 10708 reused
CUDA Graph id 10710 reused
CUDA Graph id 10712 reused
CUDA Graph id 10714 reused
CUDA Graph id 10716 reused
CUDA Graph id 10718 reused
CUDA Graph id 10720 reused
CUDA Graph id 10722 reused
CUDA Graph id 10724 reused
CUDA Graph id 10726 reused
CUDA Graph id 10728 reused
CUDA Graph id 10730 reused
CUDA Graph id 10732 reused
CUDA Graph id 10734 reused
CUDA Graph id 10736 reused
CUDA Graph id 10738 reused
CUDA Graph id 10740 reused
CUDA Graph id 10742 reused
CUDA Graph id 10744 reused
CUDA Graph id 10746 reused
CUDA Graph id 10748 reused
CUDA Graph id 10750 reused
CUDA Graph id 10752 reused
CUDA Graph id 10754 reused
CUDA Graph id 10756 reused
CUDA Graph id 10758 reused
CUDA Graph id 10760 reused
CUDA Graph id 10762 reused
CUDA Graph id 10764 reused
CUDA Graph id 10766 reused
CUDA Graph id 10768 reused
CUDA Graph id 10770 reused
CUDA Graph id 10772 reused
CUDA Graph id 10774 reused
CUDA Graph id 10776 reused
CUDA Graph id 10778 reused
CUDA Graph id 10780 reused
CUDA Graph id 10782 reused
CUDA Graph id 10784 reused
CUDA Graph id 10786 reused
CUDA Graph id 10788 reused
CUDA Graph id 10790 reused
CUDA Graph id 10792 reused
CUDA Graph id 10794 reused
CUDA Graph id 10698 reused
CUDA Graph id 10700 reused
CUDA Graph id 10702 reused
CUDA Graph id 10704 reused
CUDA Graph id 10706 reused
CUDA Graph id 10708 reused
CUDA Graph id 10710 reused
CUDA Graph id 10712 reused
CUDA Graph id 10714 reused
CUDA Graph id 10716 reused
CUDA Graph id 10718 reused
CUDA Graph id 10720 reused
CUDA Graph id 10722 reused
CUDA Graph id 10724 reused
CUDA Graph id 10726 reused
CUDA Graph id 10728 reused
CUDA Graph id 10730 reused
CUDA Graph id 10732 reused
CUDA Graph id 10734 reused
CUDA Graph id 10736 reused
CUDA Graph id 10738 reused
CUDA Graph id 10740 reused
CUDA Graph id 10742 reused
CUDA Graph id 10744 reused
CUDA Graph id 10746 reused
CUDA Graph id 10748 reused
CUDA Graph id 10750 reused
CUDA Graph id 10752 reused
CUDA Graph id 10754 reused
CUDA Graph id 10756 reused
CUDA Graph id 10758 reused
CUDA Graph id 10760 reused
CUDA Graph id 10762 reused
CUDA Graph id 10764 reused
CUDA Graph id 10766 reused
CUDA Graph id 10768 reused
CUDA Graph id 10770 reused
CUDA Graph id 10772 reused
CUDA Graph id 10774 reused
CUDA Graph id 10776 reused
CUDA Graph id 10778 reused
CUDA Graph id 10780 reused
CUDA Graph id 10782 reused
CUDA Graph id 10784 reused
CUDA Graph id 10786 reused
CUDA Graph id 10788 reused
CUDA Graph id 10790 reused
CUDA Graph id 10792 reused
CUDA Graph id 10794 reused
CUDA Graph id 10698 reused
CUDA Graph id 10700 reused
CUDA Graph id 10702 reused
CUDA Graph id 10704 reused
CUDA Graph id 10706 reused
CUDA Graph id 10708 reused
CUDA Graph id 10710 reused
CUDA Graph id 10712 reused
CUDA Graph id 10714 reused
CUDA Graph id 10716 reused
CUDA Graph id 10718 reused
CUDA Graph id 10720 reused
CUDA Graph id 10722 reused
CUDA Graph id 10724 reused
CUDA Graph id 10726 reused
CUDA Graph id 10728 reused
CUDA Graph id 10730 reused
CUDA Graph id 10732 reused
CUDA Graph id 10734 reused
CUDA Graph id 10736 reused
CUDA Graph id 10738 reused
CUDA Graph id 10740 reused
CUDA Graph id 10742 reused
CUDA Graph id 10744 reused
CUDA Graph id 10746 reused
CUDA Graph id 10748 reused
CUDA Graph id 10750 reused
CUDA Graph id 10752 reused
CUDA Graph id 10754 reused
CUDA Graph id 10756 reused
CUDA Graph id 10758 reused
CUDA Graph id 10760 reused
CUDA Graph id 10762 reused
CUDA Graph id 10764 reused
CUDA Graph id 10766 reused
CUDA Graph id 10768 reused
CUDA Graph id 10770 reused
CUDA Graph id 10772 reused
CUDA Graph id 10774 reused
CUDA Graph id 10776 reused
CUDA Graph id 10778 reused
CUDA Graph id 10780 reused
CUDA Graph id 10782 reused
CUDA Graph id 10784 reused
CUDA Graph id 10786 reused
CUDA Graph id 10788 reused
CUDA Graph id 10790 reused
CUDA Graph id 10792 reused
CUDA Graph id 10794 reused
CUDA Graph id 10698 reused
CUDA Graph id 10700 reused
CUDA Graph id 10702 reused
CUDA Graph id 10704 reused
CUDA Graph id 10706 reused
CUDA Graph id 10708 reused
CUDA Graph id 10710 reused
CUDA Graph id 10712 reused
CUDA Graph id 10714 reused
CUDA Graph id 10716 reused
CUDA Graph id 10718 reused
CUDA Graph id 10720 reused
CUDA Graph id 10722 reused
CUDA Graph id 10724 reused
CUDA Graph id 10726 reused
CUDA Graph id 10728 reused
CUDA Graph id 10730 reused
CUDA Graph id 10732 reused
CUDA Graph id 10734 reused
CUDA Graph id 10736 reused
CUDA Graph id 10738 reused
CUDA Graph id 10740 reused
CUDA Graph id 10742 reused
CUDA Graph id 10744 reused
CUDA Graph id 10746 reused
CUDA Graph id 10748 reused
CUDA Graph id 10750 reused
CUDA Graph id 10752 reused
CUDA Graph id 10754 reused
CUDA Graph id 10756 reused
CUDA Graph id 10758 reused
CUDA Graph id 10760 reused
CUDA Graph id 10762 reused
CUDA Graph id 10764 reused
CUDA Graph id 10766 reused
CUDA Graph id 10768 reused
CUDA Graph id 10770 reused
CUDA Graph id 10772 reused
CUDA Graph id 10774 reused
CUDA Graph id 10776 reused
CUDA Graph id 10778 reused
CUDA Graph id 10780 reused
CUDA Graph id 10782 reused
CUDA Graph id 10784 reused
CUDA Graph id 10786 reused
CUDA Graph id 10788 reused
CUDA Graph id 10790 reused
CUDA Graph id 10792 reused
CUDA Graph id 10794 reused
CUDA Graph id 10698 reused
CUDA Graph id 10700 reused
CUDA Graph id 10702 reused
CUDA Graph id 10704 reused
CUDA Graph id 10706 reused
CUDA Graph id 10708 reused
CUDA Graph id 10710 reused
CUDA Graph id 10712 reused
CUDA Graph id 10714 reused
CUDA Graph id 10716 reused
CUDA Graph id 10718 reused
CUDA Graph id 10720 reused
CUDA Graph id 10722 reused
CUDA Graph id 10724 reused
CUDA Graph id 10726 reused
CUDA Graph id 10728 reused
CUDA Graph id 10730 reused
CUDA Graph id 10732 reused
CUDA Graph id 10734 reused
CUDA Graph id 10736 reused
CUDA Graph id 10738 reused
CUDA Graph id 10740 reused
CUDA Graph id 10742 reused
CUDA Graph id 10744 reused
CUDA Graph id 10746 reused
CUDA Graph id 10748 reused
CUDA Graph id 10750 reused
CUDA Graph id 10752 reused
CUDA Graph id 10754 reused
CUDA Graph id 10756 reused
CUDA Graph id 10758 reused
CUDA Graph id 10760 reused
CUDA Graph id 10762 reused
CUDA Graph id 10764 reused
CUDA Graph id 10766 reused
CUDA Graph id 10768 reused
CUDA Graph id 10770 reused
CUDA Graph id 10772 reused
CUDA Graph id 10774 reused
CUDA Graph id 10776 reused
CUDA Graph id 10778 reused
CUDA Graph id 10780 reused
CUDA Graph id 10782 reused
CUDA Graph id 10784 reused
CUDA Graph id 10786 reused
CUDA Graph id 10788 reused
CUDA Graph id 10790 reused
CUDA Graph id 10792 reused
CUDA Graph id 10794 reused
CUDA Graph id 10698 reused
CUDA Graph id 10700 reused
CUDA Graph id 10702 reused
CUDA Graph id 10704 reused
CUDA Graph id 10706 reused
CUDA Graph id 10708 reused
CUDA Graph id 10710 reused
CUDA Graph id 10712 reused
CUDA Graph id 10714 reused
CUDA Graph id 10716 reused
CUDA Graph id 10718 reused
CUDA Graph id 10720 reused
CUDA Graph id 10722 reused
CUDA Graph id 10724 reused
CUDA Graph id 10726 reused
CUDA Graph id 10728 reused
CUDA Graph id 10730 reused
CUDA Graph id 10732 reused
CUDA Graph id 10734 reused
CUDA Graph id 10736 reused
CUDA Graph id 10738 reused
CUDA Graph id 10740 reused
CUDA Graph id 10742 reused
CUDA Graph id 10744 reused
CUDA Graph id 10746 reused
CUDA Graph id 10748 reused
CUDA Graph id 10750 reused
CUDA Graph id 10752 reused
CUDA Graph id 10754 reused
CUDA Graph id 10756 reused
CUDA Graph id 10758 reused
CUDA Graph id 10760 reused
CUDA Graph id 10762 reused
CUDA Graph id 10764 reused
CUDA Graph id 10766 reused
CUDA Graph id 10768 reused
CUDA Graph id 10770 reused
CUDA Graph id 10772 reused
CUDA Graph id 10774 reused
CUDA Graph id 10776 reused
CUDA Graph id 10778 reused
CUDA Graph id 10780 reused
CUDA Graph id 10782 reused
CUDA Graph id 10784 reused
CUDA Graph id 10786 reused
CUDA Graph id 10788 reused
CUDA Graph id 10790 reused
CUDA Graph id 10792 reused
CUDA Graph id 10794 reused
CUDA Graph id 10698 reused
CUDA Graph id 10700 reused
CUDA Graph id 10702 reused
CUDA Graph id 10704 reused
CUDA Graph id 10706 reused
CUDA Graph id 10708 reused
CUDA Graph id 10710 reused
CUDA Graph id 10712 reused
CUDA Graph id 10714 reused
CUDA Graph id 10716 reused
CUDA Graph id 10718 reused
CUDA Graph id 10720 reused
CUDA Graph id 10722 reused
CUDA Graph id 10724 reused
CUDA Graph id 10726 reused
CUDA Graph id 10728 reused
CUDA Graph id 10730 reused
CUDA Graph id 10732 reused
CUDA Graph id 10734 reused
CUDA Graph id 10736 reused
CUDA Graph id 10738 reused
CUDA Graph id 10740 reused
CUDA Graph id 10742 reused
CUDA Graph id 10744 reused
CUDA Graph id 10746 reused
CUDA Graph id 10748 reused
CUDA Graph id 10750 reused
CUDA Graph id 10752 reused
CUDA Graph id 10754 reused
CUDA Graph id 10756 reused
CUDA Graph id 10758 reused
CUDA Graph id 10760 reused
CUDA Graph id 10762 reused
CUDA Graph id 10764 reused
CUDA Graph id 10766 reused
CUDA Graph id 10768 reused
CUDA Graph id 10770 reused
CUDA Graph id 10772 reused
CUDA Graph id 10774 reused
CUDA Graph id 10776 reused
CUDA Graph id 10778 reused
CUDA Graph id 10780 reused
CUDA Graph id 10782 reused
CUDA Graph id 10784 reused
CUDA Graph id 10786 reused
CUDA Graph id 10788 reused
CUDA Graph id 10790 reused
CUDA Graph id 10792 reused
CUDA Graph id 10794 reused
CUDA Graph id 10698 reused
CUDA Graph id 10700 reused
CUDA Graph id 10702 reused
CUDA Graph id 10704 reused
CUDA Graph id 10706 reused
CUDA Graph id 10708 reused
CUDA Graph id 10710 reused
CUDA Graph id 10712 reused
CUDA Graph id 10714 reused
CUDA Graph id 10716 reused
CUDA Graph id 10718 reused
CUDA Graph id 10720 reused
CUDA Graph id 10722 reused
CUDA Graph id 10724 reused
CUDA Graph id 10726 reused
CUDA Graph id 10728 reused
CUDA Graph id 10730 reused
CUDA Graph id 10732 reused
CUDA Graph id 10734 reused
CUDA Graph id 10736 reused
CUDA Graph id 10738 reused
CUDA Graph id 10740 reused
CUDA Graph id 10742 reused
CUDA Graph id 10744 reused
CUDA Graph id 10746 reused
CUDA Graph id 10748 reused
CUDA Graph id 10750 reused
CUDA Graph id 10752 reused
CUDA Graph id 10754 reused
CUDA Graph id 10756 reused
CUDA Graph id 10758 reused
CUDA Graph id 10760 reused
CUDA Graph id 10762 reused
CUDA Graph id 10764 reused
CUDA Graph id 10766 reused
CUDA Graph id 10768 reused
CUDA Graph id 10770 reused
CUDA Graph id 10772 reused
CUDA Graph id 10774 reused
CUDA Graph id 10776 reused
CUDA Graph id 10778 reused
CUDA Graph id 10780 reused
CUDA Graph id 10782 reused
CUDA Graph id 10784 reused
CUDA Graph id 10786 reused
CUDA Graph id 10788 reused
CUDA Graph id 10790 reused
CUDA Graph id 10792 reused
CUDA Graph id 10794 reused
CUDA Graph id 10698 reused
CUDA Graph id 10700 reused
CUDA Graph id 10702 reused
CUDA Graph id 10704 reused
CUDA Graph id 10706 reused
CUDA Graph id 10708 reused
CUDA Graph id 10710 reused
CUDA Graph id 10712 reused
CUDA Graph id 10714 reused
CUDA Graph id 10716 reused
CUDA Graph id 10718 reused
CUDA Graph id 10720 reused
CUDA Graph id 10722 reused
CUDA Graph id 10724 reused
CUDA Graph id 10726 reused
CUDA Graph id 10728 reused
CUDA Graph id 10730 reused
CUDA Graph id 10732 reused
CUDA Graph id 10734 reused
CUDA Graph id 10736 reused
CUDA Graph id 10738 reused
CUDA Graph id 10740 reused
CUDA Graph id 10742 reused
CUDA Graph id 10744 reused
CUDA Graph id 10746 reused
CUDA Graph id 10748 reused
CUDA Graph id 10750 reused
CUDA Graph id 10752 reused
CUDA Graph id 10754 reused
CUDA Graph id 10756 reused
CUDA Graph id 10758 reused
CUDA Graph id 10760 reused
CUDA Graph id 10762 reused
CUDA Graph id 10764 reused
CUDA Graph id 10766 reused
CUDA Graph id 10768 reused
CUDA Graph id 10770 reused
CUDA Graph id 10772 reused
CUDA Graph id 10774 reused
CUDA Graph id 10776 reused
CUDA Graph id 10778 reused
CUDA Graph id 10780 reused
CUDA Graph id 10782 reused
CUDA Graph id 10784 reused
CUDA Graph id 10786 reused
CUDA Graph id 10788 reused
CUDA Graph id 10790 reused
CUDA Graph id 10792 reused
CUDA Graph id 10794 reused
CUDA Graph id 10698 reused
CUDA Graph id 10700 reused
CUDA Graph id 10702 reused
CUDA Graph id 10704 reused
CUDA Graph id 10706 reused
CUDA Graph id 10708 reused
CUDA Graph id 10710 reused
CUDA Graph id 10712 reused
CUDA Graph id 10714 reused
CUDA Graph id 10716 reused
CUDA Graph id 10718 reused
CUDA Graph id 10720 reused
CUDA Graph id 10722 reused
CUDA Graph id 10724 reused
CUDA Graph id 10726 reused
CUDA Graph id 10728 reused
CUDA Graph id 10730 reused
CUDA Graph id 10732 reused
CUDA Graph id 10734 reused
CUDA Graph id 10736 reused
CUDA Graph id 10738 reused
CUDA Graph id 10740 reused
CUDA Graph id 10742 reused
CUDA Graph id 10744 reused
CUDA Graph id 10746 reused
CUDA Graph id 10748 reused
CUDA Graph id 10750 reused
CUDA Graph id 10752 reused
CUDA Graph id 10754 reused
CUDA Graph id 10756 reused
CUDA Graph id 10758 reused
CUDA Graph id 10760 reused
CUDA Graph id 10762 reused
CUDA Graph id 10764 reused
CUDA Graph id 10766 reused
CUDA Graph id 10768 reused
CUDA Graph id 10770 reused
CUDA Graph id 10772 reused
CUDA Graph id 10774 reused
CUDA Graph id 10776 reused
CUDA Graph id 10778 reused
CUDA Graph id 10780 reused
CUDA Graph id 10782 reused
CUDA Graph id 10784 reused
CUDA Graph id 10786 reused
CUDA Graph id 10788 reused
CUDA Graph id 10790 reused
CUDA Graph id 10792 reused
CUDA Graph id 10794 reused
CUDA Graph id 10698 reused
CUDA Graph id 10700 reused
CUDA Graph id 10702 reused
CUDA Graph id 10704 reused
CUDA Graph id 10706 reused
CUDA Graph id 10708 reused
CUDA Graph id 10710 reused
CUDA Graph id 10712 reused
CUDA Graph id 10714 reused
CUDA Graph id 10716 reused
CUDA Graph id 10718 reused
CUDA Graph id 10720 reused
CUDA Graph id 10722 reused
CUDA Graph id 10724 reused
CUDA Graph id 10726 reused
CUDA Graph id 10728 reused
CUDA Graph id 10730 reused
CUDA Graph id 10732 reused
CUDA Graph id 10734 reused
CUDA Graph id 10736 reused
CUDA Graph id 10738 reused
CUDA Graph id 10740 reused
CUDA Graph id 10742 reused
CUDA Graph id 10744 reused
CUDA Graph id 10746 reused
CUDA Graph id 10748 reused
CUDA Graph id 10750 reused
CUDA Graph id 10752 reused
CUDA Graph id 10754 reused
CUDA Graph id 10756 reused
CUDA Graph id 10758 reused
CUDA Graph id 10760 reused
CUDA Graph id 10762 reused
CUDA Graph id 10764 reused
CUDA Graph id 10766 reused
CUDA Graph id 10768 reused
CUDA Graph id 10770 reused
CUDA Graph id 10772 reused
CUDA Graph id 10774 reused
CUDA Graph id 10776 reused
CUDA Graph id 10778 reused
CUDA Graph id 10780 reused
CUDA Graph id 10782 reused
CUDA Graph id 10784 reused
CUDA Graph id 10786 reused
CUDA Graph id 10788 reused
CUDA Graph id 10790 reused
CUDA Graph id 10792 reused
CUDA Graph id 10794 reused
CUDA Graph id 10698 reused
CUDA Graph id 10700 reused
CUDA Graph id 10702 reused
CUDA Graph id 10704 reused
CUDA Graph id 10706 reused
CUDA Graph id 10708 reused
CUDA Graph id 10710 reused
CUDA Graph id 10712 reused
CUDA Graph id 10714 reused
CUDA Graph id 10716 reused
CUDA Graph id 10718 reused
CUDA Graph id 10720 reused
CUDA Graph id 10722 reused
CUDA Graph id 10724 reused
CUDA Graph id 10726 reused
CUDA Graph id 10728 reused
CUDA Graph id 10730 reused
CUDA Graph id 10732 reused
CUDA Graph id 10734 reused
CUDA Graph id 10736 reused
CUDA Graph id 10738 reused
CUDA Graph id 10740 reused
CUDA Graph id 10742 reused
CUDA Graph id 10744 reused
CUDA Graph id 10746 reused
CUDA Graph id 10748 reused
CUDA Graph id 10750 reused
CUDA Graph id 10752 reused
CUDA Graph id 10754 reused
CUDA Graph id 10756 reused
CUDA Graph id 10758 reused
CUDA Graph id 10760 reused
CUDA Graph id 10762 reused
CUDA Graph id 10764 reused
CUDA Graph id 10766 reused
CUDA Graph id 10768 reused
CUDA Graph id 10770 reused
CUDA Graph id 10772 reused
CUDA Graph id 10774 reused
CUDA Graph id 10776 reused
CUDA Graph id 10778 reused
CUDA Graph id 10780 reused
CUDA Graph id 10782 reused
CUDA Graph id 10784 reused
CUDA Graph id 10786 reused
CUDA Graph id 10788 reused
CUDA Graph id 10790 reused
CUDA Graph id 10792 reused
CUDA Graph id 10794 reused
CUDA Graph id 10698 reused
CUDA Graph id 10700 reused
CUDA Graph id 10702 reused
CUDA Graph id 10704 reused
CUDA Graph id 10706 reused
CUDA Graph id 10708 reused
CUDA Graph id 10710 reused
CUDA Graph id 10712 reused
CUDA Graph id 10714 reused
CUDA Graph id 10716 reused
CUDA Graph id 10718 reused
CUDA Graph id 10720 reused
CUDA Graph id 10722 reused
CUDA Graph id 10724 reused
CUDA Graph id 10726 reused
CUDA Graph id 10728 reused
CUDA Graph id 10730 reused
CUDA Graph id 10732 reused
CUDA Graph id 10734 reused
CUDA Graph id 10736 reused
CUDA Graph id 10738 reused
CUDA Graph id 10740 reused
CUDA Graph id 10742 reused
CUDA Graph id 10744 reused
CUDA Graph id 10746 reused
CUDA Graph id 10748 reused
CUDA Graph id 10750 reused
CUDA Graph id 10752 reused
CUDA Graph id 10754 reused
CUDA Graph id 10756 reused
CUDA Graph id 10758 reused
CUDA Graph id 10760 reused
CUDA Graph id 10762 reused
CUDA Graph id 10764 reused
CUDA Graph id 10766 reused
CUDA Graph id 10768 reused
CUDA Graph id 10770 reused
CUDA Graph id 10772 reused
CUDA Graph id 10774 reused
CUDA Graph id 10776 reused
CUDA Graph id 10778 reused
CUDA Graph id 10780 reused
CUDA Graph id 10782 reused
CUDA Graph id 10784 reused
CUDA Graph id 10786 reused
CUDA Graph id 10788 reused
CUDA Graph id 10790 reused
CUDA Graph id 10792 reused
CUDA Graph id 10794 reused
CUDA Graph id 10698 reused
CUDA Graph id 10700 reused
CUDA Graph id 10702 reused
CUDA Graph id 10704 reused
CUDA Graph id 10706 reused
CUDA Graph id 10708 reused
CUDA Graph id 10710 reused
CUDA Graph id 10712 reused
CUDA Graph id 10714 reused
CUDA Graph id 10716 reused
CUDA Graph id 10718 reused
CUDA Graph id 10720 reused
CUDA Graph id 10722 reused
CUDA Graph id 10724 reused
CUDA Graph id 10726 reused
CUDA Graph id 10728 reused
CUDA Graph id 10730 reused
CUDA Graph id 10732 reused
CUDA Graph id 10734 reused
CUDA Graph id 10736 reused
CUDA Graph id 10738 reused
CUDA Graph id 10740 reused
CUDA Graph id 10742 reused
CUDA Graph id 10744 reused
CUDA Graph id 10746 reused
CUDA Graph id 10748 reused
CUDA Graph id 10750 reused
CUDA Graph id 10752 reused
CUDA Graph id 10754 reused
CUDA Graph id 10756 reused
CUDA Graph id 10758 reused
CUDA Graph id 10760 reused
CUDA Graph id 10762 reused
CUDA Graph id 10764 reused
CUDA Graph id 10766 reused
CUDA Graph id 10768 reused
CUDA Graph id 10770 reused
CUDA Graph id 10772 reused
CUDA Graph id 10774 reused
CUDA Graph id 10776 reused
CUDA Graph id 10778 reused
CUDA Graph id 10780 reused
CUDA Graph id 10782 reused
CUDA Graph id 10784 reused
CUDA Graph id 10786 reused
CUDA Graph id 10788 reused
CUDA Graph id 10790 reused
CUDA Graph id 10792 reused
CUDA Graph id 10794 reused
CUDA Graph id 10698 reused
CUDA Graph id 10700 reused
CUDA Graph id 10702 reused
CUDA Graph id 10704 reused
CUDA Graph id 10706 reused
CUDA Graph id 10708 reused
CUDA Graph id 10710 reused
CUDA Graph id 10712 reused
CUDA Graph id 10714 reused
CUDA Graph id 10716 reused
CUDA Graph id 10718 reused
CUDA Graph id 10720 reused
CUDA Graph id 10722 reused
CUDA Graph id 10724 reused
CUDA Graph id 10726 reused
CUDA Graph id 10728 reused
CUDA Graph id 10730 reused
CUDA Graph id 10732 reused
CUDA Graph id 10734 reused
CUDA Graph id 10736 reused
CUDA Graph id 10738 reused
CUDA Graph id 10740 reused
CUDA Graph id 10742 reused
CUDA Graph id 10744 reused
CUDA Graph id 10746 reused
CUDA Graph id 10748 reused
CUDA Graph id 10750 reused
CUDA Graph id 10752 reused
CUDA Graph id 10754 reused
CUDA Graph id 10756 reused
CUDA Graph id 10758 reused
CUDA Graph id 10760 reused
CUDA Graph id 10762 reused
CUDA Graph id 10764 reused
CUDA Graph id 10766 reused
CUDA Graph id 10768 reused
CUDA Graph id 10770 reused
CUDA Graph id 10772 reused
CUDA Graph id 10774 reused
CUDA Graph id 10776 reused
CUDA Graph id 10778 reused
CUDA Graph id 10780 reused
CUDA Graph id 10782 reused
CUDA Graph id 10784 reused
CUDA Graph id 10786 reused
CUDA Graph id 10788 reused
CUDA Graph id 10790 reused
CUDA Graph id 10792 reused
CUDA Graph id 10794 reused
CUDA Graph id 10698 reused
CUDA Graph id 10700 reused
CUDA Graph id 10702 reused
CUDA Graph id 10704 reused
CUDA Graph id 10706 reused
CUDA Graph id 10708 reused
CUDA Graph id 10710 reused
CUDA Graph id 10712 reused
CUDA Graph id 10714 reused
CUDA Graph id 10716 reused
CUDA Graph id 10718 reused
CUDA Graph id 10720 reused
CUDA Graph id 10722 reused
CUDA Graph id 10724 reused
CUDA Graph id 10726 reused
CUDA Graph id 10728 reused
CUDA Graph id 10730 reused
CUDA Graph id 10732 reused
CUDA Graph id 10734 reused
CUDA Graph id 10736 reused
CUDA Graph id 10738 reused
CUDA Graph id 10740 reused
CUDA Graph id 10742 reused
CUDA Graph id 10744 reused
CUDA Graph id 10746 reused
CUDA Graph id 10748 reused
CUDA Graph id 10750 reused
CUDA Graph id 10752 reused
CUDA Graph id 10754 reused
CUDA Graph id 10756 reused
CUDA Graph id 10758 reused
CUDA Graph id 10760 reused
CUDA Graph id 10762 reused
CUDA Graph id 10764 reused
CUDA Graph id 10766 reused
CUDA Graph id 10768 reused
CUDA Graph id 10770 reused
CUDA Graph id 10772 reused
CUDA Graph id 10774 reused
CUDA Graph id 10776 reused
CUDA Graph id 10778 reused
CUDA Graph id 10780 reused
CUDA Graph id 10782 reused
CUDA Graph id 10784 reused
CUDA Graph id 10786 reused
CUDA Graph id 10788 reused
CUDA Graph id 10790 reused
CUDA Graph id 10792 reused
CUDA Graph id 10794 reused
CUDA Graph id 10698 reused
CUDA Graph id 10700 reused
CUDA Graph id 10702 reused
CUDA Graph id 10704 reused
CUDA Graph id 10706 reused
CUDA Graph id 10708 reused
CUDA Graph id 10710 reused
CUDA Graph id 10712 reused
CUDA Graph id 10714 reused
CUDA Graph id 10716 reused
CUDA Graph id 10718 reused
CUDA Graph id 10720 reused
CUDA Graph id 10722 reused
CUDA Graph id 10724 reused
CUDA Graph id 10726 reused
CUDA Graph id 10728 reused
CUDA Graph id 10730 reused
CUDA Graph id 10732 reused
CUDA Graph id 10734 reused
CUDA Graph id 10736 reused
CUDA Graph id 10738 reused
CUDA Graph id 10740 reused
CUDA Graph id 10742 reused
CUDA Graph id 10744 reused
CUDA Graph id 10746 reused
CUDA Graph id 10748 reused
CUDA Graph id 10750 reused
CUDA Graph id 10752 reused
CUDA Graph id 10754 reused
CUDA Graph id 10756 reused
CUDA Graph id 10758 reused
CUDA Graph id 10760 reused
CUDA Graph id 10762 reused
CUDA Graph id 10764 reused
CUDA Graph id 10766 reused
CUDA Graph id 10768 reused
CUDA Graph id 10770 reused
CUDA Graph id 10772 reused
CUDA Graph id 10774 reused
CUDA Graph id 10776 reused
CUDA Graph id 10778 reused
CUDA Graph id 10780 reused
CUDA Graph id 10782 reused
CUDA Graph id 10784 reused
CUDA Graph id 10786 reused
CUDA Graph id 10788 reused
CUDA Graph id 10790 reused
CUDA Graph id 10792 reused
CUDA Graph id 10794 reused
ggml_backend_cuda_graph_compute: CUDA graph warmup reset
ggml_backend_cuda_graph_compute: CUDA graph warmup reset
ggml_backend_cuda_graph_compute: CUDA graph warmup complete
ggml_backend_cuda_graph_compute: CUDA graph warmup reset
ggml_backend_cuda_graph_compute: CUDA graph warmup reset
ggml_backend_cuda_graph_compute: CUDA graph warmup reset
ggml_backend_cuda_graph_compute: CUDA graph warmup reset
ggml_backend_cuda_graph_compute: CUDA graph warmup reset
ggml_backend_cuda_graph_compute: CUDA graph warmup reset
ggml_backend_cuda_graph_compute: CUDA graph warmup reset
ggml_backend_cuda_graph_compute: CUDA graph warmup reset
ggml_backend_cuda_graph_compute: CUDA graph warmup reset
ggml_backend_cuda_graph_compute: CUDA graph warmup reset
ggml_backend_cuda_graph_compute: CUDA graph warmup reset
ggml_backend_cuda_graph_compute: CUDA graph warmup reset
ggml_backend_cuda_graph_compute: CUDA graph warmup reset
ggml_backend_cuda_graph_compute: CUDA graph warmup reset
ggml_backend_cuda_graph_compute: CUDA graph warmup reset
ggml_backend_cuda_graph_compute: CUDA graph warmup reset
ggml_backend_cuda_graph_compute: CUDA graph warmup reset
ggml_backend_cuda_graph_compute: CUDA graph warmup reset
ggml_backend_cuda_graph_compute: CUDA graph warmup reset
ggml_backend_cuda_graph_compute: CUDA graph warmup reset
ggml_backend_cuda_graph_compute: CUDA graph warmup reset
ggml_backend_cuda_graph_compute: CUDA graph warmup reset
ggml_backend_cuda_graph_compute: CUDA graph warmup reset
ggml_backend_cuda_graph_compute: CUDA graph warmup reset
ggml_backend_cuda_graph_compute: CUDA graph warmup reset
ggml_backend_cuda_graph_compute: CUDA graph warmup reset
ggml_backend_cuda_graph_compute: CUDA graph warmup reset
ggml_backend_cuda_graph_compute: CUDA graph warmup reset
ggml_backend_cuda_graph_compute: CUDA graph warmup reset
ggml_backend_cuda_graph_compute: CUDA graph warmup reset
ggml_backend_cuda_graph_compute: CUDA graph warmup reset
ggml_backend_cuda_graph_compute: CUDA graph warmup reset
ggml_backend_cuda_graph_compute: CUDA graph warmup reset
ggml_backend_cuda_graph_compute: CUDA graph warmup reset
ggml_backend_cuda_graph_compute: CUDA graph warmup reset
ggml_backend_cuda_graph_compute: CUDA graph warmup reset
ggml_backend_cuda_graph_compute: CUDA graph warmup reset
ggml_backend_cuda_graph_compute: CUDA graph warmup reset
ggml_backend_cuda_graph_compute: CUDA graph warmup reset
ggml_backend_cuda_graph_compute: CUDA graph warmup reset
ggml_backend_cuda_graph_compute: CUDA graph warmup reset
ggml_backend_cuda_graph_compute: CUDA graph warmup reset
ggml_backend_cuda_graph_compute: CUDA graph warmup reset
ggml_backend_cuda_graph_compute: CUDA graph warmup reset
ggml_backend_cuda_graph_compute: CUDA graph warmup reset
ggml_backend_cuda_graph_compute: CUDA graph warmup reset
ggml_backend_cuda_graph_compute: CUDA graph warmup reset
ggml_backend_cuda_graph_compute: CUDA graph warmup reset
CUDA Graph id 11235 reused
ggml_backend_cuda_graph_compute: CUDA graph warmup complete
CUDA Graph id 11237 reused
ggml_backend_cuda_graph_compute: CUDA graph warmup complete
CUDA Graph id 11239 reused
ggml_backend_cuda_graph_compute: CUDA graph warmup complete
CUDA Graph id 11241 reused
ggml_backend_cuda_graph_compute: CUDA graph warmup complete
CUDA Graph id 11243 reused
ggml_backend_cuda_graph_compute: CUDA graph warmup complete
CUDA Graph id 11245 reused
ggml_backend_cuda_graph_compute: CUDA graph warmup complete
CUDA Graph id 11247 reused
ggml_backend_cuda_graph_compute: CUDA graph warmup complete
CUDA Graph id 11249 reused
ggml_backend_cuda_graph_compute: CUDA graph warmup complete
CUDA Graph id 11251 reused
ggml_backend_cuda_graph_compute: CUDA graph warmup complete
CUDA Graph id 11253 reused
ggml_backend_cuda_graph_compute: CUDA graph warmup complete
CUDA Graph id 11255 reused
ggml_backend_cuda_graph_compute: CUDA graph warmup complete
CUDA Graph id 11257 reused
ggml_backend_cuda_graph_compute: CUDA graph warmup complete
CUDA Graph id 11259 reused
ggml_backend_cuda_graph_compute: CUDA graph warmup complete
CUDA Graph id 11261 reused
ggml_backend_cuda_graph_compute: CUDA graph warmup complete
CUDA Graph id 11263 reused
ggml_backend_cuda_graph_compute: CUDA graph warmup complete
CUDA Graph id 11265 reused
ggml_backend_cuda_graph_compute: CUDA graph warmup complete
CUDA Graph id 11267 reused
ggml_backend_cuda_graph_compute: CUDA graph warmup complete
CUDA Graph id 11269 reused
ggml_backend_cuda_graph_compute: CUDA graph warmup complete
CUDA Graph id 11271 reused
ggml_backend_cuda_graph_compute: CUDA graph warmup complete
CUDA Graph id 11273 reused
ggml_backend_cuda_graph_compute: CUDA graph warmup complete
CUDA Graph id 11275 reused
ggml_backend_cuda_graph_compute: CUDA graph warmup complete
CUDA Graph id 11277 reused
ggml_backend_cuda_graph_compute: CUDA graph warmup complete
CUDA Graph id 11279 reused
ggml_backend_cuda_graph_compute: CUDA graph warmup complete
CUDA Graph id 11281 reused
ggml_backend_cuda_graph_compute: CUDA graph warmup complete
CUDA Graph id 11283 reused
ggml_backend_cuda_graph_compute: CUDA graph warmup complete
CUDA Graph id 11285 reused
ggml_backend_cuda_graph_compute: CUDA graph warmup complete
CUDA Graph id 11287 reused
ggml_backend_cuda_graph_compute: CUDA graph warmup complete
CUDA Graph id 11289 reused
ggml_backend_cuda_graph_compute: CUDA graph warmup complete
CUDA Graph id 11291 reused
ggml_backend_cuda_graph_compute: CUDA graph warmup complete
CUDA Graph id 11293 reused
ggml_backend_cuda_graph_compute: CUDA graph warmup complete
CUDA Graph id 11295 reused
ggml_backend_cuda_graph_compute: CUDA graph warmup complete
CUDA Graph id 11297 reused
ggml_backend_cuda_graph_compute: CUDA graph warmup complete
CUDA Graph id 11299 reused
ggml_backend_cuda_graph_compute: CUDA graph warmup complete
CUDA Graph id 11301 reused
ggml_backend_cuda_graph_compute: CUDA graph warmup complete
CUDA Graph id 11303 reused
ggml_backend_cuda_graph_compute: CUDA graph warmup complete
CUDA Graph id 11305 reused
ggml_backend_cuda_graph_compute: CUDA graph warmup complete
CUDA Graph id 11307 reused
ggml_backend_cuda_graph_compute: CUDA graph warmup complete
CUDA Graph id 11309 reused
ggml_backend_cuda_graph_compute: CUDA graph warmup complete
CUDA Graph id 11311 reused
ggml_backend_cuda_graph_compute: CUDA graph warmup complete
CUDA Graph id 11313 reused
ggml_backend_cuda_graph_compute: CUDA graph warmup complete
CUDA Graph id 11315 reused
ggml_backend_cuda_graph_compute: CUDA graph warmup complete
CUDA Graph id 11317 reused
ggml_backend_cuda_graph_compute: CUDA graph warmup complete
CUDA Graph id 11319 reused
ggml_backend_cuda_graph_compute: CUDA graph warmup complete
CUDA Graph id 11321 reused
ggml_backend_cuda_graph_compute: CUDA graph warmup complete
CUDA Graph id 11323 reused
ggml_backend_cuda_graph_compute: CUDA graph warmup complete
CUDA Graph id 11325 reused
ggml_backend_cuda_graph_compute: CUDA graph warmup complete
CUDA Graph id 11327 reused
ggml_backend_cuda_graph_compute: CUDA graph warmup complete
CUDA Graph id 11329 reused
ggml_backend_cuda_graph_compute: CUDA graph warmup complete
CUDA Graph id 11331 reused
ggml_backend_cuda_graph_compute: CUDA graph warmup complete
CUDA Graph id 11235 reused
CUDA Graph id 11237 reused
CUDA Graph id 11239 reused
CUDA Graph id 11241 reused
CUDA Graph id 11243 reused
CUDA Graph id 11245 reused
CUDA Graph id 11247 reused
CUDA Graph id 11249 reused
CUDA Graph id 11251 reused
CUDA Graph id 11253 reused
CUDA Graph id 11255 reused
CUDA Graph id 11257 reused
CUDA Graph id 11259 reused
CUDA Graph id 11261 reused
CUDA Graph id 11263 reused
CUDA Graph id 11265 reused
CUDA Graph id 11267 reused
CUDA Graph id 11269 reused
CUDA Graph id 11271 reused
CUDA Graph id 11273 reused
CUDA Graph id 11275 reused
CUDA Graph id 11277 reused
CUDA Graph id 11279 reused
CUDA Graph id 11281 reused
CUDA Graph id 11283 reused
CUDA Graph id 11285 reused
CUDA Graph id 11287 reused
CUDA Graph id 11289 reused
CUDA Graph id 11291 reused
CUDA Graph id 11293 reused
CUDA Graph id 11295 reused
CUDA Graph id 11297 reused
CUDA Graph id 11299 reused
CUDA Graph id 11301 reused
CUDA Graph id 11303 reused
CUDA Graph id 11305 reused
CUDA Graph id 11307 reused
CUDA Graph id 11309 reused
CUDA Graph id 11311 reused
CUDA Graph id 11313 reused
CUDA Graph id 11315 reused
CUDA Graph id 11317 reused
CUDA Graph id 11319 reused
CUDA Graph id 11321 reused
CUDA Graph id 11323 reused
CUDA Graph id 11325 reused
CUDA Graph id 11327 reused
CUDA Graph id 11329 reused
CUDA Graph id 11331 reused
CUDA Graph id 11235 reused
CUDA Graph id 11237 reused
CUDA Graph id 11239 reused
CUDA Graph id 11241 reused
CUDA Graph id 11243 reused
CUDA Graph id 11245 reused
CUDA Graph id 11247 reused
CUDA Graph id 11249 reused
CUDA Graph id 11251 reused
CUDA Graph id 11253 reused
CUDA Graph id 11255 reused
CUDA Graph id 11257 reused
CUDA Graph id 11259 reused
CUDA Graph id 11261 reused
CUDA Graph id 11263 reused
CUDA Graph id 11265 reused
CUDA Graph id 11267 reused
CUDA Graph id 11269 reused
CUDA Graph id 11271 reused
CUDA Graph id 11273 reused
CUDA Graph id 11275 reused
CUDA Graph id 11277 reused
CUDA Graph id 11279 reused
CUDA Graph id 11281 reused
CUDA Graph id 11283 reused
CUDA Graph id 11285 reused
CUDA Graph id 11287 reused
CUDA Graph id 11289 reused
CUDA Graph id 11291 reused
CUDA Graph id 11293 reused
CUDA Graph id 11295 reused
CUDA Graph id 11297 reused
CUDA Graph id 11299 reused
CUDA Graph id 11301 reused
CUDA Graph id 11303 reused
CUDA Graph id 11305 reused
CUDA Graph id 11307 reused
CUDA Graph id 11309 reused
CUDA Graph id 11311 reused
CUDA Graph id 11313 reused
CUDA Graph id 11315 reused
CUDA Graph id 11317 reused
CUDA Graph id 11319 reused
CUDA Graph id 11321 reused
CUDA Graph id 11323 reused
CUDA Graph id 11325 reused
CUDA Graph id 11327 reused
CUDA Graph id 11329 reused
CUDA Graph id 11331 reused
CUDA Graph id 11235 reused
CUDA Graph id 11237 reused
CUDA Graph id 11239 reused
CUDA Graph id 11241 reused
CUDA Graph id 11243 reused
CUDA Graph id 11245 reused
CUDA Graph id 11247 reused
CUDA Graph id 11249 reused
CUDA Graph id 11251 reused
CUDA Graph id 11253 reused
CUDA Graph id 11255 reused
CUDA Graph id 11257 reused
CUDA Graph id 11259 reused
CUDA Graph id 11261 reused
CUDA Graph id 11263 reused
CUDA Graph id 11265 reused
CUDA Graph id 11267 reused
CUDA Graph id 11269 reused
CUDA Graph id 11271 reused
CUDA Graph id 11273 reused
CUDA Graph id 11275 reused
CUDA Graph id 11277 reused
CUDA Graph id 11279 reused
CUDA Graph id 11281 reused
CUDA Graph id 11283 reused
CUDA Graph id 11285 reused
CUDA Graph id 11287 reused
CUDA Graph id 11289 reused
CUDA Graph id 11291 reused
CUDA Graph id 11293 reused
CUDA Graph id 11295 reused
CUDA Graph id 11297 reused
CUDA Graph id 11299 reused
CUDA Graph id 11301 reused
CUDA Graph id 11303 reused
CUDA Graph id 11305 reused
CUDA Graph id 11307 reused
CUDA Graph id 11309 reused
CUDA Graph id 11311 reused
CUDA Graph id 11313 reused
CUDA Graph id 11315 reused
CUDA Graph id 11317 reused
CUDA Graph id 11319 reused
CUDA Graph id 11321 reused
CUDA Graph id 11323 reused
CUDA Graph id 11325 reused
CUDA Graph id 11327 reused
CUDA Graph id 11329 reused
CUDA Graph id 11331 reused
CUDA Graph id 11235 reused
CUDA Graph id 11237 reused
CUDA Graph id 11239 reused
CUDA Graph id 11241 reused
CUDA Graph id 11243 reused
CUDA Graph id 11245 reused
CUDA Graph id 11247 reused
CUDA Graph id 11249 reused
CUDA Graph id 11251 reused
CUDA Graph id 11253 reused
CUDA Graph id 11255 reused
CUDA Graph id 11257 reused
CUDA Graph id 11259 reused
CUDA Graph id 11261 reused
CUDA Graph id 11263 reused
CUDA Graph id 11265 reused
CUDA Graph id 11267 reused
CUDA Graph id 11269 reused
CUDA Graph id 11271 reused
CUDA Graph id 11273 reused
CUDA Graph id 11275 reused
CUDA Graph id 11277 reused
CUDA Graph id 11279 reused
CUDA Graph id 11281 reused
CUDA Graph id 11283 reused
CUDA Graph id 11285 reused
CUDA Graph id 11287 reused
CUDA Graph id 11289 reused
CUDA Graph id 11291 reused
CUDA Graph id 11293 reused
CUDA Graph id 11295 reused
CUDA Graph id 11297 reused
CUDA Graph id 11299 reused
CUDA Graph id 11301 reused
CUDA Graph id 11303 reused
CUDA Graph id 11305 reused
CUDA Graph id 11307 reused
CUDA Graph id 11309 reused
CUDA Graph id 11311 reused
CUDA Graph id 11313 reused
CUDA Graph id 11315 reused
CUDA Graph id 11317 reused
CUDA Graph id 11319 reused
CUDA Graph id 11321 reused
CUDA Graph id 11323 reused
CUDA Graph id 11325 reused
CUDA Graph id 11327 reused
CUDA Graph id 11329 reused
CUDA Graph id 11331 reused
CUDA Graph id 11235 reused
CUDA Graph id 11237 reused
CUDA Graph id 11239 reused
CUDA Graph id 11241 reused
CUDA Graph id 11243 reused
CUDA Graph id 11245 reused
CUDA Graph id 11247 reused
CUDA Graph id 11249 reused
CUDA Graph id 11251 reused
CUDA Graph id 11253 reused
CUDA Graph id 11255 reused
CUDA Graph id 11257 reused
CUDA Graph id 11259 reused
CUDA Graph id 11261 reused
CUDA Graph id 11263 reused
CUDA Graph id 11265 reused
CUDA Graph id 11267 reused
CUDA Graph id 11269 reused
CUDA Graph id 11271 reused
CUDA Graph id 11273 reused
CUDA Graph id 11275 reused
CUDA Graph id 11277 reused
CUDA Graph id 11279 reused
CUDA Graph id 11281 reused
CUDA Graph id 11283 reused
CUDA Graph id 11285 reused
CUDA Graph id 11287 reused
CUDA Graph id 11289 reused
CUDA Graph id 11291 reused
CUDA Graph id 11293 reused
CUDA Graph id 11295 reused
CUDA Graph id 11297 reused
CUDA Graph id 11299 reused
CUDA Graph id 11301 reused
CUDA Graph id 11303 reused
CUDA Graph id 11305 reused
CUDA Graph id 11307 reused
CUDA Graph id 11309 reused
CUDA Graph id 11311 reused
CUDA Graph id 11313 reused
CUDA Graph id 11315 reused
CUDA Graph id 11317 reused
CUDA Graph id 11319 reused
CUDA Graph id 11321 reused
CUDA Graph id 11323 reused
CUDA Graph id 11325 reused
CUDA Graph id 11327 reused
CUDA Graph id 11329 reused
CUDA Graph id 11331 reused
CUDA Graph id 11235 reused
CUDA Graph id 11237 reused
CUDA Graph id 11239 reused
CUDA Graph id 11241 reused
CUDA Graph id 11243 reused
CUDA Graph id 11245 reused
CUDA Graph id 11247 reused
CUDA Graph id 11249 reused
CUDA Graph id 11251 reused
CUDA Graph id 11253 reused
CUDA Graph id 11255 reused
CUDA Graph id 11257 reused
CUDA Graph id 11259 reused
CUDA Graph id 11261 reused
CUDA Graph id 11263 reused
CUDA Graph id 11265 reused
CUDA Graph id 11267 reused
CUDA Graph id 11269 reused
CUDA Graph id 11271 reused
CUDA Graph id 11273 reused
CUDA Graph id 11275 reused
CUDA Graph id 11277 reused
CUDA Graph id 11279 reused
CUDA Graph id 11281 reused
CUDA Graph id 11283 reused
CUDA Graph id 11285 reused
CUDA Graph id 11287 reused
CUDA Graph id 11289 reused
CUDA Graph id 11291 reused
CUDA Graph id 11293 reused
CUDA Graph id 11295 reused
CUDA Graph id 11297 reused
CUDA Graph id 11299 reused
CUDA Graph id 11301 reused
CUDA Graph id 11303 reused
CUDA Graph id 11305 reused
CUDA Graph id 11307 reused
CUDA Graph id 11309 reused
CUDA Graph id 11311 reused
CUDA Graph id 11313 reused
CUDA Graph id 11315 reused
CUDA Graph id 11317 reused
CUDA Graph id 11319 reused
CUDA Graph id 11321 reused
CUDA Graph id 11323 reused
CUDA Graph id 11325 reused
CUDA Graph id 11327 reused
CUDA Graph id 11329 reused
CUDA Graph id 11331 reused
CUDA Graph id 11235 reused
CUDA Graph id 11237 reused
CUDA Graph id 11239 reused
CUDA Graph id 11241 reused
CUDA Graph id 11243 reused
CUDA Graph id 11245 reused
CUDA Graph id 11247 reused
CUDA Graph id 11249 reused
CUDA Graph id 11251 reused
CUDA Graph id 11253 reused
CUDA Graph id 11255 reused
CUDA Graph id 11257 reused
CUDA Graph id 11259 reused
CUDA Graph id 11261 reused
CUDA Graph id 11263 reused
CUDA Graph id 11265 reused
CUDA Graph id 11267 reused
CUDA Graph id 11269 reused
CUDA Graph id 11271 reused
CUDA Graph id 11273 reused
CUDA Graph id 11275 reused
CUDA Graph id 11277 reused
CUDA Graph id 11279 reused
CUDA Graph id 11281 reused
CUDA Graph id 11283 reused
CUDA Graph id 11285 reused
CUDA Graph id 11287 reused
CUDA Graph id 11289 reused
CUDA Graph id 11291 reused
CUDA Graph id 11293 reused
CUDA Graph id 11295 reused
CUDA Graph id 11297 reused
CUDA Graph id 11299 reused
CUDA Graph id 11301 reused
CUDA Graph id 11303 reused
CUDA Graph id 11305 reused
CUDA Graph id 11307 reused
CUDA Graph id 11309 reused
CUDA Graph id 11311 reused
CUDA Graph id 11313 reused
CUDA Graph id 11315 reused
CUDA Graph id 11317 reused
CUDA Graph id 11319 reused
CUDA Graph id 11321 reused
CUDA Graph id 11323 reused
CUDA Graph id 11325 reused
CUDA Graph id 11327 reused
CUDA Graph id 11329 reused
CUDA Graph id 11331 reused
CUDA Graph id 11235 reused
CUDA Graph id 11237 reused
CUDA Graph id 11239 reused
CUDA Graph id 11241 reused
CUDA Graph id 11243 reused
CUDA Graph id 11245 reused
CUDA Graph id 11247 reused
CUDA Graph id 11249 reused
CUDA Graph id 11251 reused
CUDA Graph id 11253 reused
CUDA Graph id 11255 reused
CUDA Graph id 11257 reused
CUDA Graph id 11259 reused
CUDA Graph id 11261 reused
CUDA Graph id 11263 reused
CUDA Graph id 11265 reused
CUDA Graph id 11267 reused
CUDA Graph id 11269 reused
CUDA Graph id 11271 reused
CUDA Graph id 11273 reused
CUDA Graph id 11275 reused
CUDA Graph id 11277 reused
CUDA Graph id 11279 reused
CUDA Graph id 11281 reused
CUDA Graph id 11283 reused
CUDA Graph id 11285 reused
CUDA Graph id 11287 reused
CUDA Graph id 11289 reused
CUDA Graph id 11291 reused
CUDA Graph id 11293 reused
CUDA Graph id 11295 reused
CUDA Graph id 11297 reused
CUDA Graph id 11299 reused
CUDA Graph id 11301 reused
CUDA Graph id 11303 reused
CUDA Graph id 11305 reused
CUDA Graph id 11307 reused
CUDA Graph id 11309 reused
CUDA Graph id 11311 reused
CUDA Graph id 11313 reused
CUDA Graph id 11315 reused
CUDA Graph id 11317 reused
CUDA Graph id 11319 reused
CUDA Graph id 11321 reused
CUDA Graph id 11323 reused
CUDA Graph id 11325 reused
CUDA Graph id 11327 reused
CUDA Graph id 11329 reused
CUDA Graph id 11331 reused
CUDA Graph id 11235 reused
CUDA Graph id 11237 reused
CUDA Graph id 11239 reused
CUDA Graph id 11241 reused
CUDA Graph id 11243 reused
CUDA Graph id 11245 reused
CUDA Graph id 11247 reused
CUDA Graph id 11249 reused
CUDA Graph id 11251 reused
CUDA Graph id 11253 reused
CUDA Graph id 11255 reused
CUDA Graph id 11257 reused
CUDA Graph id 11259 reused
CUDA Graph id 11261 reused
CUDA Graph id 11263 reused
CUDA Graph id 11265 reused
CUDA Graph id 11267 reused
CUDA Graph id 11269 reused
CUDA Graph id 11271 reused
CUDA Graph id 11273 reused
CUDA Graph id 11275 reused
CUDA Graph id 11277 reused
CUDA Graph id 11279 reused
CUDA Graph id 11281 reused
CUDA Graph id 11283 reused
CUDA Graph id 11285 reused
CUDA Graph id 11287 reused
CUDA Graph id 11289 reused
CUDA Graph id 11291 reused
CUDA Graph id 11293 reused
CUDA Graph id 11295 reused
CUDA Graph id 11297 reused
CUDA Graph id 11299 reused
CUDA Graph id 11301 reused
CUDA Graph id 11303 reused
CUDA Graph id 11305 reused
CUDA Graph id 11307 reused
CUDA Graph id 11309 reused
CUDA Graph id 11311 reused
CUDA Graph id 11313 reused
CUDA Graph id 11315 reused
CUDA Graph id 11317 reused
CUDA Graph id 11319 reused
CUDA Graph id 11321 reused
CUDA Graph id 11323 reused
CUDA Graph id 11325 reused
CUDA Graph id 11327 reused
CUDA Graph id 11329 reused
CUDA Graph id 11331 reused
CUDA Graph id 11235 reused
CUDA Graph id 11237 reused
CUDA Graph id 11239 reused
CUDA Graph id 11241 reused
CUDA Graph id 11243 reused
CUDA Graph id 11245 reused
CUDA Graph id 11247 reused
CUDA Graph id 11249 reused
CUDA Graph id 11251 reused
CUDA Graph id 11253 reused
CUDA Graph id 11255 reused
CUDA Graph id 11257 reused
CUDA Graph id 11259 reused
CUDA Graph id 11261 reused
CUDA Graph id 11263 reused
CUDA Graph id 11265 reused
CUDA Graph id 11267 reused
CUDA Graph id 11269 reused
CUDA Graph id 11271 reused
CUDA Graph id 11273 reused
CUDA Graph id 11275 reused
CUDA Graph id 11277 reused
CUDA Graph id 11279 reused
CUDA Graph id 11281 reused
CUDA Graph id 11283 reused
CUDA Graph id 11285 reused
CUDA Graph id 11287 reused
CUDA Graph id 11289 reused
CUDA Graph id 11291 reused
CUDA Graph id 11293 reused
CUDA Graph id 11295 reused
CUDA Graph id 11297 reused
CUDA Graph id 11299 reused
CUDA Graph id 11301 reused
CUDA Graph id 11303 reused
CUDA Graph id 11305 reused
CUDA Graph id 11307 reused
CUDA Graph id 11309 reused
CUDA Graph id 11311 reused
CUDA Graph id 11313 reused
CUDA Graph id 11315 reused
CUDA Graph id 11317 reused
CUDA Graph id 11319 reused
CUDA Graph id 11321 reused
CUDA Graph id 11323 reused
CUDA Graph id 11325 reused
CUDA Graph id 11327 reused
CUDA Graph id 11329 reused
CUDA Graph id 11331 reused
CUDA Graph id 11235 reused
CUDA Graph id 11237 reused
CUDA Graph id 11239 reused
CUDA Graph id 11241 reused
CUDA Graph id 11243 reused
CUDA Graph id 11245 reused
CUDA Graph id 11247 reused
CUDA Graph id 11249 reused
CUDA Graph id 11251 reused
CUDA Graph id 11253 reused
CUDA Graph id 11255 reused
CUDA Graph id 11257 reused
CUDA Graph id 11259 reused
CUDA Graph id 11261 reused
CUDA Graph id 11263 reused
CUDA Graph id 11265 reused
CUDA Graph id 11267 reused
CUDA Graph id 11269 reused
CUDA Graph id 11271 reused
CUDA Graph id 11273 reused
CUDA Graph id 11275 reused
CUDA Graph id 11277 reused
CUDA Graph id 11279 reused
CUDA Graph id 11281 reused
CUDA Graph id 11283 reused
CUDA Graph id 11285 reused
CUDA Graph id 11287 reused
CUDA Graph id 11289 reused
CUDA Graph id 11291 reused
CUDA Graph id 11293 reused
CUDA Graph id 11295 reused
CUDA Graph id 11297 reused
CUDA Graph id 11299 reused
CUDA Graph id 11301 reused
CUDA Graph id 11303 reused
CUDA Graph id 11305 reused
CUDA Graph id 11307 reused
CUDA Graph id 11309 reused
CUDA Graph id 11311 reused
CUDA Graph id 11313 reused
CUDA Graph id 11315 reused
CUDA Graph id 11317 reused
CUDA Graph id 11319 reused
CUDA Graph id 11321 reused
CUDA Graph id 11323 reused
CUDA Graph id 11325 reused
CUDA Graph id 11327 reused
CUDA Graph id 11329 reused
CUDA Graph id 11331 reused
CUDA Graph id 11235 reused
CUDA Graph id 11237 reused
CUDA Graph id 11239 reused
CUDA Graph id 11241 reused
CUDA Graph id 11243 reused
CUDA Graph id 11245 reused
CUDA Graph id 11247 reused
CUDA Graph id 11249 reused
CUDA Graph id 11251 reused
CUDA Graph id 11253 reused
CUDA Graph id 11255 reused
CUDA Graph id 11257 reused
CUDA Graph id 11259 reused
CUDA Graph id 11261 reused
CUDA Graph id 11263 reused
CUDA Graph id 11265 reused
CUDA Graph id 11267 reused
CUDA Graph id 11269 reused
CUDA Graph id 11271 reused
CUDA Graph id 11273 reused
CUDA Graph id 11275 reused
CUDA Graph id 11277 reused
CUDA Graph id 11279 reused
CUDA Graph id 11281 reused
CUDA Graph id 11283 reused
CUDA Graph id 11285 reused
CUDA Graph id 11287 reused
CUDA Graph id 11289 reused
CUDA Graph id 11291 reused
CUDA Graph id 11293 reused
CUDA Graph id 11295 reused
CUDA Graph id 11297 reused
CUDA Graph id 11299 reused
CUDA Graph id 11301 reused
CUDA Graph id 11303 reused
CUDA Graph id 11305 reused
CUDA Graph id 11307 reused
CUDA Graph id 11309 reused
CUDA Graph id 11311 reused
CUDA Graph id 11313 reused
CUDA Graph id 11315 reused
CUDA Graph id 11317 reused
CUDA Graph id 11319 reused
CUDA Graph id 11321 reused
CUDA Graph id 11323 reused
CUDA Graph id 11325 reused
CUDA Graph id 11327 reused
CUDA Graph id 11329 reused
CUDA Graph id 11331 reused
CUDA Graph id 11235 reused
CUDA Graph id 11237 reused
CUDA Graph id 11239 reused
CUDA Graph id 11241 reused
CUDA Graph id 11243 reused
CUDA Graph id 11245 reused
CUDA Graph id 11247 reused
CUDA Graph id 11249 reused
CUDA Graph id 11251 reused
CUDA Graph id 11253 reused
CUDA Graph id 11255 reused
CUDA Graph id 11257 reused
CUDA Graph id 11259 reused
CUDA Graph id 11261 reused
CUDA Graph id 11263 reused
CUDA Graph id 11265 reused
CUDA Graph id 11267 reused
CUDA Graph id 11269 reused
CUDA Graph id 11271 reused
CUDA Graph id 11273 reused
CUDA Graph id 11275 reused
CUDA Graph id 11277 reused
CUDA Graph id 11279 reused
CUDA Graph id 11281 reused
CUDA Graph id 11283 reused
CUDA Graph id 11285 reused
CUDA Graph id 11287 reused
CUDA Graph id 11289 reused
CUDA Graph id 11291 reused
CUDA Graph id 11293 reused
CUDA Graph id 11295 reused
CUDA Graph id 11297 reused
CUDA Graph id 11299 reused
CUDA Graph id 11301 reused
CUDA Graph id 11303 reused
CUDA Graph id 11305 reused
CUDA Graph id 11307 reused
CUDA Graph id 11309 reused
CUDA Graph id 11311 reused
CUDA Graph id 11313 reused
CUDA Graph id 11315 reused
CUDA Graph id 11317 reused
CUDA Graph id 11319 reused
CUDA Graph id 11321 reused
CUDA Graph id 11323 reused
CUDA Graph id 11325 reused
CUDA Graph id 11327 reused
CUDA Graph id 11329 reused
CUDA Graph id 11331 reused
CUDA Graph id 11235 reused
CUDA Graph id 11237 reused
CUDA Graph id 11239 reused
CUDA Graph id 11241 reused
CUDA Graph id 11243 reused
CUDA Graph id 11245 reused
CUDA Graph id 11247 reused
CUDA Graph id 11249 reused
CUDA Graph id 11251 reused
CUDA Graph id 11253 reused
CUDA Graph id 11255 reused
CUDA Graph id 11257 reused
CUDA Graph id 11259 reused
CUDA Graph id 11261 reused
CUDA Graph id 11263 reused
CUDA Graph id 11265 reused
CUDA Graph id 11267 reused
CUDA Graph id 11269 reused
CUDA Graph id 11271 reused
CUDA Graph id 11273 reused
CUDA Graph id 11275 reused
CUDA Graph id 11277 reused
CUDA Graph id 11279 reused
CUDA Graph id 11281 reused
CUDA Graph id 11283 reused
CUDA Graph id 11285 reused
CUDA Graph id 11287 reused
CUDA Graph id 11289 reused
CUDA Graph id 11291 reused
CUDA Graph id 11293 reused
CUDA Graph id 11295 reused
CUDA Graph id 11297 reused
CUDA Graph id 11299 reused
CUDA Graph id 11301 reused
CUDA Graph id 11303 reused
CUDA Graph id 11305 reused
CUDA Graph id 11307 reused
CUDA Graph id 11309 reused
CUDA Graph id 11311 reused
CUDA Graph id 11313 reused
CUDA Graph id 11315 reused
CUDA Graph id 11317 reused
CUDA Graph id 11319 reused
CUDA Graph id 11321 reused
CUDA Graph id 11323 reused
CUDA Graph id 11325 reused
CUDA Graph id 11327 reused
CUDA Graph id 11329 reused
CUDA Graph id 11331 reused
CUDA Graph id 11235 reused
CUDA Graph id 11237 reused
CUDA Graph id 11239 reused
CUDA Graph id 11241 reused
CUDA Graph id 11243 reused
CUDA Graph id 11245 reused
CUDA Graph id 11247 reused
CUDA Graph id 11249 reused
CUDA Graph id 11251 reused
CUDA Graph id 11253 reused
CUDA Graph id 11255 reused
CUDA Graph id 11257 reused
CUDA Graph id 11259 reused
CUDA Graph id 11261 reused
CUDA Graph id 11263 reused
CUDA Graph id 11265 reused
CUDA Graph id 11267 reused
CUDA Graph id 11269 reused
CUDA Graph id 11271 reused
CUDA Graph id 11273 reused
CUDA Graph id 11275 reused
CUDA Graph id 11277 reused
CUDA Graph id 11279 reused
CUDA Graph id 11281 reused
CUDA Graph id 11283 reused
CUDA Graph id 11285 reused
CUDA Graph id 11287 reused
CUDA Graph id 11289 reused
CUDA Graph id 11291 reused
CUDA Graph id 11293 reused
CUDA Graph id 11295 reused
CUDA Graph id 11297 reused
CUDA Graph id 11299 reused
CUDA Graph id 11301 reused
CUDA Graph id 11303 reused
CUDA Graph id 11305 reused
CUDA Graph id 11307 reused
CUDA Graph id 11309 reused
CUDA Graph id 11311 reused
CUDA Graph id 11313 reused
CUDA Graph id 11315 reused
CUDA Graph id 11317 reused
CUDA Graph id 11319 reused
CUDA Graph id 11321 reused
CUDA Graph id 11323 reused
CUDA Graph id 11325 reused
CUDA Graph id 11327 reused
CUDA Graph id 11329 reused
CUDA Graph id 11331 reused
CUDA Graph id 11235 reused
CUDA Graph id 11237 reused
CUDA Graph id 11239 reused
CUDA Graph id 11241 reused
CUDA Graph id 11243 reused
CUDA Graph id 11245 reused
CUDA Graph id 11247 reused
CUDA Graph id 11249 reused
CUDA Graph id 11251 reused
CUDA Graph id 11253 reused
CUDA Graph id 11255 reused
CUDA Graph id 11257 reused
CUDA Graph id 11259 reused
CUDA Graph id 11261 reused
CUDA Graph id 11263 reused
CUDA Graph id 11265 reused
CUDA Graph id 11267 reused
CUDA Graph id 11269 reused
CUDA Graph id 11271 reused
CUDA Graph id 11273 reused
CUDA Graph id 11275 reused
CUDA Graph id 11277 reused
CUDA Graph id 11279 reused
CUDA Graph id 11281 reused
CUDA Graph id 11283 reused
CUDA Graph id 11285 reused
CUDA Graph id 11287 reused
CUDA Graph id 11289 reused
CUDA Graph id 11291 reused
CUDA Graph id 11293 reused
CUDA Graph id 11295 reused
CUDA Graph id 11297 reused
CUDA Graph id 11299 reused
CUDA Graph id 11301 reused
CUDA Graph id 11303 reused
CUDA Graph id 11305 reused
CUDA Graph id 11307 reused
CUDA Graph id 11309 reused
CUDA Graph id 11311 reused
CUDA Graph id 11313 reused
CUDA Graph id 11315 reused
CUDA Graph id 11317 reused
CUDA Graph id 11319 reused
CUDA Graph id 11321 reused
CUDA Graph id 11323 reused
CUDA Graph id 11325 reused
CUDA Graph id 11327 reused
CUDA Graph id 11329 reused
CUDA Graph id 11331 reused
CUDA Graph id 11235 reused
CUDA Graph id 11237 reused
CUDA Graph id 11239 reused
CUDA Graph id 11241 reused
CUDA Graph id 11243 reused
CUDA Graph id 11245 reused
CUDA Graph id 11247 reused
CUDA Graph id 11249 reused
CUDA Graph id 11251 reused
CUDA Graph id 11253 reused
CUDA Graph id 11255 reused
CUDA Graph id 11257 reused
CUDA Graph id 11259 reused
CUDA Graph id 11261 reused
CUDA Graph id 11263 reused
CUDA Graph id 11265 reused
CUDA Graph id 11267 reused
CUDA Graph id 11269 reused
CUDA Graph id 11271 reused
CUDA Graph id 11273 reused
CUDA Graph id 11275 reused
CUDA Graph id 11277 reused
CUDA Graph id 11279 reused
CUDA Graph id 11281 reused
CUDA Graph id 11283 reused
CUDA Graph id 11285 reused
CUDA Graph id 11287 reused
CUDA Graph id 11289 reused
CUDA Graph id 11291 reused
CUDA Graph id 11293 reused
CUDA Graph id 11295 reused
CUDA Graph id 11297 reused
CUDA Graph id 11299 reused
CUDA Graph id 11301 reused
CUDA Graph id 11303 reused
CUDA Graph id 11305 reused
CUDA Graph id 11307 reused
CUDA Graph id 11309 reused
CUDA Graph id 11311 reused
CUDA Graph id 11313 reused
CUDA Graph id 11315 reused
CUDA Graph id 11317 reused
CUDA Graph id 11319 reused
CUDA Graph id 11321 reused
CUDA Graph id 11323 reused
CUDA Graph id 11325 reused
CUDA Graph id 11327 reused
CUDA Graph id 11329 reused
CUDA Graph id 11331 reused
CUDA Graph id 11235 reused
CUDA Graph id 11237 reused
CUDA Graph id 11239 reused
CUDA Graph id 11241 reused
CUDA Graph id 11243 reused
CUDA Graph id 11245 reused
CUDA Graph id 11247 reused
CUDA Graph id 11249 reused
CUDA Graph id 11251 reused
CUDA Graph id 11253 reused
CUDA Graph id 11255 reused
CUDA Graph id 11257 reused
CUDA Graph id 11259 reused
CUDA Graph id 11261 reused
CUDA Graph id 11263 reused
CUDA Graph id 11265 reused
CUDA Graph id 11267 reused
CUDA Graph id 11269 reused
CUDA Graph id 11271 reused
CUDA Graph id 11273 reused
CUDA Graph id 11275 reused
CUDA Graph id 11277 reused
CUDA Graph id 11279 reused
CUDA Graph id 11281 reused
CUDA Graph id 11283 reused
CUDA Graph id 11285 reused
CUDA Graph id 11287 reused
CUDA Graph id 11289 reused
CUDA Graph id 11291 reused
CUDA Graph id 11293 reused
CUDA Graph id 11295 reused
CUDA Graph id 11297 reused
CUDA Graph id 11299 reused
CUDA Graph id 11301 reused
CUDA Graph id 11303 reused
CUDA Graph id 11305 reused
CUDA Graph id 11307 reused
CUDA Graph id 11309 reused
CUDA Graph id 11311 reused
CUDA Graph id 11313 reused
CUDA Graph id 11315 reused
CUDA Graph id 11317 reused
CUDA Graph id 11319 reused
CUDA Graph id 11321 reused
CUDA Graph id 11323 reused
CUDA Graph id 11325 reused
CUDA Graph id 11327 reused
CUDA Graph id 11329 reused
CUDA Graph id 11331 reused
CUDA Graph id 11235 reused
CUDA Graph id 11237 reused
CUDA Graph id 11239 reused
CUDA Graph id 11241 reused
CUDA Graph id 11243 reused
CUDA Graph id 11245 reused
CUDA Graph id 11247 reused
CUDA Graph id 11249 reused
CUDA Graph id 11251 reused
CUDA Graph id 11253 reused
CUDA Graph id 11255 reused
CUDA Graph id 11257 reused
CUDA Graph id 11259 reused
CUDA Graph id 11261 reused
CUDA Graph id 11263 reused
CUDA Graph id 11265 reused
CUDA Graph id 11267 reused
CUDA Graph id 11269 reused
CUDA Graph id 11271 reused
CUDA Graph id 11273 reused
CUDA Graph id 11275 reused
CUDA Graph id 11277 reused
CUDA Graph id 11279 reused
CUDA Graph id 11281 reused
CUDA Graph id 11283 reused
CUDA Graph id 11285 reused
CUDA Graph id 11287 reused
CUDA Graph id 11289 reused
CUDA Graph id 11291 reused
CUDA Graph id 11293 reused
CUDA Graph id 11295 reused
CUDA Graph id 11297 reused
CUDA Graph id 11299 reused
CUDA Graph id 11301 reused
CUDA Graph id 11303 reused
CUDA Graph id 11305 reused
CUDA Graph id 11307 reused
CUDA Graph id 11309 reused
CUDA Graph id 11311 reused
CUDA Graph id 11313 reused
CUDA Graph id 11315 reused
CUDA Graph id 11317 reused
CUDA Graph id 11319 reused
CUDA Graph id 11321 reused
CUDA Graph id 11323 reused
CUDA Graph id 11325 reused
CUDA Graph id 11327 reused
CUDA Graph id 11329 reused
CUDA Graph id 11331 reused
CUDA Graph id 11235 reused
CUDA Graph id 11237 reused
CUDA Graph id 11239 reused
CUDA Graph id 11241 reused
CUDA Graph id 11243 reused
CUDA Graph id 11245 reused
CUDA Graph id 11247 reused
CUDA Graph id 11249 reused
CUDA Graph id 11251 reused
CUDA Graph id 11253 reused
CUDA Graph id 11255 reused
CUDA Graph id 11257 reused
CUDA Graph id 11259 reused
CUDA Graph id 11261 reused
CUDA Graph id 11263 reused
CUDA Graph id 11265 reused
CUDA Graph id 11267 reused
CUDA Graph id 11269 reused
CUDA Graph id 11271 reused
CUDA Graph id 11273 reused
CUDA Graph id 11275 reused
CUDA Graph id 11277 reused
CUDA Graph id 11279 reused
CUDA Graph id 11281 reused
CUDA Graph id 11283 reused
CUDA Graph id 11285 reused
CUDA Graph id 11287 reused
CUDA Graph id 11289 reused
CUDA Graph id 11291 reused
CUDA Graph id 11293 reused
CUDA Graph id 11295 reused
CUDA Graph id 11297 reused
CUDA Graph id 11299 reused
CUDA Graph id 11301 reused
CUDA Graph id 11303 reused
CUDA Graph id 11305 reused
CUDA Graph id 11307 reused
CUDA Graph id 11309 reused
CUDA Graph id 11311 reused
CUDA Graph id 11313 reused
CUDA Graph id 11315 reused
CUDA Graph id 11317 reused
CUDA Graph id 11319 reused
CUDA Graph id 11321 reused
CUDA Graph id 11323 reused
CUDA Graph id 11325 reused
CUDA Graph id 11327 reused
CUDA Graph id 11329 reused
CUDA Graph id 11331 reused
CUDA Graph id 11235 reused
CUDA Graph id 11237 reused
CUDA Graph id 11239 reused
CUDA Graph id 11241 reused
CUDA Graph id 11243 reused
CUDA Graph id 11245 reused
CUDA Graph id 11247 reused
CUDA Graph id 11249 reused
CUDA Graph id 11251 reused
CUDA Graph id 11253 reused
CUDA Graph id 11255 reused
CUDA Graph id 11257 reused
CUDA Graph id 11259 reused
CUDA Graph id 11261 reused
CUDA Graph id 11263 reused
CUDA Graph id 11265 reused
CUDA Graph id 11267 reused
CUDA Graph id 11269 reused
CUDA Graph id 11271 reused
CUDA Graph id 11273 reused
CUDA Graph id 11275 reused
CUDA Graph id 11277 reused
CUDA Graph id 11279 reused
CUDA Graph id 11281 reused
CUDA Graph id 11283 reused
CUDA Graph id 11285 reused
CUDA Graph id 11287 reused
CUDA Graph id 11289 reused
CUDA Graph id 11291 reused
CUDA Graph id 11293 reused
CUDA Graph id 11295 reused
CUDA Graph id 11297 reused
CUDA Graph id 11299 reused
CUDA Graph id 11301 reused
CUDA Graph id 11303 reused
CUDA Graph id 11305 reused
CUDA Graph id 11307 reused
CUDA Graph id 11309 reused
CUDA Graph id 11311 reused
CUDA Graph id 11313 reused
CUDA Graph id 11315 reused
CUDA Graph id 11317 reused
CUDA Graph id 11319 reused
CUDA Graph id 11321 reused
CUDA Graph id 11323 reused
CUDA Graph id 11325 reused
CUDA Graph id 11327 reused
CUDA Graph id 11329 reused
CUDA Graph id 11331 reused
CUDA Graph id 11235 reused
CUDA Graph id 11237 reused
CUDA Graph id 11239 reused
CUDA Graph id 11241 reused
CUDA Graph id 11243 reused
CUDA Graph id 11245 reused
CUDA Graph id 11247 reused
CUDA Graph id 11249 reused
CUDA Graph id 11251 reused
CUDA Graph id 11253 reused
CUDA Graph id 11255 reused
CUDA Graph id 11257 reused
CUDA Graph id 11259 reused
CUDA Graph id 11261 reused
CUDA Graph id 11263 reused
CUDA Graph id 11265 reused
CUDA Graph id 11267 reused
CUDA Graph id 11269 reused
CUDA Graph id 11271 reused
CUDA Graph id 11273 reused
CUDA Graph id 11275 reused
CUDA Graph id 11277 reused
CUDA Graph id 11279 reused
CUDA Graph id 11281 reused
CUDA Graph id 11283 reused
CUDA Graph id 11285 reused
CUDA Graph id 11287 reused
CUDA Graph id 11289 reused
CUDA Graph id 11291 reused
CUDA Graph id 11293 reused
CUDA Graph id 11295 reused
CUDA Graph id 11297 reused
CUDA Graph id 11299 reused
CUDA Graph id 11301 reused
CUDA Graph id 11303 reused
CUDA Graph id 11305 reused
CUDA Graph id 11307 reused
CUDA Graph id 11309 reused
CUDA Graph id 11311 reused
CUDA Graph id 11313 reused
CUDA Graph id 11315 reused
CUDA Graph id 11317 reused
CUDA Graph id 11319 reused
CUDA Graph id 11321 reused
CUDA Graph id 11323 reused
CUDA Graph id 11325 reused
CUDA Graph id 11327 reused
CUDA Graph id 11329 reused
CUDA Graph id 11331 reused
CUDA Graph id 11235 reused
CUDA Graph id 11237 reused
CUDA Graph id 11239 reused
CUDA Graph id 11241 reused
CUDA Graph id 11243 reused
CUDA Graph id 11245 reused
CUDA Graph id 11247 reused
CUDA Graph id 11249 reused
CUDA Graph id 11251 reused
CUDA Graph id 11253 reused
CUDA Graph id 11255 reused
CUDA Graph id 11257 reused
CUDA Graph id 11259 reused
CUDA Graph id 11261 reused
CUDA Graph id 11263 reused
CUDA Graph id 11265 reused
CUDA Graph id 11267 reused
CUDA Graph id 11269 reused
CUDA Graph id 11271 reused
CUDA Graph id 11273 reused
CUDA Graph id 11275 reused
CUDA Graph id 11277 reused
CUDA Graph id 11279 reused
CUDA Graph id 11281 reused
CUDA Graph id 11283 reused
CUDA Graph id 11285 reused
CUDA Graph id 11287 reused
CUDA Graph id 11289 reused
CUDA Graph id 11291 reused
CUDA Graph id 11293 reused
CUDA Graph id 11295 reused
CUDA Graph id 11297 reused
CUDA Graph id 11299 reused
CUDA Graph id 11301 reused
CUDA Graph id 11303 reused
CUDA Graph id 11305 reused
CUDA Graph id 11307 reused
CUDA Graph id 11309 reused
CUDA Graph id 11311 reused
CUDA Graph id 11313 reused
CUDA Graph id 11315 reused
CUDA Graph id 11317 reused
CUDA Graph id 11319 reused
CUDA Graph id 11321 reused
CUDA Graph id 11323 reused
CUDA Graph id 11325 reused
CUDA Graph id 11327 reused
CUDA Graph id 11329 reused
CUDA Graph id 11331 reused
CUDA Graph id 11235 reused
CUDA Graph id 11237 reused
CUDA Graph id 11239 reused
CUDA Graph id 11241 reused
CUDA Graph id 11243 reused
CUDA Graph id 11245 reused
CUDA Graph id 11247 reused
CUDA Graph id 11249 reused
CUDA Graph id 11251 reused
CUDA Graph id 11253 reused
CUDA Graph id 11255 reused
CUDA Graph id 11257 reused
CUDA Graph id 11259 reused
CUDA Graph id 11261 reused
CUDA Graph id 11263 reused
CUDA Graph id 11265 reused
CUDA Graph id 11267 reused
CUDA Graph id 11269 reused
CUDA Graph id 11271 reused
CUDA Graph id 11273 reused
CUDA Graph id 11275 reused
CUDA Graph id 11277 reused
CUDA Graph id 11279 reused
CUDA Graph id 11281 reused
CUDA Graph id 11283 reused
CUDA Graph id 11285 reused
CUDA Graph id 11287 reused
CUDA Graph id 11289 reused
CUDA Graph id 11291 reused
CUDA Graph id 11293 reused
CUDA Graph id 11295 reused
CUDA Graph id 11297 reused
CUDA Graph id 11299 reused
CUDA Graph id 11301 reused
CUDA Graph id 11303 reused
CUDA Graph id 11305 reused
CUDA Graph id 11307 reused
CUDA Graph id 11309 reused
CUDA Graph id 11311 reused
CUDA Graph id 11313 reused
CUDA Graph id 11315 reused
CUDA Graph id 11317 reused
CUDA Graph id 11319 reused
CUDA Graph id 11321 reused
CUDA Graph id 11323 reused
CUDA Graph id 11325 reused
CUDA Graph id 11327 reused
CUDA Graph id 11329 reused
CUDA Graph id 11331 reused
CUDA Graph id 11235 reused
CUDA Graph id 11237 reused
CUDA Graph id 11239 reused
CUDA Graph id 11241 reused
CUDA Graph id 11243 reused
CUDA Graph id 11245 reused
CUDA Graph id 11247 reused
CUDA Graph id 11249 reused
CUDA Graph id 11251 reused
CUDA Graph id 11253 reused
CUDA Graph id 11255 reused
CUDA Graph id 11257 reused
CUDA Graph id 11259 reused
CUDA Graph id 11261 reused
CUDA Graph id 11263 reused
CUDA Graph id 11265 reused
CUDA Graph id 11267 reused
CUDA Graph id 11269 reused
CUDA Graph id 11271 reused
CUDA Graph id 11273 reused
CUDA Graph id 11275 reused
CUDA Graph id 11277 reused
CUDA Graph id 11279 reused
CUDA Graph id 11281 reused
CUDA Graph id 11283 reused
CUDA Graph id 11285 reused
CUDA Graph id 11287 reused
CUDA Graph id 11289 reused
CUDA Graph id 11291 reused
CUDA Graph id 11293 reused
CUDA Graph id 11295 reused
CUDA Graph id 11297 reused
CUDA Graph id 11299 reused
CUDA Graph id 11301 reused
CUDA Graph id 11303 reused
CUDA Graph id 11305 reused
CUDA Graph id 11307 reused
CUDA Graph id 11309 reused
CUDA Graph id 11311 reused
CUDA Graph id 11313 reused
CUDA Graph id 11315 reused
CUDA Graph id 11317 reused
CUDA Graph id 11319 reused
CUDA Graph id 11321 reused
CUDA Graph id 11323 reused
CUDA Graph id 11325 reused
CUDA Graph id 11327 reused
CUDA Graph id 11329 reused
CUDA Graph id 11331 reused
CUDA Graph id 11235 reused
CUDA Graph id 11237 reused
CUDA Graph id 11239 reused
CUDA Graph id 11241 reused
CUDA Graph id 11243 reused
CUDA Graph id 11245 reused
CUDA Graph id 11247 reused
CUDA Graph id 11249 reused
CUDA Graph id 11251 reused
CUDA Graph id 11253 reused
CUDA Graph id 11255 reused
CUDA Graph id 11257 reused
CUDA Graph id 11259 reused
CUDA Graph id 11261 reused
CUDA Graph id 11263 reused
CUDA Graph id 11265 reused
CUDA Graph id 11267 reused
CUDA Graph id 11269 reused
CUDA Graph id 11271 reused
CUDA Graph id 11273 reused
CUDA Graph id 11275 reused
CUDA Graph id 11277 reused
CUDA Graph id 11279 reused
CUDA Graph id 11281 reused
CUDA Graph id 11283 reused
CUDA Graph id 11285 reused
CUDA Graph id 11287 reused
CUDA Graph id 11289 reused
CUDA Graph id 11291 reused
CUDA Graph id 11293 reused
CUDA Graph id 11295 reused
CUDA Graph id 11297 reused
CUDA Graph id 11299 reused
CUDA Graph id 11301 reused
CUDA Graph id 11303 reused
CUDA Graph id 11305 reused
CUDA Graph id 11307 reused
CUDA Graph id 11309 reused
CUDA Graph id 11311 reused
CUDA Graph id 11313 reused
CUDA Graph id 11315 reused
CUDA Graph id 11317 reused
CUDA Graph id 11319 reused
CUDA Graph id 11321 reused
CUDA Graph id 11323 reused
CUDA Graph id 11325 reused
CUDA Graph id 11327 reused
CUDA Graph id 11329 reused
CUDA Graph id 11331 reused
CUDA Graph id 11235 reused
CUDA Graph id 11237 reused
CUDA Graph id 11239 reused
CUDA Graph id 11241 reused
CUDA Graph id 11243 reused
CUDA Graph id 11245 reused
CUDA Graph id 11247 reused
CUDA Graph id 11249 reused
CUDA Graph id 11251 reused
CUDA Graph id 11253 reused
CUDA Graph id 11255 reused
CUDA Graph id 11257 reused
CUDA Graph id 11259 reused
CUDA Graph id 11261 reused
CUDA Graph id 11263 reused
CUDA Graph id 11265 reused
CUDA Graph id 11267 reused
CUDA Graph id 11269 reused
CUDA Graph id 11271 reused
CUDA Graph id 11273 reused
CUDA Graph id 11275 reused
CUDA Graph id 11277 reused
CUDA Graph id 11279 reused
CUDA Graph id 11281 reused
CUDA Graph id 11283 reused
CUDA Graph id 11285 reused
CUDA Graph id 11287 reused
CUDA Graph id 11289 reused
CUDA Graph id 11291 reused
CUDA Graph id 11293 reused
CUDA Graph id 11295 reused
CUDA Graph id 11297 reused
CUDA Graph id 11299 reused
CUDA Graph id 11301 reused
CUDA Graph id 11303 reused
CUDA Graph id 11305 reused
CUDA Graph id 11307 reused
CUDA Graph id 11309 reused
CUDA Graph id 11311 reused
CUDA Graph id 11313 reused
CUDA Graph id 11315 reused
CUDA Graph id 11317 reused
CUDA Graph id 11319 reused
CUDA Graph id 11321 reused
CUDA Graph id 11323 reused
CUDA Graph id 11325 reused
CUDA Graph id 11327 reused
CUDA Graph id 11329 reused
CUDA Graph id 11331 reused
CUDA Graph id 11235 reused
CUDA Graph id 11237 reused
CUDA Graph id 11239 reused
CUDA Graph id 11241 reused
CUDA Graph id 11243 reused
CUDA Graph id 11245 reused
CUDA Graph id 11247 reused
CUDA Graph id 11249 reused
CUDA Graph id 11251 reused
CUDA Graph id 11253 reused
CUDA Graph id 11255 reused
CUDA Graph id 11257 reused
CUDA Graph id 11259 reused
CUDA Graph id 11261 reused
CUDA Graph id 11263 reused
CUDA Graph id 11265 reused
CUDA Graph id 11267 reused
CUDA Graph id 11269 reused
CUDA Graph id 11271 reused
CUDA Graph id 11273 reused
CUDA Graph id 11275 reused
CUDA Graph id 11277 reused
CUDA Graph id 11279 reused
CUDA Graph id 11281 reused
CUDA Graph id 11283 reused
CUDA Graph id 11285 reused
CUDA Graph id 11287 reused
CUDA Graph id 11289 reused
CUDA Graph id 11291 reused
CUDA Graph id 11293 reused
CUDA Graph id 11295 reused
CUDA Graph id 11297 reused
CUDA Graph id 11299 reused
CUDA Graph id 11301 reused
CUDA Graph id 11303 reused
CUDA Graph id 11305 reused
CUDA Graph id 11307 reused
CUDA Graph id 11309 reused
CUDA Graph id 11311 reused
CUDA Graph id 11313 reused
CUDA Graph id 11315 reused
CUDA Graph id 11317 reused
CUDA Graph id 11319 reused
CUDA Graph id 11321 reused
CUDA Graph id 11323 reused
CUDA Graph id 11325 reused
CUDA Graph id 11327 reused
CUDA Graph id 11329 reused
CUDA Graph id 11331 reused
CUDA Graph id 11235 reused
CUDA Graph id 11237 reused
CUDA Graph id 11239 reused
CUDA Graph id 11241 reused
CUDA Graph id 11243 reused
CUDA Graph id 11245 reused
CUDA Graph id 11247 reused
CUDA Graph id 11249 reused
CUDA Graph id 11251 reused
CUDA Graph id 11253 reused
CUDA Graph id 11255 reused
CUDA Graph id 11257 reused
CUDA Graph id 11259 reused
CUDA Graph id 11261 reused
CUDA Graph id 11263 reused
CUDA Graph id 11265 reused
CUDA Graph id 11267 reused
CUDA Graph id 11269 reused
CUDA Graph id 11271 reused
CUDA Graph id 11273 reused
CUDA Graph id 11275 reused
CUDA Graph id 11277 reused
CUDA Graph id 11279 reused
CUDA Graph id 11281 reused
CUDA Graph id 11283 reused
CUDA Graph id 11285 reused
CUDA Graph id 11287 reused
CUDA Graph id 11289 reused
CUDA Graph id 11291 reused
CUDA Graph id 11293 reused
CUDA Graph id 11295 reused
CUDA Graph id 11297 reused
CUDA Graph id 11299 reused
CUDA Graph id 11301 reused
CUDA Graph id 11303 reused
CUDA Graph id 11305 reused
CUDA Graph id 11307 reused
CUDA Graph id 11309 reused
CUDA Graph id 11311 reused
CUDA Graph id 11313 reused
CUDA Graph id 11315 reused
CUDA Graph id 11317 reused
CUDA Graph id 11319 reused
CUDA Graph id 11321 reused
CUDA Graph id 11323 reused
CUDA Graph id 11325 reused
CUDA Graph id 11327 reused
CUDA Graph id 11329 reused
CUDA Graph id 11331 reused
ggml_backend_cuda_graph_compute: CUDA graph warmup reset
ggml_backend_cuda_graph_compute: CUDA graph warmup reset
ggml_backend_cuda_graph_compute: CUDA graph warmup reset
ggml_backend_cuda_graph_compute: CUDA graph warmup reset
ggml_backend_cuda_graph_compute: CUDA graph warmup reset
ggml_backend_cuda_graph_compute: CUDA graph warmup reset
ggml_backend_cuda_graph_compute: CUDA graph warmup reset
ggml_backend_cuda_graph_compute: CUDA graph warmup reset
ggml_backend_cuda_graph_compute: CUDA graph warmup reset
ggml_backend_cuda_graph_compute: CUDA graph warmup reset
ggml_backend_cuda_graph_compute: CUDA graph warmup reset
ggml_backend_cuda_graph_compute: CUDA graph warmup reset
ggml_backend_cuda_graph_compute: CUDA graph warmup reset
ggml_backend_cuda_graph_compute: CUDA graph warmup reset
ggml_backend_cuda_graph_compute: CUDA graph warmup reset
ggml_backend_cuda_graph_compute: CUDA graph warmup reset
ggml_backend_cuda_graph_compute: CUDA graph warmup reset
ggml_backend_cuda_graph_compute: CUDA graph warmup reset
ggml_backend_cuda_graph_compute: CUDA graph warmup reset
ggml_backend_cuda_graph_compute: CUDA graph warmup reset
ggml_backend_cuda_graph_compute: CUDA graph warmup reset
ggml_backend_cuda_graph_compute: CUDA graph warmup reset
ggml_backend_cuda_graph_compute: CUDA graph warmup reset
ggml_backend_cuda_graph_compute: CUDA graph warmup reset
ggml_backend_cuda_graph_compute: CUDA graph warmup reset
ggml_backend_cuda_graph_compute: CUDA graph warmup reset
ggml_backend_cuda_graph_compute: CUDA graph warmup reset
ggml_backend_cuda_graph_compute: CUDA graph warmup reset
ggml_backend_cuda_graph_compute: CUDA graph warmup reset
ggml_backend_cuda_graph_compute: CUDA graph warmup reset
ggml_backend_cuda_graph_compute: CUDA graph warmup reset
ggml_backend_cuda_graph_compute: CUDA graph warmup reset
ggml_backend_cuda_graph_compute: CUDA graph warmup reset
ggml_backend_cuda_graph_compute: CUDA graph warmup reset
ggml_backend_cuda_graph_compute: CUDA graph warmup reset
ggml_backend_cuda_graph_compute: CUDA graph warmup reset
ggml_backend_cuda_graph_compute: CUDA graph warmup reset
ggml_backend_cuda_graph_compute: CUDA graph warmup reset
ggml_backend_cuda_graph_compute: CUDA graph warmup reset
ggml_backend_cuda_graph_compute: CUDA graph warmup reset
ggml_backend_cuda_graph_compute: CUDA graph warmup reset
ggml_backend_cuda_graph_compute: CUDA graph warmup reset
ggml_backend_cuda_graph_compute: CUDA graph warmup reset
ggml_backend_cuda_graph_compute: CUDA graph warmup reset
ggml_backend_cuda_graph_compute: CUDA graph warmup reset
ggml_backend_cuda_graph_compute: CUDA graph warmup reset
ggml_backend_cuda_graph_compute: CUDA graph warmup reset
ggml_backend_cuda_graph_compute: CUDA graph warmup reset
ggml_backend_cuda_graph_compute: CUDA graph warmup reset
CUDA Graph id 11480 reused
ggml_backend_cuda_graph_compute: CUDA graph warmup complete
CUDA Graph id 11482 reused
ggml_backend_cuda_graph_compute: CUDA graph warmup complete
CUDA Graph id 11484 reused
ggml_backend_cuda_graph_compute: CUDA graph warmup complete
CUDA Graph id 11486 reused
ggml_backend_cuda_graph_compute: CUDA graph warmup complete
CUDA Graph id 11488 reused
ggml_backend_cuda_graph_compute: CUDA graph warmup complete
CUDA Graph id 11490 reused
ggml_backend_cuda_graph_compute: CUDA graph warmup complete
CUDA Graph id 11492 reused
ggml_backend_cuda_graph_compute: CUDA graph warmup complete
CUDA Graph id 11494 reused
ggml_backend_cuda_graph_compute: CUDA graph warmup complete
CUDA Graph id 11496 reused
ggml_backend_cuda_graph_compute: CUDA graph warmup complete
CUDA Graph id 11498 reused
ggml_backend_cuda_graph_compute: CUDA graph warmup complete
CUDA Graph id 11500 reused
ggml_backend_cuda_graph_compute: CUDA graph warmup complete
CUDA Graph id 11502 reused
ggml_backend_cuda_graph_compute: CUDA graph warmup complete
CUDA Graph id 11504 reused
ggml_backend_cuda_graph_compute: CUDA graph warmup complete
CUDA Graph id 11506 reused
ggml_backend_cuda_graph_compute: CUDA graph warmup complete
CUDA Graph id 11508 reused
ggml_backend_cuda_graph_compute: CUDA graph warmup complete
CUDA Graph id 11510 reused
ggml_backend_cuda_graph_compute: CUDA graph warmup complete
CUDA Graph id 11512 reused
ggml_backend_cuda_graph_compute: CUDA graph warmup complete
CUDA Graph id 11514 reused
ggml_backend_cuda_graph_compute: CUDA graph warmup complete
CUDA Graph id 11516 reused
ggml_backend_cuda_graph_compute: CUDA graph warmup complete
CUDA Graph id 11518 reused
ggml_backend_cuda_graph_compute: CUDA graph warmup complete
CUDA Graph id 11520 reused
ggml_backend_cuda_graph_compute: CUDA graph warmup complete
CUDA Graph id 11522 reused
ggml_backend_cuda_graph_compute: CUDA graph warmup complete
CUDA Graph id 11524 reused
ggml_backend_cuda_graph_compute: CUDA graph warmup complete
CUDA Graph id 11526 reused
ggml_backend_cuda_graph_compute: CUDA graph warmup complete
CUDA Graph id 11528 reused
ggml_backend_cuda_graph_compute: CUDA graph warmup complete
CUDA Graph id 11530 reused
ggml_backend_cuda_graph_compute: CUDA graph warmup complete
CUDA Graph id 11532 reused
ggml_backend_cuda_graph_compute: CUDA graph warmup complete
CUDA Graph id 11534 reused
ggml_backend_cuda_graph_compute: CUDA graph warmup complete
CUDA Graph id 11536 reused
ggml_backend_cuda_graph_compute: CUDA graph warmup complete
CUDA Graph id 11538 reused
ggml_backend_cuda_graph_compute: CUDA graph warmup complete
CUDA Graph id 11540 reused
ggml_backend_cuda_graph_compute: CUDA graph warmup complete
CUDA Graph id 11542 reused
ggml_backend_cuda_graph_compute: CUDA graph warmup complete
CUDA Graph id 11544 reused
ggml_backend_cuda_graph_compute: CUDA graph warmup complete
CUDA Graph id 11546 reused
ggml_backend_cuda_graph_compute: CUDA graph warmup complete
CUDA Graph id 11548 reused
ggml_backend_cuda_graph_compute: CUDA graph warmup complete
CUDA Graph id 11550 reused
ggml_backend_cuda_graph_compute: CUDA graph warmup complete
CUDA Graph id 11552 reused
ggml_backend_cuda_graph_compute: CUDA graph warmup complete
CUDA Graph id 11554 reused
ggml_backend_cuda_graph_compute: CUDA graph warmup complete
CUDA Graph id 11556 reused
ggml_backend_cuda_graph_compute: CUDA graph warmup complete
CUDA Graph id 11558 reused
ggml_backend_cuda_graph_compute: CUDA graph warmup complete
CUDA Graph id 11560 reused
ggml_backend_cuda_graph_compute: CUDA graph warmup complete
CUDA Graph id 11562 reused
ggml_backend_cuda_graph_compute: CUDA graph warmup complete
CUDA Graph id 11564 reused
ggml_backend_cuda_graph_compute: CUDA graph warmup complete
CUDA Graph id 11566 reused
ggml_backend_cuda_graph_compute: CUDA graph warmup complete
CUDA Graph id 11568 reused
ggml_backend_cuda_graph_compute: CUDA graph warmup complete
CUDA Graph id 11570 reused
ggml_backend_cuda_graph_compute: CUDA graph warmup complete
CUDA Graph id 11572 reused
ggml_backend_cuda_graph_compute: CUDA graph warmup complete
CUDA Graph id 11574 reused
ggml_backend_cuda_graph_compute: CUDA graph warmup complete
CUDA Graph id 11576 reused
ggml_backend_cuda_graph_compute: CUDA graph warmup complete
CUDA Graph id 11480 reused
CUDA Graph id 11482 reused
CUDA Graph id 11484 reused
CUDA Graph id 11486 reused
CUDA Graph id 11488 reused
CUDA Graph id 11490 reused
CUDA Graph id 11492 reused
CUDA Graph id 11494 reused
CUDA Graph id 11496 reused
CUDA Graph id 11498 reused
CUDA Graph id 11500 reused
CUDA Graph id 11502 reused
CUDA Graph id 11504 reused
CUDA Graph id 11506 reused
CUDA Graph id 11508 reused
CUDA Graph id 11510 reused
CUDA Graph id 11512 reused
CUDA Graph id 11514 reused
CUDA Graph id 11516 reused
CUDA Graph id 11518 reused
CUDA Graph id 11520 reused
CUDA Graph id 11522 reused
CUDA Graph id 11524 reused
CUDA Graph id 11526 reused
CUDA Graph id 11528 reused
CUDA Graph id 11530 reused
CUDA Graph id 11532 reused
CUDA Graph id 11534 reused
CUDA Graph id 11536 reused
CUDA Graph id 11538 reused
CUDA Graph id 11540 reused
CUDA Graph id 11542 reused
CUDA Graph id 11544 reused
CUDA Graph id 11546 reused
CUDA Graph id 11548 reused
CUDA Graph id 11550 reused
CUDA Graph id 11552 reused
CUDA Graph id 11554 reused
CUDA Graph id 11556 reused
CUDA Graph id 11558 reused
CUDA Graph id 11560 reused
CUDA Graph id 11562 reused
CUDA Graph id 11564 reused
CUDA Graph id 11566 reused
CUDA Graph id 11568 reused
CUDA Graph id 11570 reused
CUDA Graph id 11572 reused
CUDA Graph id 11574 reused
CUDA Graph id 11576 reused
CUDA Graph id 11480 reused
CUDA Graph id 11482 reused
CUDA Graph id 11484 reused
CUDA Graph id 11486 reused
CUDA Graph id 11488 reused
CUDA Graph id 11490 reused
CUDA Graph id 11492 reused
CUDA Graph id 11494 reused
CUDA Graph id 11496 reused
CUDA Graph id 11498 reused
CUDA Graph id 11500 reused
CUDA Graph id 11502 reused
CUDA Graph id 11504 reused
CUDA Graph id 11506 reused
CUDA Graph id 11508 reused
CUDA Graph id 11510 reused
CUDA Graph id 11512 reused
CUDA Graph id 11514 reused
CUDA Graph id 11516 reused
CUDA Graph id 11518 reused
CUDA Graph id 11520 reused
CUDA Graph id 11522 reused
CUDA Graph id 11524 reused
CUDA Graph id 11526 reused
CUDA Graph id 11528 reused
CUDA Graph id 11530 reused
CUDA Graph id 11532 reused
CUDA Graph id 11534 reused
CUDA Graph id 11536 reused
CUDA Graph id 11538 reused
CUDA Graph id 11540 reused
CUDA Graph id 11542 reused
CUDA Graph id 11544 reused
CUDA Graph id 11546 reused
CUDA Graph id 11548 reused
CUDA Graph id 11550 reused
CUDA Graph id 11552 reused
CUDA Graph id 11554 reused
CUDA Graph id 11556 reused
CUDA Graph id 11558 reused
CUDA Graph id 11560 reused
CUDA Graph id 11562 reused
CUDA Graph id 11564 reused
CUDA Graph id 11566 reused
CUDA Graph id 11568 reused
CUDA Graph id 11570 reused
CUDA Graph id 11572 reused
CUDA Graph id 11574 reused
CUDA Graph id 11576 reused
CUDA Graph id 11480 reused
CUDA Graph id 11482 reused
CUDA Graph id 11484 reused
CUDA Graph id 11486 reused
CUDA Graph id 11488 reused
CUDA Graph id 11490 reused
CUDA Graph id 11492 reused
CUDA Graph id 11494 reused
CUDA Graph id 11496 reused
CUDA Graph id 11498 reused
CUDA Graph id 11500 reused
CUDA Graph id 11502 reused
CUDA Graph id 11504 reused
CUDA Graph id 11506 reused
CUDA Graph id 11508 reused
CUDA Graph id 11510 reused
CUDA Graph id 11512 reused
CUDA Graph id 11514 reused
CUDA Graph id 11516 reused
CUDA Graph id 11518 reused
CUDA Graph id 11520 reused
CUDA Graph id 11522 reused
CUDA Graph id 11524 reused
CUDA Graph id 11526 reused
CUDA Graph id 11528 reused
CUDA Graph id 11530 reused
CUDA Graph id 11532 reused
CUDA Graph id 11534 reused
CUDA Graph id 11536 reused
CUDA Graph id 11538 reused
CUDA Graph id 11540 reused
CUDA Graph id 11542 reused
CUDA Graph id 11544 reused
CUDA Graph id 11546 reused
CUDA Graph id 11548 reused
CUDA Graph id 11550 reused
CUDA Graph id 11552 reused
CUDA Graph id 11554 reused
CUDA Graph id 11556 reused
CUDA Graph id 11558 reused
CUDA Graph id 11560 reused
CUDA Graph id 11562 reused
CUDA Graph id 11564 reused
CUDA Graph id 11566 reused
CUDA Graph id 11568 reused
CUDA Graph id 11570 reused
CUDA Graph id 11572 reused
CUDA Graph id 11574 reused
CUDA Graph id 11576 reused
CUDA Graph id 11480 reused
CUDA Graph id 11482 reused
CUDA Graph id 11484 reused
CUDA Graph id 11486 reused
CUDA Graph id 11488 reused
CUDA Graph id 11490 reused
CUDA Graph id 11492 reused
CUDA Graph id 11494 reused
CUDA Graph id 11496 reused
CUDA Graph id 11498 reused
CUDA Graph id 11500 reused
CUDA Graph id 11502 reused
CUDA Graph id 11504 reused
CUDA Graph id 11506 reused
CUDA Graph id 11508 reused
CUDA Graph id 11510 reused
CUDA Graph id 11512 reused
CUDA Graph id 11514 reused
CUDA Graph id 11516 reused
CUDA Graph id 11518 reused
CUDA Graph id 11520 reused
CUDA Graph id 11522 reused
CUDA Graph id 11524 reused
CUDA Graph id 11526 reused
CUDA Graph id 11528 reused
CUDA Graph id 11530 reused
CUDA Graph id 11532 reused
CUDA Graph id 11534 reused
CUDA Graph id 11536 reused
CUDA Graph id 11538 reused
CUDA Graph id 11540 reused
CUDA Graph id 11542 reused
CUDA Graph id 11544 reused
CUDA Graph id 11546 reused
CUDA Graph id 11548 reused
CUDA Graph id 11550 reused
CUDA Graph id 11552 reused
CUDA Graph id 11554 reused
CUDA Graph id 11556 reused
CUDA Graph id 11558 reused
CUDA Graph id 11560 reused
CUDA Graph id 11562 reused
CUDA Graph id 11564 reused
CUDA Graph id 11566 reused
CUDA Graph id 11568 reused
CUDA Graph id 11570 reused
CUDA Graph id 11572 reused
CUDA Graph id 11574 reused
CUDA Graph id 11576 reused
CUDA Graph id 11480 reused
CUDA Graph id 11482 reused
CUDA Graph id 11484 reused
CUDA Graph id 11486 reused
CUDA Graph id 11488 reused
CUDA Graph id 11490 reused
CUDA Graph id 11492 reused
CUDA Graph id 11494 reused
CUDA Graph id 11496 reused
CUDA Graph id 11498 reused
CUDA Graph id 11500 reused
CUDA Graph id 11502 reused
CUDA Graph id 11504 reused
CUDA Graph id 11506 reused
CUDA Graph id 11508 reused
CUDA Graph id 11510 reused
CUDA Graph id 11512 reused
CUDA Graph id 11514 reused
CUDA Graph id 11516 reused
CUDA Graph id 11518 reused
CUDA Graph id 11520 reused
CUDA Graph id 11522 reused
CUDA Graph id 11524 reused
CUDA Graph id 11526 reused
CUDA Graph id 11528 reused
CUDA Graph id 11530 reused
CUDA Graph id 11532 reused
CUDA Graph id 11534 reused
CUDA Graph id 11536 reused
CUDA Graph id 11538 reused
CUDA Graph id 11540 reused
CUDA Graph id 11542 reused
CUDA Graph id 11544 reused
CUDA Graph id 11546 reused
CUDA Graph id 11548 reused
CUDA Graph id 11550 reused
CUDA Graph id 11552 reused
CUDA Graph id 11554 reused
CUDA Graph id 11556 reused
CUDA Graph id 11558 reused
CUDA Graph id 11560 reused
CUDA Graph id 11562 reused
CUDA Graph id 11564 reused
CUDA Graph id 11566 reused
CUDA Graph id 11568 reused
CUDA Graph id 11570 reused
CUDA Graph id 11572 reused
CUDA Graph id 11574 reused
CUDA Graph id 11576 reused
CUDA Graph id 11480 reused
CUDA Graph id 11482 reused
CUDA Graph id 11484 reused
CUDA Graph id 11486 reused
CUDA Graph id 11488 reused
CUDA Graph id 11490 reused
CUDA Graph id 11492 reused
CUDA Graph id 11494 reused
CUDA Graph id 11496 reused
CUDA Graph id 11498 reused
CUDA Graph id 11500 reused
CUDA Graph id 11502 reused
CUDA Graph id 11504 reused
CUDA Graph id 11506 reused
CUDA Graph id 11508 reused
CUDA Graph id 11510 reused
CUDA Graph id 11512 reused
CUDA Graph id 11514 reused
CUDA Graph id 11516 reused
CUDA Graph id 11518 reused
CUDA Graph id 11520 reused
CUDA Graph id 11522 reused
CUDA Graph id 11524 reused
CUDA Graph id 11526 reused
CUDA Graph id 11528 reused
CUDA Graph id 11530 reused
CUDA Graph id 11532 reused
CUDA Graph id 11534 reused
CUDA Graph id 11536 reused
CUDA Graph id 11538 reused
CUDA Graph id 11540 reused
CUDA Graph id 11542 reused
CUDA Graph id 11544 reused
CUDA Graph id 11546 reused
CUDA Graph id 11548 reused
CUDA Graph id 11550 reused
CUDA Graph id 11552 reused
CUDA Graph id 11554 reused
CUDA Graph id 11556 reused
CUDA Graph id 11558 reused
CUDA Graph id 11560 reused
CUDA Graph id 11562 reused
CUDA Graph id 11564 reused
CUDA Graph id 11566 reused
CUDA Graph id 11568 reused
CUDA Graph id 11570 reused
CUDA Graph id 11572 reused
CUDA Graph id 11574 reused
CUDA Graph id 11576 reused
CUDA Graph id 11480 reused
CUDA Graph id 11482 reused
CUDA Graph id 11484 reused
CUDA Graph id 11486 reused
CUDA Graph id 11488 reused
CUDA Graph id 11490 reused
CUDA Graph id 11492 reused
CUDA Graph id 11494 reused
CUDA Graph id 11496 reused
CUDA Graph id 11498 reused
CUDA Graph id 11500 reused
CUDA Graph id 11502 reused
CUDA Graph id 11504 reused
CUDA Graph id 11506 reused
CUDA Graph id 11508 reused
CUDA Graph id 11510 reused
CUDA Graph id 11512 reused
CUDA Graph id 11514 reused
CUDA Graph id 11516 reused
CUDA Graph id 11518 reused
CUDA Graph id 11520 reused
CUDA Graph id 11522 reused
CUDA Graph id 11524 reused
CUDA Graph id 11526 reused
CUDA Graph id 11528 reused
CUDA Graph id 11530 reused
CUDA Graph id 11532 reused
CUDA Graph id 11534 reused
CUDA Graph id 11536 reused
CUDA Graph id 11538 reused
CUDA Graph id 11540 reused
CUDA Graph id 11542 reused
CUDA Graph id 11544 reused
CUDA Graph id 11546 reused
CUDA Graph id 11548 reused
CUDA Graph id 11550 reused
CUDA Graph id 11552 reused
CUDA Graph id 11554 reused
CUDA Graph id 11556 reused
CUDA Graph id 11558 reused
CUDA Graph id 11560 reused
CUDA Graph id 11562 reused
CUDA Graph id 11564 reused
CUDA Graph id 11566 reused
CUDA Graph id 11568 reused
CUDA Graph id 11570 reused
CUDA Graph id 11572 reused
CUDA Graph id 11574 reused
CUDA Graph id 11576 reused
CUDA Graph id 11480 reused
CUDA Graph id 11482 reused
CUDA Graph id 11484 reused
CUDA Graph id 11486 reused
CUDA Graph id 11488 reused
CUDA Graph id 11490 reused
CUDA Graph id 11492 reused
CUDA Graph id 11494 reused
CUDA Graph id 11496 reused
CUDA Graph id 11498 reused
CUDA Graph id 11500 reused
CUDA Graph id 11502 reused
CUDA Graph id 11504 reused
CUDA Graph id 11506 reused
CUDA Graph id 11508 reused
CUDA Graph id 11510 reused
CUDA Graph id 11512 reused
CUDA Graph id 11514 reused
CUDA Graph id 11516 reused
CUDA Graph id 11518 reused
CUDA Graph id 11520 reused
CUDA Graph id 11522 reused
CUDA Graph id 11524 reused
CUDA Graph id 11526 reused
CUDA Graph id 11528 reused
CUDA Graph id 11530 reused
CUDA Graph id 11532 reused
CUDA Graph id 11534 reused
CUDA Graph id 11536 reused
CUDA Graph id 11538 reused
CUDA Graph id 11540 reused
CUDA Graph id 11542 reused
CUDA Graph id 11544 reused
CUDA Graph id 11546 reused
CUDA Graph id 11548 reused
CUDA Graph id 11550 reused
CUDA Graph id 11552 reused
CUDA Graph id 11554 reused
CUDA Graph id 11556 reused
CUDA Graph id 11558 reused
CUDA Graph id 11560 reused
CUDA Graph id 11562 reused
CUDA Graph id 11564 reused
CUDA Graph id 11566 reused
CUDA Graph id 11568 reused
CUDA Graph id 11570 reused
CUDA Graph id 11572 reused
CUDA Graph id 11574 reused
CUDA Graph id 11576 reused
CUDA Graph id 11480 reused
CUDA Graph id 11482 reused
CUDA Graph id 11484 reused
CUDA Graph id 11486 reused
CUDA Graph id 11488 reused
CUDA Graph id 11490 reused
CUDA Graph id 11492 reused
CUDA Graph id 11494 reused
CUDA Graph id 11496 reused
CUDA Graph id 11498 reused
CUDA Graph id 11500 reused
CUDA Graph id 11502 reused
CUDA Graph id 11504 reused
CUDA Graph id 11506 reused
CUDA Graph id 11508 reused
CUDA Graph id 11510 reused
CUDA Graph id 11512 reused
CUDA Graph id 11514 reused
CUDA Graph id 11516 reused
CUDA Graph id 11518 reused
CUDA Graph id 11520 reused
CUDA Graph id 11522 reused
CUDA Graph id 11524 reused
CUDA Graph id 11526 reused
CUDA Graph id 11528 reused
CUDA Graph id 11530 reused
CUDA Graph id 11532 reused
CUDA Graph id 11534 reused
CUDA Graph id 11536 reused
CUDA Graph id 11538 reused
CUDA Graph id 11540 reused
CUDA Graph id 11542 reused
CUDA Graph id 11544 reused
CUDA Graph id 11546 reused
CUDA Graph id 11548 reused
CUDA Graph id 11550 reused
CUDA Graph id 11552 reused
CUDA Graph id 11554 reused
CUDA Graph id 11556 reused
CUDA Graph id 11558 reused
CUDA Graph id 11560 reused
CUDA Graph id 11562 reused
CUDA Graph id 11564 reused
CUDA Graph id 11566 reused
CUDA Graph id 11568 reused
CUDA Graph id 11570 reused
CUDA Graph id 11572 reused
CUDA Graph id 11574 reused
CUDA Graph id 11576 reused
CUDA Graph id 11480 reused
CUDA Graph id 11482 reused
CUDA Graph id 11484 reused
CUDA Graph id 11486 reused
CUDA Graph id 11488 reused
CUDA Graph id 11490 reused
CUDA Graph id 11492 reused
CUDA Graph id 11494 reused
CUDA Graph id 11496 reused
CUDA Graph id 11498 reused
CUDA Graph id 11500 reused
CUDA Graph id 11502 reused
CUDA Graph id 11504 reused
CUDA Graph id 11506 reused
CUDA Graph id 11508 reused
CUDA Graph id 11510 reused
CUDA Graph id 11512 reused
CUDA Graph id 11514 reused
CUDA Graph id 11516 reused
CUDA Graph id 11518 reused
CUDA Graph id 11520 reused
CUDA Graph id 11522 reused
CUDA Graph id 11524 reused
CUDA Graph id 11526 reused
CUDA Graph id 11528 reused
CUDA Graph id 11530 reused
CUDA Graph id 11532 reused
CUDA Graph id 11534 reused
CUDA Graph id 11536 reused
CUDA Graph id 11538 reused
CUDA Graph id 11540 reused
CUDA Graph id 11542 reused
CUDA Graph id 11544 reused
CUDA Graph id 11546 reused
CUDA Graph id 11548 reused
CUDA Graph id 11550 reused
CUDA Graph id 11552 reused
CUDA Graph id 11554 reused
CUDA Graph id 11556 reused
CUDA Graph id 11558 reused
CUDA Graph id 11560 reused
CUDA Graph id 11562 reused
CUDA Graph id 11564 reused
CUDA Graph id 11566 reused
CUDA Graph id 11568 reused
CUDA Graph id 11570 reused
CUDA Graph id 11572 reused
CUDA Graph id 11574 reused
CUDA Graph id 11576 reused
CUDA Graph id 11480 reused
CUDA Graph id 11482 reused
CUDA Graph id 11484 reused
CUDA Graph id 11486 reused
CUDA Graph id 11488 reused
CUDA Graph id 11490 reused
CUDA Graph id 11492 reused
CUDA Graph id 11494 reused
CUDA Graph id 11496 reused
CUDA Graph id 11498 reused
CUDA Graph id 11500 reused
CUDA Graph id 11502 reused
CUDA Graph id 11504 reused
CUDA Graph id 11506 reused
CUDA Graph id 11508 reused
CUDA Graph id 11510 reused
CUDA Graph id 11512 reused
CUDA Graph id 11514 reused
CUDA Graph id 11516 reused
CUDA Graph id 11518 reused
CUDA Graph id 11520 reused
CUDA Graph id 11522 reused
CUDA Graph id 11524 reused
CUDA Graph id 11526 reused
CUDA Graph id 11528 reused
CUDA Graph id 11530 reused
CUDA Graph id 11532 reused
CUDA Graph id 11534 reused
CUDA Graph id 11536 reused
CUDA Graph id 11538 reused
CUDA Graph id 11540 reused
CUDA Graph id 11542 reused
CUDA Graph id 11544 reused
CUDA Graph id 11546 reused
CUDA Graph id 11548 reused
CUDA Graph id 11550 reused
CUDA Graph id 11552 reused
CUDA Graph id 11554 reused
CUDA Graph id 11556 reused
CUDA Graph id 11558 reused
CUDA Graph id 11560 reused
CUDA Graph id 11562 reused
CUDA Graph id 11564 reused
CUDA Graph id 11566 reused
CUDA Graph id 11568 reused
CUDA Graph id 11570 reused
CUDA Graph id 11572 reused
CUDA Graph id 11574 reused
CUDA Graph id 11576 reused
CUDA Graph id 11480 reused
CUDA Graph id 11482 reused
CUDA Graph id 11484 reused
CUDA Graph id 11486 reused
CUDA Graph id 11488 reused
CUDA Graph id 11490 reused
CUDA Graph id 11492 reused
CUDA Graph id 11494 reused
CUDA Graph id 11496 reused
CUDA Graph id 11498 reused
CUDA Graph id 11500 reused
CUDA Graph id 11502 reused
CUDA Graph id 11504 reused
CUDA Graph id 11506 reused
CUDA Graph id 11508 reused
CUDA Graph id 11510 reused
CUDA Graph id 11512 reused
CUDA Graph id 11514 reused
CUDA Graph id 11516 reused
CUDA Graph id 11518 reused
CUDA Graph id 11520 reused
CUDA Graph id 11522 reused
CUDA Graph id 11524 reused
CUDA Graph id 11526 reused
CUDA Graph id 11528 reused
CUDA Graph id 11530 reused
CUDA Graph id 11532 reused
CUDA Graph id 11534 reused
CUDA Graph id 11536 reused
CUDA Graph id 11538 reused
CUDA Graph id 11540 reused
CUDA Graph id 11542 reused
CUDA Graph id 11544 reused
CUDA Graph id 11546 reused
CUDA Graph id 11548 reused
CUDA Graph id 11550 reused
CUDA Graph id 11552 reused
CUDA Graph id 11554 reused
CUDA Graph id 11556 reused
CUDA Graph id 11558 reused
CUDA Graph id 11560 reused
CUDA Graph id 11562 reused
CUDA Graph id 11564 reused
CUDA Graph id 11566 reused
CUDA Graph id 11568 reused
CUDA Graph id 11570 reused
CUDA Graph id 11572 reused
CUDA Graph id 11574 reused
CUDA Graph id 11576 reused
CUDA Graph id 11480 reused
CUDA Graph id 11482 reused
CUDA Graph id 11484 reused
CUDA Graph id 11486 reused
CUDA Graph id 11488 reused
CUDA Graph id 11490 reused
CUDA Graph id 11492 reused
CUDA Graph id 11494 reused
CUDA Graph id 11496 reused
CUDA Graph id 11498 reused
CUDA Graph id 11500 reused
CUDA Graph id 11502 reused
CUDA Graph id 11504 reused
CUDA Graph id 11506 reused
CUDA Graph id 11508 reused
CUDA Graph id 11510 reused
CUDA Graph id 11512 reused
CUDA Graph id 11514 reused
CUDA Graph id 11516 reused
CUDA Graph id 11518 reused
CUDA Graph id 11520 reused
CUDA Graph id 11522 reused
CUDA Graph id 11524 reused
CUDA Graph id 11526 reused
CUDA Graph id 11528 reused
CUDA Graph id 11530 reused
CUDA Graph id 11532 reused
CUDA Graph id 11534 reused
CUDA Graph id 11536 reused
CUDA Graph id 11538 reused
CUDA Graph id 11540 reused
CUDA Graph id 11542 reused
CUDA Graph id 11544 reused
CUDA Graph id 11546 reused
CUDA Graph id 11548 reused
CUDA Graph id 11550 reused
CUDA Graph id 11552 reused
CUDA Graph id 11554 reused
CUDA Graph id 11556 reused
CUDA Graph id 11558 reused
CUDA Graph id 11560 reused
CUDA Graph id 11562 reused
CUDA Graph id 11564 reused
CUDA Graph id 11566 reused
CUDA Graph id 11568 reused
CUDA Graph id 11570 reused
CUDA Graph id 11572 reused
CUDA Graph id 11574 reused
CUDA Graph id 11576 reused
CUDA Graph id 11480 reused
CUDA Graph id 11482 reused
CUDA Graph id 11484 reused
CUDA Graph id 11486 reused
CUDA Graph id 11488 reused
CUDA Graph id 11490 reused
CUDA Graph id 11492 reused
CUDA Graph id 11494 reused
CUDA Graph id 11496 reused
CUDA Graph id 11498 reused
CUDA Graph id 11500 reused
CUDA Graph id 11502 reused
CUDA Graph id 11504 reused
CUDA Graph id 11506 reused
CUDA Graph id 11508 reused
CUDA Graph id 11510 reused
CUDA Graph id 11512 reused
CUDA Graph id 11514 reused
CUDA Graph id 11516 reused
CUDA Graph id 11518 reused
CUDA Graph id 11520 reused
CUDA Graph id 11522 reused
CUDA Graph id 11524 reused
CUDA Graph id 11526 reused
CUDA Graph id 11528 reused
CUDA Graph id 11530 reused
CUDA Graph id 11532 reused
CUDA Graph id 11534 reused
CUDA Graph id 11536 reused
CUDA Graph id 11538 reused
CUDA Graph id 11540 reused
CUDA Graph id 11542 reused
CUDA Graph id 11544 reused
CUDA Graph id 11546 reused
CUDA Graph id 11548 reused
CUDA Graph id 11550 reused
CUDA Graph id 11552 reused
CUDA Graph id 11554 reused
CUDA Graph id 11556 reused
CUDA Graph id 11558 reused
CUDA Graph id 11560 reused
CUDA Graph id 11562 reused
CUDA Graph id 11564 reused
CUDA Graph id 11566 reused
CUDA Graph id 11568 reused
CUDA Graph id 11570 reused
CUDA Graph id 11572 reused
CUDA Graph id 11574 reused
CUDA Graph id 11576 reused
CUDA Graph id 11480 reused
CUDA Graph id 11482 reused
CUDA Graph id 11484 reused
CUDA Graph id 11486 reused
CUDA Graph id 11488 reused
CUDA Graph id 11490 reused
CUDA Graph id 11492 reused
CUDA Graph id 11494 reused
CUDA Graph id 11496 reused
CUDA Graph id 11498 reused
CUDA Graph id 11500 reused
CUDA Graph id 11502 reused
CUDA Graph id 11504 reused
CUDA Graph id 11506 reused
CUDA Graph id 11508 reused
CUDA Graph id 11510 reused
CUDA Graph id 11512 reused
CUDA Graph id 11514 reused
CUDA Graph id 11516 reused
CUDA Graph id 11518 reused
CUDA Graph id 11520 reused
CUDA Graph id 11522 reused
CUDA Graph id 11524 reused
CUDA Graph id 11526 reused
CUDA Graph id 11528 reused
CUDA Graph id 11530 reused
CUDA Graph id 11532 reused
CUDA Graph id 11534 reused
CUDA Graph id 11536 reused
CUDA Graph id 11538 reused
CUDA Graph id 11540 reused
CUDA Graph id 11542 reused
CUDA Graph id 11544 reused
CUDA Graph id 11546 reused
CUDA Graph id 11548 reused
CUDA Graph id 11550 reused
CUDA Graph id 11552 reused
CUDA Graph id 11554 reused
CUDA Graph id 11556 reused
CUDA Graph id 11558 reused
CUDA Graph id 11560 reused
CUDA Graph id 11562 reused
CUDA Graph id 11564 reused
CUDA Graph id 11566 reused
CUDA Graph id 11568 reused
CUDA Graph id 11570 reused
CUDA Graph id 11572 reused
CUDA Graph id 11574 reused
CUDA Graph id 11576 reused
CUDA Graph id 11480 reused
CUDA Graph id 11482 reused
CUDA Graph id 11484 reused
CUDA Graph id 11486 reused
CUDA Graph id 11488 reused
CUDA Graph id 11490 reused
CUDA Graph id 11492 reused
CUDA Graph id 11494 reused
CUDA Graph id 11496 reused
CUDA Graph id 11498 reused
CUDA Graph id 11500 reused
CUDA Graph id 11502 reused
CUDA Graph id 11504 reused
CUDA Graph id 11506 reused
CUDA Graph id 11508 reused
CUDA Graph id 11510 reused
CUDA Graph id 11512 reused
CUDA Graph id 11514 reused
CUDA Graph id 11516 reused
CUDA Graph id 11518 reused
CUDA Graph id 11520 reused
CUDA Graph id 11522 reused
CUDA Graph id 11524 reused
CUDA Graph id 11526 reused
CUDA Graph id 11528 reused
CUDA Graph id 11530 reused
CUDA Graph id 11532 reused
CUDA Graph id 11534 reused
CUDA Graph id 11536 reused
CUDA Graph id 11538 reused
CUDA Graph id 11540 reused
CUDA Graph id 11542 reused
CUDA Graph id 11544 reused
CUDA Graph id 11546 reused
CUDA Graph id 11548 reused
CUDA Graph id 11550 reused
CUDA Graph id 11552 reused
CUDA Graph id 11554 reused
CUDA Graph id 11556 reused
CUDA Graph id 11558 reused
CUDA Graph id 11560 reused
CUDA Graph id 11562 reused
CUDA Graph id 11564 reused
CUDA Graph id 11566 reused
CUDA Graph id 11568 reused
CUDA Graph id 11570 reused
CUDA Graph id 11572 reused
CUDA Graph id 11574 reused
CUDA Graph id 11576 reused
CUDA Graph id 11480 reused
CUDA Graph id 11482 reused
CUDA Graph id 11484 reused
CUDA Graph id 11486 reused
CUDA Graph id 11488 reused
CUDA Graph id 11490 reused
CUDA Graph id 11492 reused
CUDA Graph id 11494 reused
CUDA Graph id 11496 reused
CUDA Graph id 11498 reused
CUDA Graph id 11500 reused
CUDA Graph id 11502 reused
CUDA Graph id 11504 reused
CUDA Graph id 11506 reused
CUDA Graph id 11508 reused
CUDA Graph id 11510 reused
CUDA Graph id 11512 reused
CUDA Graph id 11514 reused
CUDA Graph id 11516 reused
CUDA Graph id 11518 reused
CUDA Graph id 11520 reused
CUDA Graph id 11522 reused
CUDA Graph id 11524 reused
CUDA Graph id 11526 reused
CUDA Graph id 11528 reused
CUDA Graph id 11530 reused
CUDA Graph id 11532 reused
CUDA Graph id 11534 reused
CUDA Graph id 11536 reused
CUDA Graph id 11538 reused
CUDA Graph id 11540 reused
CUDA Graph id 11542 reused
CUDA Graph id 11544 reused
CUDA Graph id 11546 reused
CUDA Graph id 11548 reused
CUDA Graph id 11550 reused
CUDA Graph id 11552 reused
CUDA Graph id 11554 reused
CUDA Graph id 11556 reused
CUDA Graph id 11558 reused
CUDA Graph id 11560 reused
CUDA Graph id 11562 reused
CUDA Graph id 11564 reused
CUDA Graph id 11566 reused
CUDA Graph id 11568 reused
CUDA Graph id 11570 reused
CUDA Graph id 11572 reused
CUDA Graph id 11574 reused
CUDA Graph id 11576 reused
CUDA Graph id 11480 reused
CUDA Graph id 11482 reused
CUDA Graph id 11484 reused
CUDA Graph id 11486 reused
CUDA Graph id 11488 reused
CUDA Graph id 11490 reused
CUDA Graph id 11492 reused
CUDA Graph id 11494 reused
CUDA Graph id 11496 reused
CUDA Graph id 11498 reused
CUDA Graph id 11500 reused
CUDA Graph id 11502 reused
CUDA Graph id 11504 reused
CUDA Graph id 11506 reused
CUDA Graph id 11508 reused
CUDA Graph id 11510 reused
CUDA Graph id 11512 reused
CUDA Graph id 11514 reused
CUDA Graph id 11516 reused
CUDA Graph id 11518 reused
CUDA Graph id 11520 reused
CUDA Graph id 11522 reused
CUDA Graph id 11524 reused
CUDA Graph id 11526 reused
CUDA Graph id 11528 reused
CUDA Graph id 11530 reused
CUDA Graph id 11532 reused
CUDA Graph id 11534 reused
CUDA Graph id 11536 reused
CUDA Graph id 11538 reused
CUDA Graph id 11540 reused
CUDA Graph id 11542 reused
CUDA Graph id 11544 reused
CUDA Graph id 11546 reused
CUDA Graph id 11548 reused
CUDA Graph id 11550 reused
CUDA Graph id 11552 reused
CUDA Graph id 11554 reused
CUDA Graph id 11556 reused
CUDA Graph id 11558 reused
CUDA Graph id 11560 reused
CUDA Graph id 11562 reused
CUDA Graph id 11564 reused
CUDA Graph id 11566 reused
CUDA Graph id 11568 reused
CUDA Graph id 11570 reused
CUDA Graph id 11572 reused
CUDA Graph id 11574 reused
CUDA Graph id 11576 reused
CUDA Graph id 11480 reused
CUDA Graph id 11482 reused
CUDA Graph id 11484 reused
CUDA Graph id 11486 reused
CUDA Graph id 11488 reused
CUDA Graph id 11490 reused
CUDA Graph id 11492 reused
CUDA Graph id 11494 reused
CUDA Graph id 11496 reused
CUDA Graph id 11498 reused
CUDA Graph id 11500 reused
CUDA Graph id 11502 reused
CUDA Graph id 11504 reused
CUDA Graph id 11506 reused
CUDA Graph id 11508 reused
CUDA Graph id 11510 reused
CUDA Graph id 11512 reused
CUDA Graph id 11514 reused
CUDA Graph id 11516 reused
CUDA Graph id 11518 reused
CUDA Graph id 11520 reused
CUDA Graph id 11522 reused
CUDA Graph id 11524 reused
CUDA Graph id 11526 reused
CUDA Graph id 11528 reused
CUDA Graph id 11530 reused
CUDA Graph id 11532 reused
CUDA Graph id 11534 reused
CUDA Graph id 11536 reused
CUDA Graph id 11538 reused
CUDA Graph id 11540 reused
CUDA Graph id 11542 reused
CUDA Graph id 11544 reused
CUDA Graph id 11546 reused
CUDA Graph id 11548 reused
CUDA Graph id 11550 reused
CUDA Graph id 11552 reused
CUDA Graph id 11554 reused
CUDA Graph id 11556 reused
CUDA Graph id 11558 reused
CUDA Graph id 11560 reused
CUDA Graph id 11562 reused
CUDA Graph id 11564 reused
CUDA Graph id 11566 reused
CUDA Graph id 11568 reused
CUDA Graph id 11570 reused
CUDA Graph id 11572 reused
CUDA Graph id 11574 reused
CUDA Graph id 11576 reused
CUDA Graph id 11480 reused
CUDA Graph id 11482 reused
CUDA Graph id 11484 reused
CUDA Graph id 11486 reused
CUDA Graph id 11488 reused
CUDA Graph id 11490 reused
CUDA Graph id 11492 reused
CUDA Graph id 11494 reused
CUDA Graph id 11496 reused
CUDA Graph id 11498 reused
CUDA Graph id 11500 reused
CUDA Graph id 11502 reused
CUDA Graph id 11504 reused
CUDA Graph id 11506 reused
CUDA Graph id 11508 reused
CUDA Graph id 11510 reused
CUDA Graph id 11512 reused
CUDA Graph id 11514 reused
CUDA Graph id 11516 reused
CUDA Graph id 11518 reused
CUDA Graph id 11520 reused
CUDA Graph id 11522 reused
CUDA Graph id 11524 reused
CUDA Graph id 11526 reused
CUDA Graph id 11528 reused
CUDA Graph id 11530 reused
CUDA Graph id 11532 reused
CUDA Graph id 11534 reused
CUDA Graph id 11536 reused
CUDA Graph id 11538 reused
CUDA Graph id 11540 reused
CUDA Graph id 11542 reused
CUDA Graph id 11544 reused
CUDA Graph id 11546 reused
CUDA Graph id 11548 reused
CUDA Graph id 11550 reused
CUDA Graph id 11552 reused
CUDA Graph id 11554 reused
CUDA Graph id 11556 reused
CUDA Graph id 11558 reused
CUDA Graph id 11560 reused
CUDA Graph id 11562 reused
CUDA Graph id 11564 reused
CUDA Graph id 11566 reused
CUDA Graph id 11568 reused
CUDA Graph id 11570 reused
CUDA Graph id 11572 reused
CUDA Graph id 11574 reused
CUDA Graph id 11576 reused
CUDA Graph id 11480 reused
CUDA Graph id 11482 reused
CUDA Graph id 11484 reused
CUDA Graph id 11486 reused
CUDA Graph id 11488 reused
CUDA Graph id 11490 reused
CUDA Graph id 11492 reused
CUDA Graph id 11494 reused
CUDA Graph id 11496 reused
CUDA Graph id 11498 reused
CUDA Graph id 11500 reused
CUDA Graph id 11502 reused
CUDA Graph id 11504 reused
CUDA Graph id 11506 reused
CUDA Graph id 11508 reused
CUDA Graph id 11510 reused
CUDA Graph id 11512 reused
CUDA Graph id 11514 reused
CUDA Graph id 11516 reused
CUDA Graph id 11518 reused
CUDA Graph id 11520 reused
CUDA Graph id 11522 reused
CUDA Graph id 11524 reused
CUDA Graph id 11526 reused
CUDA Graph id 11528 reused
CUDA Graph id 11530 reused
CUDA Graph id 11532 reused
CUDA Graph id 11534 reused
CUDA Graph id 11536 reused
CUDA Graph id 11538 reused
CUDA Graph id 11540 reused
CUDA Graph id 11542 reused
CUDA Graph id 11544 reused
CUDA Graph id 11546 reused
CUDA Graph id 11548 reused
CUDA Graph id 11550 reused
CUDA Graph id 11552 reused
CUDA Graph id 11554 reused
CUDA Graph id 11556 reused
CUDA Graph id 11558 reused
CUDA Graph id 11560 reused
CUDA Graph id 11562 reused
CUDA Graph id 11564 reused
CUDA Graph id 11566 reused
CUDA Graph id 11568 reused
CUDA Graph id 11570 reused
CUDA Graph id 11572 reused
CUDA Graph id 11574 reused
CUDA Graph id 11576 reused
CUDA Graph id 11480 reused
CUDA Graph id 11482 reused
CUDA Graph id 11484 reused
CUDA Graph id 11486 reused
CUDA Graph id 11488 reused
CUDA Graph id 11490 reused
CUDA Graph id 11492 reused
CUDA Graph id 11494 reused
CUDA Graph id 11496 reused
CUDA Graph id 11498 reused
CUDA Graph id 11500 reused
CUDA Graph id 11502 reused
CUDA Graph id 11504 reused
CUDA Graph id 11506 reused
CUDA Graph id 11508 reused
CUDA Graph id 11510 reused
CUDA Graph id 11512 reused
CUDA Graph id 11514 reused
CUDA Graph id 11516 reused
CUDA Graph id 11518 reused
CUDA Graph id 11520 reused
CUDA Graph id 11522 reused
CUDA Graph id 11524 reused
CUDA Graph id 11526 reused
CUDA Graph id 11528 reused
CUDA Graph id 11530 reused
CUDA Graph id 11532 reused
CUDA Graph id 11534 reused
CUDA Graph id 11536 reused
CUDA Graph id 11538 reused
CUDA Graph id 11540 reused
CUDA Graph id 11542 reused
CUDA Graph id 11544 reused
CUDA Graph id 11546 reused
CUDA Graph id 11548 reused
CUDA Graph id 11550 reused
CUDA Graph id 11552 reused
CUDA Graph id 11554 reused
CUDA Graph id 11556 reused
CUDA Graph id 11558 reused
CUDA Graph id 11560 reused
CUDA Graph id 11562 reused
CUDA Graph id 11564 reused
CUDA Graph id 11566 reused
CUDA Graph id 11568 reused
CUDA Graph id 11570 reused
CUDA Graph id 11572 reused
CUDA Graph id 11574 reused
CUDA Graph id 11576 reused
CUDA Graph id 11480 reused
CUDA Graph id 11482 reused
CUDA Graph id 11484 reused
CUDA Graph id 11486 reused
CUDA Graph id 11488 reused
CUDA Graph id 11490 reused
CUDA Graph id 11492 reused
CUDA Graph id 11494 reused
CUDA Graph id 11496 reused
CUDA Graph id 11498 reused
CUDA Graph id 11500 reused
CUDA Graph id 11502 reused
CUDA Graph id 11504 reused
CUDA Graph id 11506 reused
CUDA Graph id 11508 reused
CUDA Graph id 11510 reused
CUDA Graph id 11512 reused
CUDA Graph id 11514 reused
CUDA Graph id 11516 reused
CUDA Graph id 11518 reused
CUDA Graph id 11520 reused
CUDA Graph id 11522 reused
CUDA Graph id 11524 reused
CUDA Graph id 11526 reused
CUDA Graph id 11528 reused
CUDA Graph id 11530 reused
CUDA Graph id 11532 reused
CUDA Graph id 11534 reused
CUDA Graph id 11536 reused
CUDA Graph id 11538 reused
CUDA Graph id 11540 reused
CUDA Graph id 11542 reused
CUDA Graph id 11544 reused
CUDA Graph id 11546 reused
CUDA Graph id 11548 reused
CUDA Graph id 11550 reused
CUDA Graph id 11552 reused
CUDA Graph id 11554 reused
CUDA Graph id 11556 reused
CUDA Graph id 11558 reused
CUDA Graph id 11560 reused
CUDA Graph id 11562 reused
CUDA Graph id 11564 reused
CUDA Graph id 11566 reused
CUDA Graph id 11568 reused
CUDA Graph id 11570 reused
CUDA Graph id 11572 reused
CUDA Graph id 11574 reused
CUDA Graph id 11576 reused
CUDA Graph id 11480 reused
CUDA Graph id 11482 reused
CUDA Graph id 11484 reused
CUDA Graph id 11486 reused
CUDA Graph id 11488 reused
CUDA Graph id 11490 reused
CUDA Graph id 11492 reused
CUDA Graph id 11494 reused
CUDA Graph id 11496 reused
CUDA Graph id 11498 reused
CUDA Graph id 11500 reused
CUDA Graph id 11502 reused
CUDA Graph id 11504 reused
CUDA Graph id 11506 reused
CUDA Graph id 11508 reused
CUDA Graph id 11510 reused
CUDA Graph id 11512 reused
CUDA Graph id 11514 reused
CUDA Graph id 11516 reused
CUDA Graph id 11518 reused
CUDA Graph id 11520 reused
CUDA Graph id 11522 reused
CUDA Graph id 11524 reused
CUDA Graph id 11526 reused
CUDA Graph id 11528 reused
CUDA Graph id 11530 reused
CUDA Graph id 11532 reused
CUDA Graph id 11534 reused
CUDA Graph id 11536 reused
CUDA Graph id 11538 reused
CUDA Graph id 11540 reused
CUDA Graph id 11542 reused
CUDA Graph id 11544 reused
CUDA Graph id 11546 reused
CUDA Graph id 11548 reused
CUDA Graph id 11550 reused
CUDA Graph id 11552 reused
CUDA Graph id 11554 reused
CUDA Graph id 11556 reused
CUDA Graph id 11558 reused
CUDA Graph id 11560 reused
CUDA Graph id 11562 reused
CUDA Graph id 11564 reused
CUDA Graph id 11566 reused
CUDA Graph id 11568 reused
CUDA Graph id 11570 reused
CUDA Graph id 11572 reused
CUDA Graph id 11574 reused
CUDA Graph id 11576 reused
CUDA Graph id 11480 reused
CUDA Graph id 11482 reused
CUDA Graph id 11484 reused
CUDA Graph id 11486 reused
CUDA Graph id 11488 reused
CUDA Graph id 11490 reused
CUDA Graph id 11492 reused
CUDA Graph id 11494 reused
CUDA Graph id 11496 reused
CUDA Graph id 11498 reused
CUDA Graph id 11500 reused
CUDA Graph id 11502 reused
CUDA Graph id 11504 reused
CUDA Graph id 11506 reused
CUDA Graph id 11508 reused
CUDA Graph id 11510 reused
CUDA Graph id 11512 reused
CUDA Graph id 11514 reused
CUDA Graph id 11516 reused
CUDA Graph id 11518 reused
CUDA Graph id 11520 reused
CUDA Graph id 11522 reused
CUDA Graph id 11524 reused
CUDA Graph id 11526 reused
CUDA Graph id 11528 reused
CUDA Graph id 11530 reused
CUDA Graph id 11532 reused
CUDA Graph id 11534 reused
CUDA Graph id 11536 reused
CUDA Graph id 11538 reused
CUDA Graph id 11540 reused
CUDA Graph id 11542 reused
CUDA Graph id 11544 reused
CUDA Graph id 11546 reused
CUDA Graph id 11548 reused
CUDA Graph id 11550 reused
CUDA Graph id 11552 reused
CUDA Graph id 11554 reused
CUDA Graph id 11556 reused
CUDA Graph id 11558 reused
CUDA Graph id 11560 reused
CUDA Graph id 11562 reused
CUDA Graph id 11564 reused
CUDA Graph id 11566 reused
CUDA Graph id 11568 reused
CUDA Graph id 11570 reused
CUDA Graph id 11572 reused
CUDA Graph id 11574 reused
CUDA Graph id 11576 reused
CUDA Graph id 11480 reused
CUDA Graph id 11482 reused
CUDA Graph id 11484 reused
CUDA Graph id 11486 reused
CUDA Graph id 11488 reused
CUDA Graph id 11490 reused
CUDA Graph id 11492 reused
CUDA Graph id 11494 reused
CUDA Graph id 11496 reused
CUDA Graph id 11498 reused
CUDA Graph id 11500 reused
CUDA Graph id 11502 reused
CUDA Graph id 11504 reused
CUDA Graph id 11506 reused
CUDA Graph id 11508 reused
CUDA Graph id 11510 reused
CUDA Graph id 11512 reused
CUDA Graph id 11514 reused
CUDA Graph id 11516 reused
CUDA Graph id 11518 reused
CUDA Graph id 11520 reused
CUDA Graph id 11522 reused
CUDA Graph id 11524 reused
CUDA Graph id 11526 reused
CUDA Graph id 11528 reused
CUDA Graph id 11530 reused
CUDA Graph id 11532 reused
CUDA Graph id 11534 reused
CUDA Graph id 11536 reused
CUDA Graph id 11538 reused
CUDA Graph id 11540 reused
CUDA Graph id 11542 reused
CUDA Graph id 11544 reused
CUDA Graph id 11546 reused
CUDA Graph id 11548 reused
CUDA Graph id 11550 reused
CUDA Graph id 11552 reused
CUDA Graph id 11554 reused
CUDA Graph id 11556 reused
CUDA Graph id 11558 reused
CUDA Graph id 11560 reused
CUDA Graph id 11562 reused
CUDA Graph id 11564 reused
CUDA Graph id 11566 reused
CUDA Graph id 11568 reused
CUDA Graph id 11570 reused
CUDA Graph id 11572 reused
CUDA Graph id 11574 reused
CUDA Graph id 11576 reused
CUDA Graph id 11480 reused
CUDA Graph id 11482 reused
CUDA Graph id 11484 reused
CUDA Graph id 11486 reused
CUDA Graph id 11488 reused
CUDA Graph id 11490 reused
CUDA Graph id 11492 reused
CUDA Graph id 11494 reused
CUDA Graph id 11496 reused
CUDA Graph id 11498 reused
CUDA Graph id 11500 reused
CUDA Graph id 11502 reused
CUDA Graph id 11504 reused
CUDA Graph id 11506 reused
CUDA Graph id 11508 reused
CUDA Graph id 11510 reused
CUDA Graph id 11512 reused
CUDA Graph id 11514 reused
CUDA Graph id 11516 reused
CUDA Graph id 11518 reused
CUDA Graph id 11520 reused
CUDA Graph id 11522 reused
CUDA Graph id 11524 reused
CUDA Graph id 11526 reused
CUDA Graph id 11528 reused
CUDA Graph id 11530 reused
CUDA Graph id 11532 reused
CUDA Graph id 11534 reused
CUDA Graph id 11536 reused
CUDA Graph id 11538 reused
CUDA Graph id 11540 reused
CUDA Graph id 11542 reused
CUDA Graph id 11544 reused
CUDA Graph id 11546 reused
CUDA Graph id 11548 reused
CUDA Graph id 11550 reused
CUDA Graph id 11552 reused
CUDA Graph id 11554 reused
CUDA Graph id 11556 reused
CUDA Graph id 11558 reused
CUDA Graph id 11560 reused
CUDA Graph id 11562 reused
CUDA Graph id 11564 reused
CUDA Graph id 11566 reused
CUDA Graph id 11568 reused
CUDA Graph id 11570 reused
CUDA Graph id 11572 reused
CUDA Graph id 11574 reused
CUDA Graph id 11576 reused
CUDA Graph id 11480 reused
CUDA Graph id 11482 reused
CUDA Graph id 11484 reused
CUDA Graph id 11486 reused
CUDA Graph id 11488 reused
CUDA Graph id 11490 reused
CUDA Graph id 11492 reused
CUDA Graph id 11494 reused
CUDA Graph id 11496 reused
CUDA Graph id 11498 reused
CUDA Graph id 11500 reused
CUDA Graph id 11502 reused
CUDA Graph id 11504 reused
CUDA Graph id 11506 reused
CUDA Graph id 11508 reused
CUDA Graph id 11510 reused
CUDA Graph id 11512 reused
CUDA Graph id 11514 reused
CUDA Graph id 11516 reused
CUDA Graph id 11518 reused
CUDA Graph id 11520 reused
CUDA Graph id 11522 reused
CUDA Graph id 11524 reused
CUDA Graph id 11526 reused
CUDA Graph id 11528 reused
CUDA Graph id 11530 reused
CUDA Graph id 11532 reused
CUDA Graph id 11534 reused
CUDA Graph id 11536 reused
CUDA Graph id 11538 reused
CUDA Graph id 11540 reused
CUDA Graph id 11542 reused
CUDA Graph id 11544 reused
CUDA Graph id 11546 reused
CUDA Graph id 11548 reused
CUDA Graph id 11550 reused
CUDA Graph id 11552 reused
CUDA Graph id 11554 reused
CUDA Graph id 11556 reused
CUDA Graph id 11558 reused
CUDA Graph id 11560 reused
CUDA Graph id 11562 reused
CUDA Graph id 11564 reused
CUDA Graph id 11566 reused
CUDA Graph id 11568 reused
CUDA Graph id 11570 reused
CUDA Graph id 11572 reused
CUDA Graph id 11574 reused
CUDA Graph id 11576 reused
CUDA Graph id 11480 reused
CUDA Graph id 11482 reused
CUDA Graph id 11484 reused
CUDA Graph id 11486 reused
CUDA Graph id 11488 reused
CUDA Graph id 11490 reused
CUDA Graph id 11492 reused
CUDA Graph id 11494 reused
CUDA Graph id 11496 reused
CUDA Graph id 11498 reused
CUDA Graph id 11500 reused
CUDA Graph id 11502 reused
CUDA Graph id 11504 reused
CUDA Graph id 11506 reused
CUDA Graph id 11508 reused
CUDA Graph id 11510 reused
CUDA Graph id 11512 reused
CUDA Graph id 11514 reused
CUDA Graph id 11516 reused
CUDA Graph id 11518 reused
CUDA Graph id 11520 reused
CUDA Graph id 11522 reused
CUDA Graph id 11524 reused
CUDA Graph id 11526 reused
CUDA Graph id 11528 reused
CUDA Graph id 11530 reused
CUDA Graph id 11532 reused
CUDA Graph id 11534 reused
CUDA Graph id 11536 reused
CUDA Graph id 11538 reused
CUDA Graph id 11540 reused
CUDA Graph id 11542 reused
CUDA Graph id 11544 reused
CUDA Graph id 11546 reused
CUDA Graph id 11548 reused
CUDA Graph id 11550 reused
CUDA Graph id 11552 reused
CUDA Graph id 11554 reused
CUDA Graph id 11556 reused
CUDA Graph id 11558 reused
CUDA Graph id 11560 reused
CUDA Graph id 11562 reused
CUDA Graph id 11564 reused
CUDA Graph id 11566 reused
CUDA Graph id 11568 reused
CUDA Graph id 11570 reused
CUDA Graph id 11572 reused
CUDA Graph id 11574 reused
CUDA Graph id 11576 reused
ggml_backend_cuda_graph_compute: CUDA graph warmup reset
ggml_backend_cuda_graph_compute: CUDA graph warmup reset
ggml_backend_cuda_graph_compute: CUDA graph warmup complete
ggml_backend_cuda_graph_compute: CUDA graph warmup reset
ggml_backend_cuda_graph_compute: CUDA graph warmup reset
ggml_backend_cuda_graph_compute: CUDA graph warmup reset
ggml_backend_cuda_graph_compute: CUDA graph warmup reset
ggml_backend_cuda_graph_compute: CUDA graph warmup reset
ggml_backend_cuda_graph_compute: CUDA graph warmup reset
ggml_backend_cuda_graph_compute: CUDA graph warmup reset
ggml_backend_cuda_graph_compute: CUDA graph warmup reset
ggml_backend_cuda_graph_compute: CUDA graph warmup reset
ggml_backend_cuda_graph_compute: CUDA graph warmup reset
ggml_backend_cuda_graph_compute: CUDA graph warmup reset
ggml_backend_cuda_graph_compute: CUDA graph warmup reset
ggml_backend_cuda_graph_compute: CUDA graph warmup reset
ggml_backend_cuda_graph_compute: CUDA graph warmup reset
ggml_backend_cuda_graph_compute: CUDA graph warmup reset
ggml_backend_cuda_graph_compute: CUDA graph warmup reset
ggml_backend_cuda_graph_compute: CUDA graph warmup reset
ggml_backend_cuda_graph_compute: CUDA graph warmup reset
ggml_backend_cuda_graph_compute: CUDA graph warmup reset
ggml_backend_cuda_graph_compute: CUDA graph warmup reset
ggml_backend_cuda_graph_compute: CUDA graph warmup reset
ggml_backend_cuda_graph_compute: CUDA graph warmup reset
ggml_backend_cuda_graph_compute: CUDA graph warmup reset
ggml_backend_cuda_graph_compute: CUDA graph warmup reset
ggml_backend_cuda_graph_compute: CUDA graph warmup reset
ggml_backend_cuda_graph_compute: CUDA graph warmup reset
ggml_backend_cuda_graph_compute: CUDA graph warmup reset
ggml_backend_cuda_graph_compute: CUDA graph warmup reset
ggml_backend_cuda_graph_compute: CUDA graph warmup reset
ggml_backend_cuda_graph_compute: CUDA graph warmup reset
ggml_backend_cuda_graph_compute: CUDA graph warmup reset
ggml_backend_cuda_graph_compute: CUDA graph warmup reset
ggml_backend_cuda_graph_compute: CUDA graph warmup reset
ggml_backend_cuda_graph_compute: CUDA graph warmup reset
ggml_backend_cuda_graph_compute: CUDA graph warmup reset
ggml_backend_cuda_graph_compute: CUDA graph warmup reset
ggml_backend_cuda_graph_compute: CUDA graph warmup reset
ggml_backend_cuda_graph_compute: CUDA graph warmup reset
ggml_backend_cuda_graph_compute: CUDA graph warmup reset
ggml_backend_cuda_graph_compute: CUDA graph warmup reset
ggml_backend_cuda_graph_compute: CUDA graph warmup reset
ggml_backend_cuda_graph_compute: CUDA graph warmup reset
ggml_backend_cuda_graph_compute: CUDA graph warmup reset
ggml_backend_cuda_graph_compute: CUDA graph warmup reset
ggml_backend_cuda_graph_compute: CUDA graph warmup reset
ggml_backend_cuda_graph_compute: CUDA graph warmup reset
ggml_backend_cuda_graph_compute: CUDA graph warmup reset
ggml_backend_cuda_graph_compute: CUDA graph warmup reset
CUDA Graph id 12163 reused
ggml_backend_cuda_graph_compute: CUDA graph warmup complete
CUDA Graph id 12165 reused
ggml_backend_cuda_graph_compute: CUDA graph warmup complete
CUDA Graph id 12167 reused
ggml_backend_cuda_graph_compute: CUDA graph warmup complete
CUDA Graph id 12169 reused
ggml_backend_cuda_graph_compute: CUDA graph warmup complete
CUDA Graph id 12171 reused
ggml_backend_cuda_graph_compute: CUDA graph warmup complete
CUDA Graph id 12173 reused
ggml_backend_cuda_graph_compute: CUDA graph warmup complete
CUDA Graph id 12175 reused
ggml_backend_cuda_graph_compute: CUDA graph warmup complete
CUDA Graph id 12177 reused
ggml_backend_cuda_graph_compute: CUDA graph warmup complete
CUDA Graph id 12179 reused
ggml_backend_cuda_graph_compute: CUDA graph warmup complete
CUDA Graph id 12181 reused
ggml_backend_cuda_graph_compute: CUDA graph warmup complete
CUDA Graph id 12183 reused
ggml_backend_cuda_graph_compute: CUDA graph warmup complete
CUDA Graph id 12185 reused
ggml_backend_cuda_graph_compute: CUDA graph warmup complete
CUDA Graph id 12187 reused
ggml_backend_cuda_graph_compute: CUDA graph warmup complete
CUDA Graph id 12189 reused
ggml_backend_cuda_graph_compute: CUDA graph warmup complete
CUDA Graph id 12191 reused
ggml_backend_cuda_graph_compute: CUDA graph warmup complete
CUDA Graph id 12193 reused
ggml_backend_cuda_graph_compute: CUDA graph warmup complete
CUDA Graph id 12195 reused
ggml_backend_cuda_graph_compute: CUDA graph warmup complete
CUDA Graph id 12197 reused
ggml_backend_cuda_graph_compute: CUDA graph warmup complete
CUDA Graph id 12199 reused
ggml_backend_cuda_graph_compute: CUDA graph warmup complete
CUDA Graph id 12201 reused
ggml_backend_cuda_graph_compute: CUDA graph warmup complete
CUDA Graph id 12203 reused
ggml_backend_cuda_graph_compute: CUDA graph warmup complete
CUDA Graph id 12205 reused
ggml_backend_cuda_graph_compute: CUDA graph warmup complete
CUDA Graph id 12207 reused
ggml_backend_cuda_graph_compute: CUDA graph warmup complete
CUDA Graph id 12209 reused
ggml_backend_cuda_graph_compute: CUDA graph warmup complete
CUDA Graph id 12211 reused
ggml_backend_cuda_graph_compute: CUDA graph warmup complete
CUDA Graph id 12213 reused
ggml_backend_cuda_graph_compute: CUDA graph warmup complete
CUDA Graph id 12215 reused
ggml_backend_cuda_graph_compute: CUDA graph warmup complete
CUDA Graph id 12217 reused
ggml_backend_cuda_graph_compute: CUDA graph warmup complete
CUDA Graph id 12219 reused
ggml_backend_cuda_graph_compute: CUDA graph warmup complete
CUDA Graph id 12221 reused
ggml_backend_cuda_graph_compute: CUDA graph warmup complete
CUDA Graph id 12223 reused
ggml_backend_cuda_graph_compute: CUDA graph warmup complete
CUDA Graph id 12225 reused
ggml_backend_cuda_graph_compute: CUDA graph warmup complete
CUDA Graph id 12227 reused
ggml_backend_cuda_graph_compute: CUDA graph warmup complete
CUDA Graph id 12229 reused
ggml_backend_cuda_graph_compute: CUDA graph warmup complete
CUDA Graph id 12231 reused
ggml_backend_cuda_graph_compute: CUDA graph warmup complete
CUDA Graph id 12233 reused
ggml_backend_cuda_graph_compute: CUDA graph warmup complete
CUDA Graph id 12235 reused
ggml_backend_cuda_graph_compute: CUDA graph warmup complete
CUDA Graph id 12237 reused
ggml_backend_cuda_graph_compute: CUDA graph warmup complete
CUDA Graph id 12239 reused
ggml_backend_cuda_graph_compute: CUDA graph warmup complete
CUDA Graph id 12241 reused
ggml_backend_cuda_graph_compute: CUDA graph warmup complete
CUDA Graph id 12243 reused
ggml_backend_cuda_graph_compute: CUDA graph warmup complete
CUDA Graph id 12245 reused
ggml_backend_cuda_graph_compute: CUDA graph warmup complete
CUDA Graph id 12247 reused
ggml_backend_cuda_graph_compute: CUDA graph warmup complete
CUDA Graph id 12249 reused
ggml_backend_cuda_graph_compute: CUDA graph warmup complete
CUDA Graph id 12251 reused
ggml_backend_cuda_graph_compute: CUDA graph warmup complete
CUDA Graph id 12253 reused
ggml_backend_cuda_graph_compute: CUDA graph warmup complete
CUDA Graph id 12255 reused
ggml_backend_cuda_graph_compute: CUDA graph warmup complete
CUDA Graph id 12257 reused
ggml_backend_cuda_graph_compute: CUDA graph warmup complete
CUDA Graph id 12259 reused
ggml_backend_cuda_graph_compute: CUDA graph warmup complete
CUDA Graph id 12163 reused
CUDA Graph id 12165 reused
CUDA Graph id 12167 reused
CUDA Graph id 12169 reused
CUDA Graph id 12171 reused
CUDA Graph id 12173 reused
CUDA Graph id 12175 reused
CUDA Graph id 12177 reused
CUDA Graph id 12179 reused
CUDA Graph id 12181 reused
CUDA Graph id 12183 reused
CUDA Graph id 12185 reused
CUDA Graph id 12187 reused
CUDA Graph id 12189 reused
CUDA Graph id 12191 reused
CUDA Graph id 12193 reused
CUDA Graph id 12195 reused
CUDA Graph id 12197 reused
CUDA Graph id 12199 reused
CUDA Graph id 12201 reused
CUDA Graph id 12203 reused
CUDA Graph id 12205 reused
CUDA Graph id 12207 reused
CUDA Graph id 12209 reused
CUDA Graph id 12211 reused
CUDA Graph id 12213 reused
CUDA Graph id 12215 reused
CUDA Graph id 12217 reused
CUDA Graph id 12219 reused
CUDA Graph id 12221 reused
CUDA Graph id 12223 reused
CUDA Graph id 12225 reused
CUDA Graph id 12227 reused
CUDA Graph id 12229 reused
CUDA Graph id 12231 reused
CUDA Graph id 12233 reused
CUDA Graph id 12235 reused
CUDA Graph id 12237 reused
CUDA Graph id 12239 reused
CUDA Graph id 12241 reused
CUDA Graph id 12243 reused
CUDA Graph id 12245 reused
CUDA Graph id 12247 reused
CUDA Graph id 12249 reused
CUDA Graph id 12251 reused
CUDA Graph id 12253 reused
CUDA Graph id 12255 reused
CUDA Graph id 12257 reused
CUDA Graph id 12259 reused
CUDA Graph id 12163 reused
CUDA Graph id 12165 reused
CUDA Graph id 12167 reused
CUDA Graph id 12169 reused
CUDA Graph id 12171 reused
CUDA Graph id 12173 reused
CUDA Graph id 12175 reused
CUDA Graph id 12177 reused
CUDA Graph id 12179 reused
CUDA Graph id 12181 reused
CUDA Graph id 12183 reused
CUDA Graph id 12185 reused
CUDA Graph id 12187 reused
CUDA Graph id 12189 reused
CUDA Graph id 12191 reused
CUDA Graph id 12193 reused
CUDA Graph id 12195 reused
CUDA Graph id 12197 reused
CUDA Graph id 12199 reused
CUDA Graph id 12201 reused
CUDA Graph id 12203 reused
CUDA Graph id 12205 reused
CUDA Graph id 12207 reused
CUDA Graph id 12209 reused
CUDA Graph id 12211 reused
CUDA Graph id 12213 reused
CUDA Graph id 12215 reused
CUDA Graph id 12217 reused
CUDA Graph id 12219 reused
CUDA Graph id 12221 reused
CUDA Graph id 12223 reused
CUDA Graph id 12225 reused
CUDA Graph id 12227 reused
CUDA Graph id 12229 reused
CUDA Graph id 12231 reused
CUDA Graph id 12233 reused
CUDA Graph id 12235 reused
CUDA Graph id 12237 reused
CUDA Graph id 12239 reused
CUDA Graph id 12241 reused
CUDA Graph id 12243 reused
CUDA Graph id 12245 reused
CUDA Graph id 12247 reused
CUDA Graph id 12249 reused
CUDA Graph id 12251 reused
CUDA Graph id 12253 reused
CUDA Graph id 12255 reused
CUDA Graph id 12257 reused
CUDA Graph id 12259 reused
CUDA Graph id 12163 reused
CUDA Graph id 12165 reused
CUDA Graph id 12167 reused
CUDA Graph id 12169 reused
CUDA Graph id 12171 reused
CUDA Graph id 12173 reused
CUDA Graph id 12175 reused
CUDA Graph id 12177 reused
CUDA Graph id 12179 reused
CUDA Graph id 12181 reused
CUDA Graph id 12183 reused
CUDA Graph id 12185 reused
CUDA Graph id 12187 reused
CUDA Graph id 12189 reused
CUDA Graph id 12191 reused
CUDA Graph id 12193 reused
CUDA Graph id 12195 reused
CUDA Graph id 12197 reused
CUDA Graph id 12199 reused
CUDA Graph id 12201 reused
CUDA Graph id 12203 reused
CUDA Graph id 12205 reused
CUDA Graph id 12207 reused
CUDA Graph id 12209 reused
CUDA Graph id 12211 reused
CUDA Graph id 12213 reused
CUDA Graph id 12215 reused
CUDA Graph id 12217 reused
CUDA Graph id 12219 reused
CUDA Graph id 12221 reused
CUDA Graph id 12223 reused
CUDA Graph id 12225 reused
CUDA Graph id 12227 reused
CUDA Graph id 12229 reused
CUDA Graph id 12231 reused
CUDA Graph id 12233 reused
CUDA Graph id 12235 reused
CUDA Graph id 12237 reused
CUDA Graph id 12239 reused
CUDA Graph id 12241 reused
CUDA Graph id 12243 reused
CUDA Graph id 12245 reused
CUDA Graph id 12247 reused
CUDA Graph id 12249 reused
CUDA Graph id 12251 reused
CUDA Graph id 12253 reused
CUDA Graph id 12255 reused
CUDA Graph id 12257 reused
CUDA Graph id 12259 reused
CUDA Graph id 12163 reused
CUDA Graph id 12165 reused
CUDA Graph id 12167 reused
CUDA Graph id 12169 reused
CUDA Graph id 12171 reused
CUDA Graph id 12173 reused
CUDA Graph id 12175 reused
CUDA Graph id 12177 reused
CUDA Graph id 12179 reused
CUDA Graph id 12181 reused
CUDA Graph id 12183 reused
CUDA Graph id 12185 reused
CUDA Graph id 12187 reused
CUDA Graph id 12189 reused
CUDA Graph id 12191 reused
CUDA Graph id 12193 reused
CUDA Graph id 12195 reused
CUDA Graph id 12197 reused
CUDA Graph id 12199 reused
CUDA Graph id 12201 reused
CUDA Graph id 12203 reused
CUDA Graph id 12205 reused
CUDA Graph id 12207 reused
CUDA Graph id 12209 reused
CUDA Graph id 12211 reused
CUDA Graph id 12213 reused
CUDA Graph id 12215 reused
CUDA Graph id 12217 reused
CUDA Graph id 12219 reused
CUDA Graph id 12221 reused
CUDA Graph id 12223 reused
CUDA Graph id 12225 reused
CUDA Graph id 12227 reused
CUDA Graph id 12229 reused
CUDA Graph id 12231 reused
CUDA Graph id 12233 reused
CUDA Graph id 12235 reused
CUDA Graph id 12237 reused
CUDA Graph id 12239 reused
CUDA Graph id 12241 reused
CUDA Graph id 12243 reused
CUDA Graph id 12245 reused
CUDA Graph id 12247 reused
CUDA Graph id 12249 reused
CUDA Graph id 12251 reused
CUDA Graph id 12253 reused
CUDA Graph id 12255 reused
CUDA Graph id 12257 reused
CUDA Graph id 12259 reused
CUDA Graph id 12163 reused
CUDA Graph id 12165 reused
CUDA Graph id 12167 reused
CUDA Graph id 12169 reused
CUDA Graph id 12171 reused
CUDA Graph id 12173 reused
CUDA Graph id 12175 reused
CUDA Graph id 12177 reused
CUDA Graph id 12179 reused
CUDA Graph id 12181 reused
CUDA Graph id 12183 reused
CUDA Graph id 12185 reused
CUDA Graph id 12187 reused
CUDA Graph id 12189 reused
CUDA Graph id 12191 reused
CUDA Graph id 12193 reused
CUDA Graph id 12195 reused
CUDA Graph id 12197 reused
CUDA Graph id 12199 reused
CUDA Graph id 12201 reused
CUDA Graph id 12203 reused
CUDA Graph id 12205 reused
CUDA Graph id 12207 reused
CUDA Graph id 12209 reused
CUDA Graph id 12211 reused
CUDA Graph id 12213 reused
CUDA Graph id 12215 reused
CUDA Graph id 12217 reused
CUDA Graph id 12219 reused
CUDA Graph id 12221 reused
CUDA Graph id 12223 reused
CUDA Graph id 12225 reused
CUDA Graph id 12227 reused
CUDA Graph id 12229 reused
CUDA Graph id 12231 reused
CUDA Graph id 12233 reused
CUDA Graph id 12235 reused
CUDA Graph id 12237 reused
CUDA Graph id 12239 reused
CUDA Graph id 12241 reused
CUDA Graph id 12243 reused
CUDA Graph id 12245 reused
CUDA Graph id 12247 reused
CUDA Graph id 12249 reused
CUDA Graph id 12251 reused
CUDA Graph id 12253 reused
CUDA Graph id 12255 reused
CUDA Graph id 12257 reused
CUDA Graph id 12259 reused
CUDA Graph id 12163 reused
CUDA Graph id 12165 reused
CUDA Graph id 12167 reused
CUDA Graph id 12169 reused
CUDA Graph id 12171 reused
CUDA Graph id 12173 reused
CUDA Graph id 12175 reused
CUDA Graph id 12177 reused
CUDA Graph id 12179 reused
CUDA Graph id 12181 reused
CUDA Graph id 12183 reused
CUDA Graph id 12185 reused
CUDA Graph id 12187 reused
CUDA Graph id 12189 reused
CUDA Graph id 12191 reused
CUDA Graph id 12193 reused
CUDA Graph id 12195 reused
CUDA Graph id 12197 reused
CUDA Graph id 12199 reused
CUDA Graph id 12201 reused
CUDA Graph id 12203 reused
CUDA Graph id 12205 reused
CUDA Graph id 12207 reused
CUDA Graph id 12209 reused
CUDA Graph id 12211 reused
CUDA Graph id 12213 reused
CUDA Graph id 12215 reused
CUDA Graph id 12217 reused
CUDA Graph id 12219 reused
CUDA Graph id 12221 reused
CUDA Graph id 12223 reused
CUDA Graph id 12225 reused
CUDA Graph id 12227 reused
CUDA Graph id 12229 reused
CUDA Graph id 12231 reused
CUDA Graph id 12233 reused
CUDA Graph id 12235 reused
CUDA Graph id 12237 reused
CUDA Graph id 12239 reused
CUDA Graph id 12241 reused
CUDA Graph id 12243 reused
CUDA Graph id 12245 reused
CUDA Graph id 12247 reused
CUDA Graph id 12249 reused
CUDA Graph id 12251 reused
CUDA Graph id 12253 reused
CUDA Graph id 12255 reused
CUDA Graph id 12257 reused
CUDA Graph id 12259 reused
CUDA Graph id 12163 reused
CUDA Graph id 12165 reused
CUDA Graph id 12167 reused
CUDA Graph id 12169 reused
CUDA Graph id 12171 reused
CUDA Graph id 12173 reused
CUDA Graph id 12175 reused
CUDA Graph id 12177 reused
CUDA Graph id 12179 reused
CUDA Graph id 12181 reused
CUDA Graph id 12183 reused
CUDA Graph id 12185 reused
CUDA Graph id 12187 reused
CUDA Graph id 12189 reused
CUDA Graph id 12191 reused
CUDA Graph id 12193 reused
CUDA Graph id 12195 reused
CUDA Graph id 12197 reused
CUDA Graph id 12199 reused
CUDA Graph id 12201 reused
CUDA Graph id 12203 reused
CUDA Graph id 12205 reused
CUDA Graph id 12207 reused
CUDA Graph id 12209 reused
CUDA Graph id 12211 reused
CUDA Graph id 12213 reused
CUDA Graph id 12215 reused
CUDA Graph id 12217 reused
CUDA Graph id 12219 reused
CUDA Graph id 12221 reused
CUDA Graph id 12223 reused
CUDA Graph id 12225 reused
CUDA Graph id 12227 reused
CUDA Graph id 12229 reused
CUDA Graph id 12231 reused
CUDA Graph id 12233 reused
CUDA Graph id 12235 reused
CUDA Graph id 12237 reused
CUDA Graph id 12239 reused
CUDA Graph id 12241 reused
CUDA Graph id 12243 reused
CUDA Graph id 12245 reused
CUDA Graph id 12247 reused
CUDA Graph id 12249 reused
CUDA Graph id 12251 reused
CUDA Graph id 12253 reused
CUDA Graph id 12255 reused
CUDA Graph id 12257 reused
CUDA Graph id 12259 reused
CUDA Graph id 12163 reused
CUDA Graph id 12165 reused
CUDA Graph id 12167 reused
CUDA Graph id 12169 reused
CUDA Graph id 12171 reused
CUDA Graph id 12173 reused
CUDA Graph id 12175 reused
CUDA Graph id 12177 reused
CUDA Graph id 12179 reused
CUDA Graph id 12181 reused
CUDA Graph id 12183 reused
CUDA Graph id 12185 reused
CUDA Graph id 12187 reused
CUDA Graph id 12189 reused
CUDA Graph id 12191 reused
CUDA Graph id 12193 reused
CUDA Graph id 12195 reused
CUDA Graph id 12197 reused
CUDA Graph id 12199 reused
CUDA Graph id 12201 reused
CUDA Graph id 12203 reused
CUDA Graph id 12205 reused
CUDA Graph id 12207 reused
CUDA Graph id 12209 reused
CUDA Graph id 12211 reused
CUDA Graph id 12213 reused
CUDA Graph id 12215 reused
CUDA Graph id 12217 reused
CUDA Graph id 12219 reused
CUDA Graph id 12221 reused
CUDA Graph id 12223 reused
CUDA Graph id 12225 reused
CUDA Graph id 12227 reused
CUDA Graph id 12229 reused
CUDA Graph id 12231 reused
CUDA Graph id 12233 reused
CUDA Graph id 12235 reused
CUDA Graph id 12237 reused
CUDA Graph id 12239 reused
CUDA Graph id 12241 reused
CUDA Graph id 12243 reused
CUDA Graph id 12245 reused
CUDA Graph id 12247 reused
CUDA Graph id 12249 reused
CUDA Graph id 12251 reused
CUDA Graph id 12253 reused
CUDA Graph id 12255 reused
CUDA Graph id 12257 reused
CUDA Graph id 12259 reused
CUDA Graph id 12163 reused
CUDA Graph id 12165 reused
CUDA Graph id 12167 reused
CUDA Graph id 12169 reused
CUDA Graph id 12171 reused
CUDA Graph id 12173 reused
CUDA Graph id 12175 reused
CUDA Graph id 12177 reused
CUDA Graph id 12179 reused
CUDA Graph id 12181 reused
CUDA Graph id 12183 reused
CUDA Graph id 12185 reused
CUDA Graph id 12187 reused
CUDA Graph id 12189 reused
CUDA Graph id 12191 reused
CUDA Graph id 12193 reused
CUDA Graph id 12195 reused
CUDA Graph id 12197 reused
CUDA Graph id 12199 reused
CUDA Graph id 12201 reused
CUDA Graph id 12203 reused
CUDA Graph id 12205 reused
CUDA Graph id 12207 reused
CUDA Graph id 12209 reused
CUDA Graph id 12211 reused
CUDA Graph id 12213 reused
CUDA Graph id 12215 reused
CUDA Graph id 12217 reused
CUDA Graph id 12219 reused
CUDA Graph id 12221 reused
CUDA Graph id 12223 reused
CUDA Graph id 12225 reused
CUDA Graph id 12227 reused
CUDA Graph id 12229 reused
CUDA Graph id 12231 reused
CUDA Graph id 12233 reused
CUDA Graph id 12235 reused
CUDA Graph id 12237 reused
CUDA Graph id 12239 reused
CUDA Graph id 12241 reused
CUDA Graph id 12243 reused
CUDA Graph id 12245 reused
CUDA Graph id 12247 reused
CUDA Graph id 12249 reused
CUDA Graph id 12251 reused
CUDA Graph id 12253 reused
CUDA Graph id 12255 reused
CUDA Graph id 12257 reused
CUDA Graph id 12259 reused
CUDA Graph id 12163 reused
CUDA Graph id 12165 reused
CUDA Graph id 12167 reused
CUDA Graph id 12169 reused
CUDA Graph id 12171 reused
CUDA Graph id 12173 reused
CUDA Graph id 12175 reused
CUDA Graph id 12177 reused
CUDA Graph id 12179 reused
CUDA Graph id 12181 reused
CUDA Graph id 12183 reused
CUDA Graph id 12185 reused
CUDA Graph id 12187 reused
CUDA Graph id 12189 reused
CUDA Graph id 12191 reused
CUDA Graph id 12193 reused
CUDA Graph id 12195 reused
CUDA Graph id 12197 reused
CUDA Graph id 12199 reused
CUDA Graph id 12201 reused
CUDA Graph id 12203 reused
CUDA Graph id 12205 reused
CUDA Graph id 12207 reused
CUDA Graph id 12209 reused
CUDA Graph id 12211 reused
CUDA Graph id 12213 reused
CUDA Graph id 12215 reused
CUDA Graph id 12217 reused
CUDA Graph id 12219 reused
CUDA Graph id 12221 reused
CUDA Graph id 12223 reused
CUDA Graph id 12225 reused
CUDA Graph id 12227 reused
CUDA Graph id 12229 reused
CUDA Graph id 12231 reused
CUDA Graph id 12233 reused
CUDA Graph id 12235 reused
CUDA Graph id 12237 reused
CUDA Graph id 12239 reused
CUDA Graph id 12241 reused
CUDA Graph id 12243 reused
CUDA Graph id 12245 reused
CUDA Graph id 12247 reused
CUDA Graph id 12249 reused
CUDA Graph id 12251 reused
CUDA Graph id 12253 reused
CUDA Graph id 12255 reused
CUDA Graph id 12257 reused
CUDA Graph id 12259 reused
CUDA Graph id 12163 reused
CUDA Graph id 12165 reused
CUDA Graph id 12167 reused
CUDA Graph id 12169 reused
CUDA Graph id 12171 reused
CUDA Graph id 12173 reused
CUDA Graph id 12175 reused
CUDA Graph id 12177 reused
CUDA Graph id 12179 reused
CUDA Graph id 12181 reused
CUDA Graph id 12183 reused
CUDA Graph id 12185 reused
CUDA Graph id 12187 reused
CUDA Graph id 12189 reused
CUDA Graph id 12191 reused
CUDA Graph id 12193 reused
CUDA Graph id 12195 reused
CUDA Graph id 12197 reused
CUDA Graph id 12199 reused
CUDA Graph id 12201 reused
CUDA Graph id 12203 reused
CUDA Graph id 12205 reused
CUDA Graph id 12207 reused
CUDA Graph id 12209 reused
CUDA Graph id 12211 reused
CUDA Graph id 12213 reused
CUDA Graph id 12215 reused
CUDA Graph id 12217 reused
CUDA Graph id 12219 reused
CUDA Graph id 12221 reused
CUDA Graph id 12223 reused
CUDA Graph id 12225 reused
CUDA Graph id 12227 reused
CUDA Graph id 12229 reused
CUDA Graph id 12231 reused
CUDA Graph id 12233 reused
CUDA Graph id 12235 reused
CUDA Graph id 12237 reused
CUDA Graph id 12239 reused
CUDA Graph id 12241 reused
CUDA Graph id 12243 reused
CUDA Graph id 12245 reused
CUDA Graph id 12247 reused
CUDA Graph id 12249 reused
CUDA Graph id 12251 reused
CUDA Graph id 12253 reused
CUDA Graph id 12255 reused
CUDA Graph id 12257 reused
CUDA Graph id 12259 reused
CUDA Graph id 12163 reused
CUDA Graph id 12165 reused
CUDA Graph id 12167 reused
CUDA Graph id 12169 reused
CUDA Graph id 12171 reused
CUDA Graph id 12173 reused
CUDA Graph id 12175 reused
CUDA Graph id 12177 reused
CUDA Graph id 12179 reused
CUDA Graph id 12181 reused
CUDA Graph id 12183 reused
CUDA Graph id 12185 reused
CUDA Graph id 12187 reused
CUDA Graph id 12189 reused
CUDA Graph id 12191 reused
CUDA Graph id 12193 reused
CUDA Graph id 12195 reused
CUDA Graph id 12197 reused
CUDA Graph id 12199 reused
CUDA Graph id 12201 reused
CUDA Graph id 12203 reused
CUDA Graph id 12205 reused
CUDA Graph id 12207 reused
CUDA Graph id 12209 reused
CUDA Graph id 12211 reused
CUDA Graph id 12213 reused
CUDA Graph id 12215 reused
CUDA Graph id 12217 reused
CUDA Graph id 12219 reused
CUDA Graph id 12221 reused
CUDA Graph id 12223 reused
CUDA Graph id 12225 reused
CUDA Graph id 12227 reused
CUDA Graph id 12229 reused
CUDA Graph id 12231 reused
CUDA Graph id 12233 reused
CUDA Graph id 12235 reused
CUDA Graph id 12237 reused
CUDA Graph id 12239 reused
CUDA Graph id 12241 reused
CUDA Graph id 12243 reused
CUDA Graph id 12245 reused
CUDA Graph id 12247 reused
CUDA Graph id 12249 reused
CUDA Graph id 12251 reused
CUDA Graph id 12253 reused
CUDA Graph id 12255 reused
CUDA Graph id 12257 reused
CUDA Graph id 12259 reused
CUDA Graph id 12163 reused
CUDA Graph id 12165 reused
CUDA Graph id 12167 reused
CUDA Graph id 12169 reused
CUDA Graph id 12171 reused
CUDA Graph id 12173 reused
CUDA Graph id 12175 reused
CUDA Graph id 12177 reused
CUDA Graph id 12179 reused
CUDA Graph id 12181 reused
CUDA Graph id 12183 reused
CUDA Graph id 12185 reused
CUDA Graph id 12187 reused
CUDA Graph id 12189 reused
CUDA Graph id 12191 reused
CUDA Graph id 12193 reused
CUDA Graph id 12195 reused
CUDA Graph id 12197 reused
CUDA Graph id 12199 reused
CUDA Graph id 12201 reused
CUDA Graph id 12203 reused
CUDA Graph id 12205 reused
CUDA Graph id 12207 reused
CUDA Graph id 12209 reused
CUDA Graph id 12211 reused
CUDA Graph id 12213 reused
CUDA Graph id 12215 reused
CUDA Graph id 12217 reused
CUDA Graph id 12219 reused
CUDA Graph id 12221 reused
CUDA Graph id 12223 reused
CUDA Graph id 12225 reused
CUDA Graph id 12227 reused
CUDA Graph id 12229 reused
CUDA Graph id 12231 reused
CUDA Graph id 12233 reused
CUDA Graph id 12235 reused
CUDA Graph id 12237 reused
CUDA Graph id 12239 reused
CUDA Graph id 12241 reused
CUDA Graph id 12243 reused
CUDA Graph id 12245 reused
CUDA Graph id 12247 reused
CUDA Graph id 12249 reused
CUDA Graph id 12251 reused
CUDA Graph id 12253 reused
CUDA Graph id 12255 reused
CUDA Graph id 12257 reused
CUDA Graph id 12259 reused
CUDA Graph id 12163 reused
CUDA Graph id 12165 reused
CUDA Graph id 12167 reused
CUDA Graph id 12169 reused
CUDA Graph id 12171 reused
CUDA Graph id 12173 reused
CUDA Graph id 12175 reused
CUDA Graph id 12177 reused
CUDA Graph id 12179 reused
CUDA Graph id 12181 reused
CUDA Graph id 12183 reused
CUDA Graph id 12185 reused
CUDA Graph id 12187 reused
CUDA Graph id 12189 reused
CUDA Graph id 12191 reused
CUDA Graph id 12193 reused
CUDA Graph id 12195 reused
CUDA Graph id 12197 reused
CUDA Graph id 12199 reused
CUDA Graph id 12201 reused
CUDA Graph id 12203 reused
CUDA Graph id 12205 reused
CUDA Graph id 12207 reused
CUDA Graph id 12209 reused
CUDA Graph id 12211 reused
CUDA Graph id 12213 reused
CUDA Graph id 12215 reused
CUDA Graph id 12217 reused
CUDA Graph id 12219 reused
CUDA Graph id 12221 reused
CUDA Graph id 12223 reused
CUDA Graph id 12225 reused
CUDA Graph id 12227 reused
CUDA Graph id 12229 reused
CUDA Graph id 12231 reused
CUDA Graph id 12233 reused
CUDA Graph id 12235 reused
CUDA Graph id 12237 reused
CUDA Graph id 12239 reused
CUDA Graph id 12241 reused
CUDA Graph id 12243 reused
CUDA Graph id 12245 reused
CUDA Graph id 12247 reused
CUDA Graph id 12249 reused
CUDA Graph id 12251 reused
CUDA Graph id 12253 reused
CUDA Graph id 12255 reused
CUDA Graph id 12257 reused
CUDA Graph id 12259 reused
CUDA Graph id 12163 reused
CUDA Graph id 12165 reused
CUDA Graph id 12167 reused
CUDA Graph id 12169 reused
CUDA Graph id 12171 reused
CUDA Graph id 12173 reused
CUDA Graph id 12175 reused
CUDA Graph id 12177 reused
CUDA Graph id 12179 reused
CUDA Graph id 12181 reused
CUDA Graph id 12183 reused
CUDA Graph id 12185 reused
CUDA Graph id 12187 reused
CUDA Graph id 12189 reused
CUDA Graph id 12191 reused
CUDA Graph id 12193 reused
CUDA Graph id 12195 reused
CUDA Graph id 12197 reused
CUDA Graph id 12199 reused
CUDA Graph id 12201 reused
CUDA Graph id 12203 reused
CUDA Graph id 12205 reused
CUDA Graph id 12207 reused
CUDA Graph id 12209 reused
CUDA Graph id 12211 reused
CUDA Graph id 12213 reused
CUDA Graph id 12215 reused
CUDA Graph id 12217 reused
CUDA Graph id 12219 reused
CUDA Graph id 12221 reused
CUDA Graph id 12223 reused
CUDA Graph id 12225 reused
CUDA Graph id 12227 reused
CUDA Graph id 12229 reused
CUDA Graph id 12231 reused
CUDA Graph id 12233 reused
CUDA Graph id 12235 reused
CUDA Graph id 12237 reused
CUDA Graph id 12239 reused
CUDA Graph id 12241 reused
CUDA Graph id 12243 reused
CUDA Graph id 12245 reused
CUDA Graph id 12247 reused
CUDA Graph id 12249 reused
CUDA Graph id 12251 reused
CUDA Graph id 12253 reused
CUDA Graph id 12255 reused
CUDA Graph id 12257 reused
CUDA Graph id 12259 reused
CUDA Graph id 12163 reused
CUDA Graph id 12165 reused
CUDA Graph id 12167 reused
CUDA Graph id 12169 reused
CUDA Graph id 12171 reused
CUDA Graph id 12173 reused
CUDA Graph id 12175 reused
CUDA Graph id 12177 reused
CUDA Graph id 12179 reused
CUDA Graph id 12181 reused
CUDA Graph id 12183 reused
CUDA Graph id 12185 reused
CUDA Graph id 12187 reused
CUDA Graph id 12189 reused
CUDA Graph id 12191 reused
CUDA Graph id 12193 reused
CUDA Graph id 12195 reused
CUDA Graph id 12197 reused
CUDA Graph id 12199 reused
CUDA Graph id 12201 reused
CUDA Graph id 12203 reused
CUDA Graph id 12205 reused
CUDA Graph id 12207 reused
CUDA Graph id 12209 reused
CUDA Graph id 12211 reused
CUDA Graph id 12213 reused
CUDA Graph id 12215 reused
CUDA Graph id 12217 reused
CUDA Graph id 12219 reused
CUDA Graph id 12221 reused
CUDA Graph id 12223 reused
CUDA Graph id 12225 reused
CUDA Graph id 12227 reused
CUDA Graph id 12229 reused
CUDA Graph id 12231 reused
CUDA Graph id 12233 reused
CUDA Graph id 12235 reused
CUDA Graph id 12237 reused
CUDA Graph id 12239 reused
CUDA Graph id 12241 reused
CUDA Graph id 12243 reused
CUDA Graph id 12245 reused
CUDA Graph id 12247 reused
CUDA Graph id 12249 reused
CUDA Graph id 12251 reused
CUDA Graph id 12253 reused
CUDA Graph id 12255 reused
CUDA Graph id 12257 reused
CUDA Graph id 12259 reused
CUDA Graph id 12163 reused
CUDA Graph id 12165 reused
CUDA Graph id 12167 reused
CUDA Graph id 12169 reused
CUDA Graph id 12171 reused
CUDA Graph id 12173 reused
CUDA Graph id 12175 reused
CUDA Graph id 12177 reused
CUDA Graph id 12179 reused
CUDA Graph id 12181 reused
CUDA Graph id 12183 reused
CUDA Graph id 12185 reused
CUDA Graph id 12187 reused
CUDA Graph id 12189 reused
CUDA Graph id 12191 reused
CUDA Graph id 12193 reused
CUDA Graph id 12195 reused
CUDA Graph id 12197 reused
CUDA Graph id 12199 reused
CUDA Graph id 12201 reused
CUDA Graph id 12203 reused
CUDA Graph id 12205 reused
CUDA Graph id 12207 reused
CUDA Graph id 12209 reused
CUDA Graph id 12211 reused
CUDA Graph id 12213 reused
CUDA Graph id 12215 reused
CUDA Graph id 12217 reused
CUDA Graph id 12219 reused
CUDA Graph id 12221 reused
CUDA Graph id 12223 reused
CUDA Graph id 12225 reused
CUDA Graph id 12227 reused
CUDA Graph id 12229 reused
CUDA Graph id 12231 reused
CUDA Graph id 12233 reused
CUDA Graph id 12235 reused
CUDA Graph id 12237 reused
CUDA Graph id 12239 reused
CUDA Graph id 12241 reused
CUDA Graph id 12243 reused
CUDA Graph id 12245 reused
CUDA Graph id 12247 reused
CUDA Graph id 12249 reused
CUDA Graph id 12251 reused
CUDA Graph id 12253 reused
CUDA Graph id 12255 reused
CUDA Graph id 12257 reused
CUDA Graph id 12259 reused
CUDA Graph id 12163 reused
CUDA Graph id 12165 reused
CUDA Graph id 12167 reused
CUDA Graph id 12169 reused
CUDA Graph id 12171 reused
CUDA Graph id 12173 reused
CUDA Graph id 12175 reused
CUDA Graph id 12177 reused
CUDA Graph id 12179 reused
CUDA Graph id 12181 reused
CUDA Graph id 12183 reused
CUDA Graph id 12185 reused
CUDA Graph id 12187 reused
CUDA Graph id 12189 reused
CUDA Graph id 12191 reused
CUDA Graph id 12193 reused
CUDA Graph id 12195 reused
CUDA Graph id 12197 reused
CUDA Graph id 12199 reused
CUDA Graph id 12201 reused
CUDA Graph id 12203 reused
CUDA Graph id 12205 reused
CUDA Graph id 12207 reused
CUDA Graph id 12209 reused
CUDA Graph id 12211 reused
CUDA Graph id 12213 reused
CUDA Graph id 12215 reused
CUDA Graph id 12217 reused
CUDA Graph id 12219 reused
CUDA Graph id 12221 reused
CUDA Graph id 12223 reused
CUDA Graph id 12225 reused
CUDA Graph id 12227 reused
CUDA Graph id 12229 reused
CUDA Graph id 12231 reused
CUDA Graph id 12233 reused
CUDA Graph id 12235 reused
CUDA Graph id 12237 reused
CUDA Graph id 12239 reused
CUDA Graph id 12241 reused
CUDA Graph id 12243 reused
CUDA Graph id 12245 reused
CUDA Graph id 12247 reused
CUDA Graph id 12249 reused
CUDA Graph id 12251 reused
CUDA Graph id 12253 reused
CUDA Graph id 12255 reused
CUDA Graph id 12257 reused
CUDA Graph id 12259 reused
CUDA Graph id 12163 reused
CUDA Graph id 12165 reused
CUDA Graph id 12167 reused
CUDA Graph id 12169 reused
CUDA Graph id 12171 reused
CUDA Graph id 12173 reused
CUDA Graph id 12175 reused
CUDA Graph id 12177 reused
CUDA Graph id 12179 reused
CUDA Graph id 12181 reused
CUDA Graph id 12183 reused
CUDA Graph id 12185 reused
CUDA Graph id 12187 reused
CUDA Graph id 12189 reused
CUDA Graph id 12191 reused
CUDA Graph id 12193 reused
CUDA Graph id 12195 reused
CUDA Graph id 12197 reused
CUDA Graph id 12199 reused
CUDA Graph id 12201 reused
CUDA Graph id 12203 reused
CUDA Graph id 12205 reused
CUDA Graph id 12207 reused
CUDA Graph id 12209 reused
CUDA Graph id 12211 reused
CUDA Graph id 12213 reused
CUDA Graph id 12215 reused
CUDA Graph id 12217 reused
CUDA Graph id 12219 reused
CUDA Graph id 12221 reused
CUDA Graph id 12223 reused
CUDA Graph id 12225 reused
CUDA Graph id 12227 reused
CUDA Graph id 12229 reused
CUDA Graph id 12231 reused
CUDA Graph id 12233 reused
CUDA Graph id 12235 reused
CUDA Graph id 12237 reused
CUDA Graph id 12239 reused
CUDA Graph id 12241 reused
CUDA Graph id 12243 reused
CUDA Graph id 12245 reused
CUDA Graph id 12247 reused
CUDA Graph id 12249 reused
CUDA Graph id 12251 reused
CUDA Graph id 12253 reused
CUDA Graph id 12255 reused
CUDA Graph id 12257 reused
CUDA Graph id 12259 reused
CUDA Graph id 12163 reused
CUDA Graph id 12165 reused
CUDA Graph id 12167 reused
CUDA Graph id 12169 reused
CUDA Graph id 12171 reused
CUDA Graph id 12173 reused
CUDA Graph id 12175 reused
CUDA Graph id 12177 reused
CUDA Graph id 12179 reused
CUDA Graph id 12181 reused
CUDA Graph id 12183 reused
CUDA Graph id 12185 reused
CUDA Graph id 12187 reused
CUDA Graph id 12189 reused
CUDA Graph id 12191 reused
CUDA Graph id 12193 reused
CUDA Graph id 12195 reused
CUDA Graph id 12197 reused
CUDA Graph id 12199 reused
CUDA Graph id 12201 reused
CUDA Graph id 12203 reused
CUDA Graph id 12205 reused
CUDA Graph id 12207 reused
CUDA Graph id 12209 reused
CUDA Graph id 12211 reused
CUDA Graph id 12213 reused
CUDA Graph id 12215 reused
CUDA Graph id 12217 reused
CUDA Graph id 12219 reused
CUDA Graph id 12221 reused
CUDA Graph id 12223 reused
CUDA Graph id 12225 reused
CUDA Graph id 12227 reused
CUDA Graph id 12229 reused
CUDA Graph id 12231 reused
CUDA Graph id 12233 reused
CUDA Graph id 12235 reused
CUDA Graph id 12237 reused
CUDA Graph id 12239 reused
CUDA Graph id 12241 reused
CUDA Graph id 12243 reused
CUDA Graph id 12245 reused
CUDA Graph id 12247 reused
CUDA Graph id 12249 reused
CUDA Graph id 12251 reused
CUDA Graph id 12253 reused
CUDA Graph id 12255 reused
CUDA Graph id 12257 reused
CUDA Graph id 12259 reused
CUDA Graph id 12163 reused
CUDA Graph id 12165 reused
CUDA Graph id 12167 reused
CUDA Graph id 12169 reused
CUDA Graph id 12171 reused
CUDA Graph id 12173 reused
CUDA Graph id 12175 reused
CUDA Graph id 12177 reused
CUDA Graph id 12179 reused
CUDA Graph id 12181 reused
CUDA Graph id 12183 reused
CUDA Graph id 12185 reused
CUDA Graph id 12187 reused
CUDA Graph id 12189 reused
CUDA Graph id 12191 reused
CUDA Graph id 12193 reused
CUDA Graph id 12195 reused
CUDA Graph id 12197 reused
CUDA Graph id 12199 reused
CUDA Graph id 12201 reused
CUDA Graph id 12203 reused
CUDA Graph id 12205 reused
CUDA Graph id 12207 reused
CUDA Graph id 12209 reused
CUDA Graph id 12211 reused
CUDA Graph id 12213 reused
CUDA Graph id 12215 reused
CUDA Graph id 12217 reused
CUDA Graph id 12219 reused
CUDA Graph id 12221 reused
CUDA Graph id 12223 reused
CUDA Graph id 12225 reused
CUDA Graph id 12227 reused
CUDA Graph id 12229 reused
CUDA Graph id 12231 reused
CUDA Graph id 12233 reused
CUDA Graph id 12235 reused
CUDA Graph id 12237 reused
CUDA Graph id 12239 reused
CUDA Graph id 12241 reused
CUDA Graph id 12243 reused
CUDA Graph id 12245 reused
CUDA Graph id 12247 reused
CUDA Graph id 12249 reused
CUDA Graph id 12251 reused
CUDA Graph id 12253 reused
CUDA Graph id 12255 reused
CUDA Graph id 12257 reused
CUDA Graph id 12259 reused
CUDA Graph id 12163 reused
CUDA Graph id 12165 reused
CUDA Graph id 12167 reused
CUDA Graph id 12169 reused
CUDA Graph id 12171 reused
CUDA Graph id 12173 reused
CUDA Graph id 12175 reused
CUDA Graph id 12177 reused
CUDA Graph id 12179 reused
CUDA Graph id 12181 reused
CUDA Graph id 12183 reused
CUDA Graph id 12185 reused
CUDA Graph id 12187 reused
CUDA Graph id 12189 reused
CUDA Graph id 12191 reused
CUDA Graph id 12193 reused
CUDA Graph id 12195 reused
CUDA Graph id 12197 reused
CUDA Graph id 12199 reused
CUDA Graph id 12201 reused
CUDA Graph id 12203 reused
CUDA Graph id 12205 reused
CUDA Graph id 12207 reused
CUDA Graph id 12209 reused
CUDA Graph id 12211 reused
CUDA Graph id 12213 reused
CUDA Graph id 12215 reused
CUDA Graph id 12217 reused
CUDA Graph id 12219 reused
CUDA Graph id 12221 reused
CUDA Graph id 12223 reused
CUDA Graph id 12225 reused
CUDA Graph id 12227 reused
CUDA Graph id 12229 reused
CUDA Graph id 12231 reused
CUDA Graph id 12233 reused
CUDA Graph id 12235 reused
CUDA Graph id 12237 reused
CUDA Graph id 12239 reused
CUDA Graph id 12241 reused
CUDA Graph id 12243 reused
CUDA Graph id 12245 reused
CUDA Graph id 12247 reused
CUDA Graph id 12249 reused
CUDA Graph id 12251 reused
CUDA Graph id 12253 reused
CUDA Graph id 12255 reused
CUDA Graph id 12257 reused
CUDA Graph id 12259 reused
CUDA Graph id 12163 reused
CUDA Graph id 12165 reused
CUDA Graph id 12167 reused
CUDA Graph id 12169 reused
CUDA Graph id 12171 reused
CUDA Graph id 12173 reused
CUDA Graph id 12175 reused
CUDA Graph id 12177 reused
CUDA Graph id 12179 reused
CUDA Graph id 12181 reused
CUDA Graph id 12183 reused
CUDA Graph id 12185 reused
CUDA Graph id 12187 reused
CUDA Graph id 12189 reused
CUDA Graph id 12191 reused
CUDA Graph id 12193 reused
CUDA Graph id 12195 reused
CUDA Graph id 12197 reused
CUDA Graph id 12199 reused
CUDA Graph id 12201 reused
CUDA Graph id 12203 reused
CUDA Graph id 12205 reused
CUDA Graph id 12207 reused
CUDA Graph id 12209 reused
CUDA Graph id 12211 reused
CUDA Graph id 12213 reused
CUDA Graph id 12215 reused
CUDA Graph id 12217 reused
CUDA Graph id 12219 reused
CUDA Graph id 12221 reused
CUDA Graph id 12223 reused
CUDA Graph id 12225 reused
CUDA Graph id 12227 reused
CUDA Graph id 12229 reused
CUDA Graph id 12231 reused
CUDA Graph id 12233 reused
CUDA Graph id 12235 reused
CUDA Graph id 12237 reused
CUDA Graph id 12239 reused
CUDA Graph id 12241 reused
CUDA Graph id 12243 reused
CUDA Graph id 12245 reused
CUDA Graph id 12247 reused
CUDA Graph id 12249 reused
CUDA Graph id 12251 reused
CUDA Graph id 12253 reused
CUDA Graph id 12255 reused
CUDA Graph id 12257 reused
CUDA Graph id 12259 reused
CUDA Graph id 12163 reused
CUDA Graph id 12165 reused
CUDA Graph id 12167 reused
CUDA Graph id 12169 reused
CUDA Graph id 12171 reused
CUDA Graph id 12173 reused
CUDA Graph id 12175 reused
CUDA Graph id 12177 reused
CUDA Graph id 12179 reused
CUDA Graph id 12181 reused
CUDA Graph id 12183 reused
CUDA Graph id 12185 reused
CUDA Graph id 12187 reused
CUDA Graph id 12189 reused
CUDA Graph id 12191 reused
CUDA Graph id 12193 reused
CUDA Graph id 12195 reused
CUDA Graph id 12197 reused
CUDA Graph id 12199 reused
CUDA Graph id 12201 reused
CUDA Graph id 12203 reused
CUDA Graph id 12205 reused
CUDA Graph id 12207 reused
CUDA Graph id 12209 reused
CUDA Graph id 12211 reused
CUDA Graph id 12213 reused
CUDA Graph id 12215 reused
CUDA Graph id 12217 reused
CUDA Graph id 12219 reused
CUDA Graph id 12221 reused
CUDA Graph id 12223 reused
CUDA Graph id 12225 reused
CUDA Graph id 12227 reused
CUDA Graph id 12229 reused
CUDA Graph id 12231 reused
CUDA Graph id 12233 reused
CUDA Graph id 12235 reused
CUDA Graph id 12237 reused
CUDA Graph id 12239 reused
CUDA Graph id 12241 reused
CUDA Graph id 12243 reused
CUDA Graph id 12245 reused
CUDA Graph id 12247 reused
CUDA Graph id 12249 reused
CUDA Graph id 12251 reused
CUDA Graph id 12253 reused
CUDA Graph id 12255 reused
CUDA Graph id 12257 reused
CUDA Graph id 12259 reused
CUDA Graph id 12163 reused
CUDA Graph id 12165 reused
CUDA Graph id 12167 reused
CUDA Graph id 12169 reused
CUDA Graph id 12171 reused
CUDA Graph id 12173 reused
CUDA Graph id 12175 reused
CUDA Graph id 12177 reused
CUDA Graph id 12179 reused
CUDA Graph id 12181 reused
CUDA Graph id 12183 reused
CUDA Graph id 12185 reused
CUDA Graph id 12187 reused
CUDA Graph id 12189 reused
CUDA Graph id 12191 reused
CUDA Graph id 12193 reused
CUDA Graph id 12195 reused
CUDA Graph id 12197 reused
CUDA Graph id 12199 reused
CUDA Graph id 12201 reused
CUDA Graph id 12203 reused
CUDA Graph id 12205 reused
CUDA Graph id 12207 reused
CUDA Graph id 12209 reused
CUDA Graph id 12211 reused
CUDA Graph id 12213 reused
CUDA Graph id 12215 reused
CUDA Graph id 12217 reused
CUDA Graph id 12219 reused
CUDA Graph id 12221 reused
CUDA Graph id 12223 reused
CUDA Graph id 12225 reused
CUDA Graph id 12227 reused
CUDA Graph id 12229 reused
CUDA Graph id 12231 reused
CUDA Graph id 12233 reused
CUDA Graph id 12235 reused
CUDA Graph id 12237 reused
CUDA Graph id 12239 reused
CUDA Graph id 12241 reused
CUDA Graph id 12243 reused
CUDA Graph id 12245 reused
CUDA Graph id 12247 reused
CUDA Graph id 12249 reused
CUDA Graph id 12251 reused
CUDA Graph id 12253 reused
CUDA Graph id 12255 reused
CUDA Graph id 12257 reused
CUDA Graph id 12259 reused
CUDA Graph id 12163 reused
CUDA Graph id 12165 reused
CUDA Graph id 12167 reused
CUDA Graph id 12169 reused
CUDA Graph id 12171 reused
CUDA Graph id 12173 reused
CUDA Graph id 12175 reused
CUDA Graph id 12177 reused
CUDA Graph id 12179 reused
CUDA Graph id 12181 reused
CUDA Graph id 12183 reused
CUDA Graph id 12185 reused
CUDA Graph id 12187 reused
CUDA Graph id 12189 reused
CUDA Graph id 12191 reused
CUDA Graph id 12193 reused
CUDA Graph id 12195 reused
CUDA Graph id 12197 reused
CUDA Graph id 12199 reused
CUDA Graph id 12201 reused
CUDA Graph id 12203 reused
CUDA Graph id 12205 reused
CUDA Graph id 12207 reused
CUDA Graph id 12209 reused
CUDA Graph id 12211 reused
CUDA Graph id 12213 reused
CUDA Graph id 12215 reused
CUDA Graph id 12217 reused
CUDA Graph id 12219 reused
CUDA Graph id 12221 reused
CUDA Graph id 12223 reused
CUDA Graph id 12225 reused
CUDA Graph id 12227 reused
CUDA Graph id 12229 reused
CUDA Graph id 12231 reused
CUDA Graph id 12233 reused
CUDA Graph id 12235 reused
CUDA Graph id 12237 reused
CUDA Graph id 12239 reused
CUDA Graph id 12241 reused
CUDA Graph id 12243 reused
CUDA Graph id 12245 reused
CUDA Graph id 12247 reused
CUDA Graph id 12249 reused
CUDA Graph id 12251 reused
CUDA Graph id 12253 reused
CUDA Graph id 12255 reused
CUDA Graph id 12257 reused
CUDA Graph id 12259 reused
CUDA Graph id 12163 reused
CUDA Graph id 12165 reused
CUDA Graph id 12167 reused
CUDA Graph id 12169 reused
CUDA Graph id 12171 reused
CUDA Graph id 12173 reused
CUDA Graph id 12175 reused
CUDA Graph id 12177 reused
CUDA Graph id 12179 reused
CUDA Graph id 12181 reused
CUDA Graph id 12183 reused
CUDA Graph id 12185 reused
CUDA Graph id 12187 reused
CUDA Graph id 12189 reused
CUDA Graph id 12191 reused
CUDA Graph id 12193 reused
CUDA Graph id 12195 reused
CUDA Graph id 12197 reused
CUDA Graph id 12199 reused
CUDA Graph id 12201 reused
CUDA Graph id 12203 reused
CUDA Graph id 12205 reused
CUDA Graph id 12207 reused
CUDA Graph id 12209 reused
CUDA Graph id 12211 reused
CUDA Graph id 12213 reused
CUDA Graph id 12215 reused
CUDA Graph id 12217 reused
CUDA Graph id 12219 reused
CUDA Graph id 12221 reused
CUDA Graph id 12223 reused
CUDA Graph id 12225 reused
CUDA Graph id 12227 reused
CUDA Graph id 12229 reused
CUDA Graph id 12231 reused
CUDA Graph id 12233 reused
CUDA Graph id 12235 reused
CUDA Graph id 12237 reused
CUDA Graph id 12239 reused
CUDA Graph id 12241 reused
CUDA Graph id 12243 reused
CUDA Graph id 12245 reused
CUDA Graph id 12247 reused
CUDA Graph id 12249 reused
CUDA Graph id 12251 reused
CUDA Graph id 12253 reused
CUDA Graph id 12255 reused
CUDA Graph id 12257 reused
CUDA Graph id 12259 reused
CUDA Graph id 12163 reused
CUDA Graph id 12165 reused
CUDA Graph id 12167 reused
CUDA Graph id 12169 reused
CUDA Graph id 12171 reused
CUDA Graph id 12173 reused
CUDA Graph id 12175 reused
CUDA Graph id 12177 reused
CUDA Graph id 12179 reused
CUDA Graph id 12181 reused
CUDA Graph id 12183 reused
CUDA Graph id 12185 reused
CUDA Graph id 12187 reused
CUDA Graph id 12189 reused
CUDA Graph id 12191 reused
CUDA Graph id 12193 reused
CUDA Graph id 12195 reused
CUDA Graph id 12197 reused
CUDA Graph id 12199 reused
CUDA Graph id 12201 reused
CUDA Graph id 12203 reused
CUDA Graph id 12205 reused
CUDA Graph id 12207 reused
CUDA Graph id 12209 reused
CUDA Graph id 12211 reused
CUDA Graph id 12213 reused
CUDA Graph id 12215 reused
CUDA Graph id 12217 reused
CUDA Graph id 12219 reused
CUDA Graph id 12221 reused
CUDA Graph id 12223 reused
CUDA Graph id 12225 reused
CUDA Graph id 12227 reused
CUDA Graph id 12229 reused
CUDA Graph id 12231 reused
CUDA Graph id 12233 reused
CUDA Graph id 12235 reused
CUDA Graph id 12237 reused
CUDA Graph id 12239 reused
CUDA Graph id 12241 reused
CUDA Graph id 12243 reused
CUDA Graph id 12245 reused
CUDA Graph id 12247 reused
CUDA Graph id 12249 reused
CUDA Graph id 12251 reused
CUDA Graph id 12253 reused
CUDA Graph id 12255 reused
CUDA Graph id 12257 reused
CUDA Graph id 12259 reused
CUDA Graph id 12163 reused
CUDA Graph id 12165 reused
CUDA Graph id 12167 reused
CUDA Graph id 12169 reused
CUDA Graph id 12171 reused
CUDA Graph id 12173 reused
CUDA Graph id 12175 reused
CUDA Graph id 12177 reused
CUDA Graph id 12179 reused
CUDA Graph id 12181 reused
CUDA Graph id 12183 reused
CUDA Graph id 12185 reused
CUDA Graph id 12187 reused
CUDA Graph id 12189 reused
CUDA Graph id 12191 reused
CUDA Graph id 12193 reused
CUDA Graph id 12195 reused
CUDA Graph id 12197 reused
CUDA Graph id 12199 reused
CUDA Graph id 12201 reused
CUDA Graph id 12203 reused
CUDA Graph id 12205 reused
CUDA Graph id 12207 reused
CUDA Graph id 12209 reused
CUDA Graph id 12211 reused
CUDA Graph id 12213 reused
CUDA Graph id 12215 reused
CUDA Graph id 12217 reused
CUDA Graph id 12219 reused
CUDA Graph id 12221 reused
CUDA Graph id 12223 reused
CUDA Graph id 12225 reused
CUDA Graph id 12227 reused
CUDA Graph id 12229 reused
CUDA Graph id 12231 reused
CUDA Graph id 12233 reused
CUDA Graph id 12235 reused
CUDA Graph id 12237 reused
CUDA Graph id 12239 reused
CUDA Graph id 12241 reused
CUDA Graph id 12243 reused
CUDA Graph id 12245 reused
CUDA Graph id 12247 reused
CUDA Graph id 12249 reused
CUDA Graph id 12251 reused
CUDA Graph id 12253 reused
CUDA Graph id 12255 reused
CUDA Graph id 12257 reused
CUDA Graph id 12259 reused
ggml_backend_cuda_graph_compute: CUDA graph warmup reset
ggml_backend_cuda_graph_compute: CUDA graph warmup reset
ggml_backend_cuda_graph_compute: CUDA graph warmup complete
ggml_backend_cuda_graph_compute: CUDA graph warmup reset
CUDA Graph id 12846 reused
ggml_backend_cuda_graph_compute: CUDA graph warmup complete
CUDA Graph id 12848 reused
CUDA Graph id 12850 reused
CUDA Graph id 12852 reused
CUDA Graph id 12854 reused
CUDA Graph id 12856 reused
CUDA Graph id 12858 reused
CUDA Graph id 12860 reused
CUDA Graph id 12862 reused
CUDA Graph id 12864 reused
CUDA Graph id 12866 reused
CUDA Graph id 12868 reused
CUDA Graph id 12870 reused
CUDA Graph id 12872 reused
CUDA Graph id 12874 reused
CUDA Graph id 12876 reused
CUDA Graph id 12878 reused
CUDA Graph id 12880 reused
CUDA Graph id 12882 reused
CUDA Graph id 12884 reused
CUDA Graph id 12886 reused
CUDA Graph id 12888 reused
CUDA Graph id 12890 reused
CUDA Graph id 12892 reused
CUDA Graph id 12894 reused
CUDA Graph id 12896 reused
CUDA Graph id 12898 reused
CUDA Graph id 12900 reused
CUDA Graph id 12902 reused
CUDA Graph id 12904 reused
CUDA Graph id 12906 reused
CUDA Graph id 12908 reused
CUDA Graph id 12910 reused
CUDA Graph id 12912 reused
CUDA Graph id 12914 reused
CUDA Graph id 12916 reused
CUDA Graph id 12918 reused
CUDA Graph id 12920 reused
CUDA Graph id 12922 reused
CUDA Graph id 12924 reused
CUDA Graph id 12926 reused
CUDA Graph id 12928 reused
CUDA Graph id 12930 reused
CUDA Graph id 12932 reused
CUDA Graph id 12934 reused
CUDA Graph id 12936 reused
CUDA Graph id 12938 reused
CUDA Graph id 12940 reused
CUDA Graph id 12942 reused
ggml_backend_cuda_graph_compute: CUDA graph warmup complete
CUDA Graph id 12846 reused
CUDA Graph id 12848 reused
CUDA Graph id 12850 reused
CUDA Graph id 12852 reused
CUDA Graph id 12854 reused
CUDA Graph id 12856 reused
CUDA Graph id 12858 reused
CUDA Graph id 12860 reused
CUDA Graph id 12862 reused
CUDA Graph id 12864 reused
CUDA Graph id 12866 reused
CUDA Graph id 12868 reused
CUDA Graph id 12870 reused
CUDA Graph id 12872 reused
CUDA Graph id 12874 reused
CUDA Graph id 12876 reused
CUDA Graph id 12878 reused
CUDA Graph id 12880 reused
CUDA Graph id 12882 reused
CUDA Graph id 12884 reused
CUDA Graph id 12886 reused
CUDA Graph id 12888 reused
CUDA Graph id 12890 reused
CUDA Graph id 12892 reused
CUDA Graph id 12894 reused
CUDA Graph id 12896 reused
CUDA Graph id 12898 reused
CUDA Graph id 12900 reused
CUDA Graph id 12902 reused
CUDA Graph id 12904 reused
CUDA Graph id 12906 reused
CUDA Graph id 12908 reused
CUDA Graph id 12910 reused
CUDA Graph id 12912 reused
CUDA Graph id 12914 reused
CUDA Graph id 12916 reused
CUDA Graph id 12918 reused
CUDA Graph id 12920 reused
CUDA Graph id 12922 reused
CUDA Graph id 12924 reused
CUDA Graph id 12926 reused
CUDA Graph id 12928 reused
CUDA Graph id 12930 reused
CUDA Graph id 12932 reused
CUDA Graph id 12934 reused
CUDA Graph id 12936 reused
CUDA Graph id 12938 reused
CUDA Graph id 12940 reused
CUDA Graph id 12942 reused
CUDA Graph id 12846 reused
CUDA Graph id 12848 reused
CUDA Graph id 12850 reused
CUDA Graph id 12852 reused
CUDA Graph id 12854 reused
CUDA Graph id 12856 reused
CUDA Graph id 12858 reused
CUDA Graph id 12860 reused
CUDA Graph id 12862 reused
CUDA Graph id 12864 reused
CUDA Graph id 12866 reused
CUDA Graph id 12868 reused
CUDA Graph id 12870 reused
CUDA Graph id 12872 reused
CUDA Graph id 12874 reused
CUDA Graph id 12876 reused
CUDA Graph id 12878 reused
CUDA Graph id 12880 reused
CUDA Graph id 12882 reused
CUDA Graph id 12884 reused
CUDA Graph id 12886 reused
CUDA Graph id 12888 reused
CUDA Graph id 12890 reused
CUDA Graph id 12892 reused
CUDA Graph id 12894 reused
CUDA Graph id 12896 reused
CUDA Graph id 12898 reused
CUDA Graph id 12900 reused
CUDA Graph id 12902 reused
CUDA Graph id 12904 reused
CUDA Graph id 12906 reused
CUDA Graph id 12908 reused
CUDA Graph id 12910 reused
CUDA Graph id 12912 reused
CUDA Graph id 12914 reused
CUDA Graph id 12916 reused
CUDA Graph id 12918 reused
CUDA Graph id 12920 reused
CUDA Graph id 12922 reused
CUDA Graph id 12924 reused
CUDA Graph id 12926 reused
CUDA Graph id 12928 reused
CUDA Graph id 12930 reused
CUDA Graph id 12932 reused
CUDA Graph id 12934 reused
CUDA Graph id 12936 reused
CUDA Graph id 12938 reused
CUDA Graph id 12940 reused
CUDA Graph id 12942 reused
CUDA Graph id 12846 reused
CUDA Graph id 12848 reused
CUDA Graph id 12850 reused
CUDA Graph id 12852 reused
CUDA Graph id 12854 reused
CUDA Graph id 12856 reused
CUDA Graph id 12858 reused
CUDA Graph id 12860 reused
CUDA Graph id 12862 reused
CUDA Graph id 12864 reused
CUDA Graph id 12866 reused
CUDA Graph id 12868 reused
CUDA Graph id 12870 reused
CUDA Graph id 12872 reused
CUDA Graph id 12874 reused
CUDA Graph id 12876 reused
CUDA Graph id 12878 reused
CUDA Graph id 12880 reused
CUDA Graph id 12882 reused
CUDA Graph id 12884 reused
CUDA Graph id 12886 reused
CUDA Graph id 12888 reused
CUDA Graph id 12890 reused
CUDA Graph id 12892 reused
CUDA Graph id 12894 reused
CUDA Graph id 12896 reused
CUDA Graph id 12898 reused
CUDA Graph id 12900 reused
CUDA Graph id 12902 reused
CUDA Graph id 12904 reused
CUDA Graph id 12906 reused
CUDA Graph id 12908 reused
CUDA Graph id 12910 reused
CUDA Graph id 12912 reused
CUDA Graph id 12914 reused
CUDA Graph id 12916 reused
CUDA Graph id 12918 reused
CUDA Graph id 12920 reused
CUDA Graph id 12922 reused
CUDA Graph id 12924 reused
CUDA Graph id 12926 reused
CUDA Graph id 12928 reused
CUDA Graph id 12930 reused
CUDA Graph id 12932 reused
CUDA Graph id 12934 reused
CUDA Graph id 12936 reused
CUDA Graph id 12938 reused
CUDA Graph id 12940 reused
CUDA Graph id 12942 reused
CUDA Graph id 12846 reused
CUDA Graph id 12848 reused
CUDA Graph id 12850 reused
CUDA Graph id 12852 reused
CUDA Graph id 12854 reused
CUDA Graph id 12856 reused
CUDA Graph id 12858 reused
CUDA Graph id 12860 reused
CUDA Graph id 12862 reused
CUDA Graph id 12864 reused
CUDA Graph id 12866 reused
CUDA Graph id 12868 reused
CUDA Graph id 12870 reused
CUDA Graph id 12872 reused
CUDA Graph id 12874 reused
CUDA Graph id 12876 reused
CUDA Graph id 12878 reused
CUDA Graph id 12880 reused
CUDA Graph id 12882 reused
CUDA Graph id 12884 reused
CUDA Graph id 12886 reused
CUDA Graph id 12888 reused
CUDA Graph id 12890 reused
CUDA Graph id 12892 reused
CUDA Graph id 12894 reused
CUDA Graph id 12896 reused
CUDA Graph id 12898 reused
CUDA Graph id 12900 reused
CUDA Graph id 12902 reused
CUDA Graph id 12904 reused
CUDA Graph id 12906 reused
CUDA Graph id 12908 reused
CUDA Graph id 12910 reused
CUDA Graph id 12912 reused
CUDA Graph id 12914 reused
CUDA Graph id 12916 reused
CUDA Graph id 12918 reused
CUDA Graph id 12920 reused
CUDA Graph id 12922 reused
CUDA Graph id 12924 reused
CUDA Graph id 12926 reused
CUDA Graph id 12928 reused
CUDA Graph id 12930 reused
CUDA Graph id 12932 reused
CUDA Graph id 12934 reused
CUDA Graph id 12936 reused
CUDA Graph id 12938 reused
CUDA Graph id 12940 reused
CUDA Graph id 12942 reused
CUDA Graph id 12846 reused
CUDA Graph id 12848 reused
CUDA Graph id 12850 reused
CUDA Graph id 12852 reused
CUDA Graph id 12854 reused
CUDA Graph id 12856 reused
CUDA Graph id 12858 reused
CUDA Graph id 12860 reused
CUDA Graph id 12862 reused
CUDA Graph id 12864 reused
CUDA Graph id 12866 reused
CUDA Graph id 12868 reused
CUDA Graph id 12870 reused
CUDA Graph id 12872 reused
CUDA Graph id 12874 reused
CUDA Graph id 12876 reused
CUDA Graph id 12878 reused
CUDA Graph id 12880 reused
CUDA Graph id 12882 reused
CUDA Graph id 12884 reused
CUDA Graph id 12886 reused
CUDA Graph id 12888 reused
CUDA Graph id 12890 reused
CUDA Graph id 12892 reused
CUDA Graph id 12894 reused
CUDA Graph id 12896 reused
CUDA Graph id 12898 reused
CUDA Graph id 12900 reused
CUDA Graph id 12902 reused
CUDA Graph id 12904 reused
CUDA Graph id 12906 reused
CUDA Graph id 12908 reused
CUDA Graph id 12910 reused
CUDA Graph id 12912 reused
CUDA Graph id 12914 reused
CUDA Graph id 12916 reused
CUDA Graph id 12918 reused
CUDA Graph id 12920 reused
CUDA Graph id 12922 reused
CUDA Graph id 12924 reused
CUDA Graph id 12926 reused
CUDA Graph id 12928 reused
CUDA Graph id 12930 reused
CUDA Graph id 12932 reused
CUDA Graph id 12934 reused
CUDA Graph id 12936 reused
CUDA Graph id 12938 reused
CUDA Graph id 12940 reused
CUDA Graph id 12942 reused
CUDA Graph id 12846 reused
CUDA Graph id 12848 reused
CUDA Graph id 12850 reused
CUDA Graph id 12852 reused
CUDA Graph id 12854 reused
CUDA Graph id 12856 reused
CUDA Graph id 12858 reused
CUDA Graph id 12860 reused
CUDA Graph id 12862 reused
CUDA Graph id 12864 reused
CUDA Graph id 12866 reused
CUDA Graph id 12868 reused
CUDA Graph id 12870 reused
CUDA Graph id 12872 reused
CUDA Graph id 12874 reused
CUDA Graph id 12876 reused
CUDA Graph id 12878 reused
CUDA Graph id 12880 reused
CUDA Graph id 12882 reused
CUDA Graph id 12884 reused
CUDA Graph id 12886 reused
CUDA Graph id 12888 reused
CUDA Graph id 12890 reused
CUDA Graph id 12892 reused
CUDA Graph id 12894 reused
CUDA Graph id 12896 reused
CUDA Graph id 12898 reused
CUDA Graph id 12900 reused
CUDA Graph id 12902 reused
CUDA Graph id 12904 reused
CUDA Graph id 12906 reused
CUDA Graph id 12908 reused
CUDA Graph id 12910 reused
CUDA Graph id 12912 reused
CUDA Graph id 12914 reused
CUDA Graph id 12916 reused
CUDA Graph id 12918 reused
CUDA Graph id 12920 reused
CUDA Graph id 12922 reused
CUDA Graph id 12924 reused
CUDA Graph id 12926 reused
CUDA Graph id 12928 reused
CUDA Graph id 12930 reused
CUDA Graph id 12932 reused
CUDA Graph id 12934 reused
CUDA Graph id 12936 reused
CUDA Graph id 12938 reused
CUDA Graph id 12940 reused
CUDA Graph id 12942 reused
CUDA Graph id 12846 reused
CUDA Graph id 12848 reused
CUDA Graph id 12850 reused
CUDA Graph id 12852 reused
CUDA Graph id 12854 reused
CUDA Graph id 12856 reused
CUDA Graph id 12858 reused
CUDA Graph id 12860 reused
CUDA Graph id 12862 reused
CUDA Graph id 12864 reused
CUDA Graph id 12866 reused
CUDA Graph id 12868 reused
CUDA Graph id 12870 reused
CUDA Graph id 12872 reused
CUDA Graph id 12874 reused
CUDA Graph id 12876 reused
CUDA Graph id 12878 reused
CUDA Graph id 12880 reused
CUDA Graph id 12882 reused
CUDA Graph id 12884 reused
CUDA Graph id 12886 reused
CUDA Graph id 12888 reused
CUDA Graph id 12890 reused
CUDA Graph id 12892 reused
CUDA Graph id 12894 reused
CUDA Graph id 12896 reused
CUDA Graph id 12898 reused
CUDA Graph id 12900 reused
CUDA Graph id 12902 reused
CUDA Graph id 12904 reused
CUDA Graph id 12906 reused
CUDA Graph id 12908 reused
CUDA Graph id 12910 reused
CUDA Graph id 12912 reused
CUDA Graph id 12914 reused
CUDA Graph id 12916 reused
CUDA Graph id 12918 reused
CUDA Graph id 12920 reused
CUDA Graph id 12922 reused
CUDA Graph id 12924 reused
CUDA Graph id 12926 reused
CUDA Graph id 12928 reused
CUDA Graph id 12930 reused
CUDA Graph id 12932 reused
CUDA Graph id 12934 reused
CUDA Graph id 12936 reused
CUDA Graph id 12938 reused
CUDA Graph id 12940 reused
CUDA Graph id 12942 reused
CUDA Graph id 12846 reused
CUDA Graph id 12848 reused
CUDA Graph id 12850 reused
CUDA Graph id 12852 reused
CUDA Graph id 12854 reused
CUDA Graph id 12856 reused
CUDA Graph id 12858 reused
CUDA Graph id 12860 reused
CUDA Graph id 12862 reused
CUDA Graph id 12864 reused
CUDA Graph id 12866 reused
CUDA Graph id 12868 reused
CUDA Graph id 12870 reused
CUDA Graph id 12872 reused
CUDA Graph id 12874 reused
CUDA Graph id 12876 reused
CUDA Graph id 12878 reused
CUDA Graph id 12880 reused
CUDA Graph id 12882 reused
CUDA Graph id 12884 reused
CUDA Graph id 12886 reused
CUDA Graph id 12888 reused
CUDA Graph id 12890 reused
CUDA Graph id 12892 reused
CUDA Graph id 12894 reused
CUDA Graph id 12896 reused
CUDA Graph id 12898 reused
CUDA Graph id 12900 reused
CUDA Graph id 12902 reused
CUDA Graph id 12904 reused
CUDA Graph id 12906 reused
CUDA Graph id 12908 reused
CUDA Graph id 12910 reused
CUDA Graph id 12912 reused
CUDA Graph id 12914 reused
CUDA Graph id 12916 reused
CUDA Graph id 12918 reused
CUDA Graph id 12920 reused
CUDA Graph id 12922 reused
CUDA Graph id 12924 reused
CUDA Graph id 12926 reused
CUDA Graph id 12928 reused
CUDA Graph id 12930 reused
CUDA Graph id 12932 reused
CUDA Graph id 12934 reused
CUDA Graph id 12936 reused
CUDA Graph id 12938 reused
CUDA Graph id 12940 reused
CUDA Graph id 12942 reused
CUDA Graph id 12846 reused
CUDA Graph id 12848 reused
CUDA Graph id 12850 reused
CUDA Graph id 12852 reused
CUDA Graph id 12854 reused
CUDA Graph id 12856 reused
CUDA Graph id 12858 reused
CUDA Graph id 12860 reused
CUDA Graph id 12862 reused
CUDA Graph id 12864 reused
CUDA Graph id 12866 reused
CUDA Graph id 12868 reused
CUDA Graph id 12870 reused
CUDA Graph id 12872 reused
CUDA Graph id 12874 reused
CUDA Graph id 12876 reused
CUDA Graph id 12878 reused
CUDA Graph id 12880 reused
CUDA Graph id 12882 reused
CUDA Graph id 12884 reused
CUDA Graph id 12886 reused
CUDA Graph id 12888 reused
CUDA Graph id 12890 reused
CUDA Graph id 12892 reused
CUDA Graph id 12894 reused
CUDA Graph id 12896 reused
CUDA Graph id 12898 reused
CUDA Graph id 12900 reused
CUDA Graph id 12902 reused
CUDA Graph id 12904 reused
CUDA Graph id 12906 reused
CUDA Graph id 12908 reused
CUDA Graph id 12910 reused
CUDA Graph id 12912 reused
CUDA Graph id 12914 reused
CUDA Graph id 12916 reused
CUDA Graph id 12918 reused
CUDA Graph id 12920 reused
CUDA Graph id 12922 reused
CUDA Graph id 12924 reused
CUDA Graph id 12926 reused
CUDA Graph id 12928 reused
CUDA Graph id 12930 reused
CUDA Graph id 12932 reused
CUDA Graph id 12934 reused
CUDA Graph id 12936 reused
CUDA Graph id 12938 reused
CUDA Graph id 12940 reused
CUDA Graph id 12942 reused
CUDA Graph id 12846 reused
CUDA Graph id 12848 reused
CUDA Graph id 12850 reused
CUDA Graph id 12852 reused
CUDA Graph id 12854 reused
CUDA Graph id 12856 reused
CUDA Graph id 12858 reused
CUDA Graph id 12860 reused
CUDA Graph id 12862 reused
CUDA Graph id 12864 reused
CUDA Graph id 12866 reused
CUDA Graph id 12868 reused
CUDA Graph id 12870 reused
CUDA Graph id 12872 reused
CUDA Graph id 12874 reused
CUDA Graph id 12876 reused
CUDA Graph id 12878 reused
CUDA Graph id 12880 reused
CUDA Graph id 12882 reused
CUDA Graph id 12884 reused
CUDA Graph id 12886 reused
CUDA Graph id 12888 reused
CUDA Graph id 12890 reused
CUDA Graph id 12892 reused
CUDA Graph id 12894 reused
CUDA Graph id 12896 reused
CUDA Graph id 12898 reused
CUDA Graph id 12900 reused
CUDA Graph id 12902 reused
CUDA Graph id 12904 reused
CUDA Graph id 12906 reused
CUDA Graph id 12908 reused
CUDA Graph id 12910 reused
CUDA Graph id 12912 reused
CUDA Graph id 12914 reused
CUDA Graph id 12916 reused
CUDA Graph id 12918 reused
CUDA Graph id 12920 reused
CUDA Graph id 12922 reused
CUDA Graph id 12924 reused
CUDA Graph id 12926 reused
CUDA Graph id 12928 reused
CUDA Graph id 12930 reused
CUDA Graph id 12932 reused
CUDA Graph id 12934 reused
CUDA Graph id 12936 reused
CUDA Graph id 12938 reused
CUDA Graph id 12940 reused
CUDA Graph id 12942 reused
CUDA Graph id 12846 reused
CUDA Graph id 12848 reused
CUDA Graph id 12850 reused
CUDA Graph id 12852 reused
CUDA Graph id 12854 reused
CUDA Graph id 12856 reused
CUDA Graph id 12858 reused
CUDA Graph id 12860 reused
CUDA Graph id 12862 reused
CUDA Graph id 12864 reused
CUDA Graph id 12866 reused
CUDA Graph id 12868 reused
CUDA Graph id 12870 reused
CUDA Graph id 12872 reused
CUDA Graph id 12874 reused
CUDA Graph id 12876 reused
CUDA Graph id 12878 reused
CUDA Graph id 12880 reused
CUDA Graph id 12882 reused
CUDA Graph id 12884 reused
CUDA Graph id 12886 reused
CUDA Graph id 12888 reused
CUDA Graph id 12890 reused
CUDA Graph id 12892 reused
CUDA Graph id 12894 reused
CUDA Graph id 12896 reused
CUDA Graph id 12898 reused
CUDA Graph id 12900 reused
CUDA Graph id 12902 reused
CUDA Graph id 12904 reused
CUDA Graph id 12906 reused
CUDA Graph id 12908 reused
CUDA Graph id 12910 reused
CUDA Graph id 12912 reused
CUDA Graph id 12914 reused
CUDA Graph id 12916 reused
CUDA Graph id 12918 reused
CUDA Graph id 12920 reused
CUDA Graph id 12922 reused
CUDA Graph id 12924 reused
CUDA Graph id 12926 reused
CUDA Graph id 12928 reused
CUDA Graph id 12930 reused
CUDA Graph id 12932 reused
CUDA Graph id 12934 reused
CUDA Graph id 12936 reused
CUDA Graph id 12938 reused
CUDA Graph id 12940 reused
CUDA Graph id 12942 reused
CUDA Graph id 12846 reused
CUDA Graph id 12848 reused
CUDA Graph id 12850 reused
CUDA Graph id 12852 reused
CUDA Graph id 12854 reused
CUDA Graph id 12856 reused
CUDA Graph id 12858 reused
CUDA Graph id 12860 reused
CUDA Graph id 12862 reused
CUDA Graph id 12864 reused
CUDA Graph id 12866 reused
CUDA Graph id 12868 reused
CUDA Graph id 12870 reused
CUDA Graph id 12872 reused
CUDA Graph id 12874 reused
CUDA Graph id 12876 reused
CUDA Graph id 12878 reused
CUDA Graph id 12880 reused
CUDA Graph id 12882 reused
CUDA Graph id 12884 reused
CUDA Graph id 12886 reused
CUDA Graph id 12888 reused
CUDA Graph id 12890 reused
CUDA Graph id 12892 reused
CUDA Graph id 12894 reused
CUDA Graph id 12896 reused
CUDA Graph id 12898 reused
CUDA Graph id 12900 reused
CUDA Graph id 12902 reused
CUDA Graph id 12904 reused
CUDA Graph id 12906 reused
CUDA Graph id 12908 reused
CUDA Graph id 12910 reused
CUDA Graph id 12912 reused
CUDA Graph id 12914 reused
CUDA Graph id 12916 reused
CUDA Graph id 12918 reused
CUDA Graph id 12920 reused
CUDA Graph id 12922 reused
CUDA Graph id 12924 reused
CUDA Graph id 12926 reused
CUDA Graph id 12928 reused
CUDA Graph id 12930 reused
CUDA Graph id 12932 reused
CUDA Graph id 12934 reused
CUDA Graph id 12936 reused
CUDA Graph id 12938 reused
CUDA Graph id 12940 reused
CUDA Graph id 12942 reused
CUDA Graph id 12846 reused
CUDA Graph id 12848 reused
CUDA Graph id 12850 reused
CUDA Graph id 12852 reused
CUDA Graph id 12854 reused
CUDA Graph id 12856 reused
CUDA Graph id 12858 reused
CUDA Graph id 12860 reused
CUDA Graph id 12862 reused
CUDA Graph id 12864 reused
CUDA Graph id 12866 reused
CUDA Graph id 12868 reused
CUDA Graph id 12870 reused
CUDA Graph id 12872 reused
CUDA Graph id 12874 reused
CUDA Graph id 12876 reused
CUDA Graph id 12878 reused
CUDA Graph id 12880 reused
CUDA Graph id 12882 reused
CUDA Graph id 12884 reused
CUDA Graph id 12886 reused
CUDA Graph id 12888 reused
CUDA Graph id 12890 reused
CUDA Graph id 12892 reused
CUDA Graph id 12894 reused
CUDA Graph id 12896 reused
CUDA Graph id 12898 reused
CUDA Graph id 12900 reused
CUDA Graph id 12902 reused
CUDA Graph id 12904 reused
CUDA Graph id 12906 reused
CUDA Graph id 12908 reused
CUDA Graph id 12910 reused
CUDA Graph id 12912 reused
CUDA Graph id 12914 reused
CUDA Graph id 12916 reused
CUDA Graph id 12918 reused
CUDA Graph id 12920 reused
CUDA Graph id 12922 reused
CUDA Graph id 12924 reused
CUDA Graph id 12926 reused
CUDA Graph id 12928 reused
CUDA Graph id 12930 reused
CUDA Graph id 12932 reused
CUDA Graph id 12934 reused
CUDA Graph id 12936 reused
CUDA Graph id 12938 reused
CUDA Graph id 12940 reused
CUDA Graph id 12942 reused
CUDA Graph id 12846 reused
CUDA Graph id 12848 reused
CUDA Graph id 12850 reused
CUDA Graph id 12852 reused
CUDA Graph id 12854 reused
CUDA Graph id 12856 reused
CUDA Graph id 12858 reused
CUDA Graph id 12860 reused
CUDA Graph id 12862 reused
CUDA Graph id 12864 reused
CUDA Graph id 12866 reused
CUDA Graph id 12868 reused
CUDA Graph id 12870 reused
CUDA Graph id 12872 reused
CUDA Graph id 12874 reused
CUDA Graph id 12876 reused
CUDA Graph id 12878 reused
CUDA Graph id 12880 reused
CUDA Graph id 12882 reused
CUDA Graph id 12884 reused
CUDA Graph id 12886 reused
CUDA Graph id 12888 reused
CUDA Graph id 12890 reused
CUDA Graph id 12892 reused
CUDA Graph id 12894 reused
CUDA Graph id 12896 reused
CUDA Graph id 12898 reused
CUDA Graph id 12900 reused
CUDA Graph id 12902 reused
CUDA Graph id 12904 reused
CUDA Graph id 12906 reused
CUDA Graph id 12908 reused
CUDA Graph id 12910 reused
CUDA Graph id 12912 reused
CUDA Graph id 12914 reused
CUDA Graph id 12916 reused
CUDA Graph id 12918 reused
CUDA Graph id 12920 reused
CUDA Graph id 12922 reused
CUDA Graph id 12924 reused
CUDA Graph id 12926 reused
CUDA Graph id 12928 reused
CUDA Graph id 12930 reused
CUDA Graph id 12932 reused
CUDA Graph id 12934 reused
CUDA Graph id 12936 reused
CUDA Graph id 12938 reused
CUDA Graph id 12940 reused
CUDA Graph id 12942 reused
CUDA Graph id 12846 reused
CUDA Graph id 12848 reused
CUDA Graph id 12850 reused
CUDA Graph id 12852 reused
CUDA Graph id 12854 reused
CUDA Graph id 12856 reused
CUDA Graph id 12858 reused
CUDA Graph id 12860 reused
CUDA Graph id 12862 reused
CUDA Graph id 12864 reused
CUDA Graph id 12866 reused
CUDA Graph id 12868 reused
CUDA Graph id 12870 reused
CUDA Graph id 12872 reused
CUDA Graph id 12874 reused
CUDA Graph id 12876 reused
CUDA Graph id 12878 reused
CUDA Graph id 12880 reused
CUDA Graph id 12882 reused
CUDA Graph id 12884 reused
CUDA Graph id 12886 reused
CUDA Graph id 12888 reused
CUDA Graph id 12890 reused
CUDA Graph id 12892 reused
CUDA Graph id 12894 reused
CUDA Graph id 12896 reused
CUDA Graph id 12898 reused
CUDA Graph id 12900 reused
CUDA Graph id 12902 reused
CUDA Graph id 12904 reused
CUDA Graph id 12906 reused
CUDA Graph id 12908 reused
CUDA Graph id 12910 reused
CUDA Graph id 12912 reused
CUDA Graph id 12914 reused
CUDA Graph id 12916 reused
CUDA Graph id 12918 reused
CUDA Graph id 12920 reused
CUDA Graph id 12922 reused
CUDA Graph id 12924 reused
CUDA Graph id 12926 reused
CUDA Graph id 12928 reused
CUDA Graph id 12930 reused
CUDA Graph id 12932 reused
CUDA Graph id 12934 reused
CUDA Graph id 12936 reused
CUDA Graph id 12938 reused
CUDA Graph id 12940 reused
CUDA Graph id 12942 reused
CUDA Graph id 12846 reused
CUDA Graph id 12848 reused
CUDA Graph id 12850 reused
CUDA Graph id 12852 reused
CUDA Graph id 12854 reused
CUDA Graph id 12856 reused
CUDA Graph id 12858 reused
CUDA Graph id 12860 reused
CUDA Graph id 12862 reused
CUDA Graph id 12864 reused
CUDA Graph id 12866 reused
CUDA Graph id 12868 reused
CUDA Graph id 12870 reused
CUDA Graph id 12872 reused
CUDA Graph id 12874 reused
CUDA Graph id 12876 reused
CUDA Graph id 12878 reused
CUDA Graph id 12880 reused
CUDA Graph id 12882 reused
CUDA Graph id 12884 reused
CUDA Graph id 12886 reused
CUDA Graph id 12888 reused
CUDA Graph id 12890 reused
CUDA Graph id 12892 reused
CUDA Graph id 12894 reused
CUDA Graph id 12896 reused
CUDA Graph id 12898 reused
CUDA Graph id 12900 reused
CUDA Graph id 12902 reused
CUDA Graph id 12904 reused
CUDA Graph id 12906 reused
CUDA Graph id 12908 reused
CUDA Graph id 12910 reused
CUDA Graph id 12912 reused
CUDA Graph id 12914 reused
CUDA Graph id 12916 reused
CUDA Graph id 12918 reused
CUDA Graph id 12920 reused
CUDA Graph id 12922 reused
CUDA Graph id 12924 reused
CUDA Graph id 12926 reused
CUDA Graph id 12928 reused
CUDA Graph id 12930 reused
CUDA Graph id 12932 reused
CUDA Graph id 12934 reused
CUDA Graph id 12936 reused
CUDA Graph id 12938 reused
CUDA Graph id 12940 reused
CUDA Graph id 12942 reused
CUDA Graph id 12846 reused
CUDA Graph id 12848 reused
CUDA Graph id 12850 reused
CUDA Graph id 12852 reused
CUDA Graph id 12854 reused
CUDA Graph id 12856 reused
CUDA Graph id 12858 reused
CUDA Graph id 12860 reused
CUDA Graph id 12862 reused
CUDA Graph id 12864 reused
CUDA Graph id 12866 reused
CUDA Graph id 12868 reused
CUDA Graph id 12870 reused
CUDA Graph id 12872 reused
CUDA Graph id 12874 reused
CUDA Graph id 12876 reused
CUDA Graph id 12878 reused
CUDA Graph id 12880 reused
CUDA Graph id 12882 reused
CUDA Graph id 12884 reused
CUDA Graph id 12886 reused
CUDA Graph id 12888 reused
CUDA Graph id 12890 reused
CUDA Graph id 12892 reused
CUDA Graph id 12894 reused
CUDA Graph id 12896 reused
CUDA Graph id 12898 reused
CUDA Graph id 12900 reused
CUDA Graph id 12902 reused
CUDA Graph id 12904 reused
CUDA Graph id 12906 reused
CUDA Graph id 12908 reused
CUDA Graph id 12910 reused
CUDA Graph id 12912 reused
CUDA Graph id 12914 reused
CUDA Graph id 12916 reused
CUDA Graph id 12918 reused
CUDA Graph id 12920 reused
CUDA Graph id 12922 reused
CUDA Graph id 12924 reused
CUDA Graph id 12926 reused
CUDA Graph id 12928 reused
CUDA Graph id 12930 reused
CUDA Graph id 12932 reused
CUDA Graph id 12934 reused
CUDA Graph id 12936 reused
CUDA Graph id 12938 reused
CUDA Graph id 12940 reused
CUDA Graph id 12942 reused
CUDA Graph id 12846 reused
CUDA Graph id 12848 reused
CUDA Graph id 12850 reused
CUDA Graph id 12852 reused
CUDA Graph id 12854 reused
CUDA Graph id 12856 reused
CUDA Graph id 12858 reused
CUDA Graph id 12860 reused
CUDA Graph id 12862 reused
CUDA Graph id 12864 reused
CUDA Graph id 12866 reused
CUDA Graph id 12868 reused
CUDA Graph id 12870 reused
CUDA Graph id 12872 reused
CUDA Graph id 12874 reused
CUDA Graph id 12876 reused
CUDA Graph id 12878 reused
CUDA Graph id 12880 reused
CUDA Graph id 12882 reused
CUDA Graph id 12884 reused
CUDA Graph id 12886 reused
CUDA Graph id 12888 reused
CUDA Graph id 12890 reused
CUDA Graph id 12892 reused
CUDA Graph id 12894 reused
CUDA Graph id 12896 reused
CUDA Graph id 12898 reused
CUDA Graph id 12900 reused
CUDA Graph id 12902 reused
CUDA Graph id 12904 reused
CUDA Graph id 12906 reused
CUDA Graph id 12908 reused
CUDA Graph id 12910 reused
CUDA Graph id 12912 reused
CUDA Graph id 12914 reused
CUDA Graph id 12916 reused
CUDA Graph id 12918 reused
CUDA Graph id 12920 reused
CUDA Graph id 12922 reused
CUDA Graph id 12924 reused
CUDA Graph id 12926 reused
CUDA Graph id 12928 reused
CUDA Graph id 12930 reused
CUDA Graph id 12932 reused
CUDA Graph id 12934 reused
CUDA Graph id 12936 reused
CUDA Graph id 12938 reused
CUDA Graph id 12940 reused
CUDA Graph id 12942 reused
CUDA Graph id 12846 reused
CUDA Graph id 12848 reused
CUDA Graph id 12850 reused
CUDA Graph id 12852 reused
CUDA Graph id 12854 reused
CUDA Graph id 12856 reused
CUDA Graph id 12858 reused
CUDA Graph id 12860 reused
CUDA Graph id 12862 reused
CUDA Graph id 12864 reused
CUDA Graph id 12866 reused
CUDA Graph id 12868 reused
CUDA Graph id 12870 reused
CUDA Graph id 12872 reused
CUDA Graph id 12874 reused
CUDA Graph id 12876 reused
CUDA Graph id 12878 reused
CUDA Graph id 12880 reused
CUDA Graph id 12882 reused
CUDA Graph id 12884 reused
CUDA Graph id 12886 reused
CUDA Graph id 12888 reused
CUDA Graph id 12890 reused
CUDA Graph id 12892 reused
CUDA Graph id 12894 reused
CUDA Graph id 12896 reused
CUDA Graph id 12898 reused
CUDA Graph id 12900 reused
CUDA Graph id 12902 reused
CUDA Graph id 12904 reused
CUDA Graph id 12906 reused
CUDA Graph id 12908 reused
CUDA Graph id 12910 reused
CUDA Graph id 12912 reused
CUDA Graph id 12914 reused
CUDA Graph id 12916 reused
CUDA Graph id 12918 reused
CUDA Graph id 12920 reused
CUDA Graph id 12922 reused
CUDA Graph id 12924 reused
CUDA Graph id 12926 reused
CUDA Graph id 12928 reused
CUDA Graph id 12930 reused
CUDA Graph id 12932 reused
CUDA Graph id 12934 reused
CUDA Graph id 12936 reused
CUDA Graph id 12938 reused
CUDA Graph id 12940 reused
CUDA Graph id 12942 reused
CUDA Graph id 12846 reused
CUDA Graph id 12848 reused
CUDA Graph id 12850 reused
CUDA Graph id 12852 reused
CUDA Graph id 12854 reused
CUDA Graph id 12856 reused
CUDA Graph id 12858 reused
CUDA Graph id 12860 reused
CUDA Graph id 12862 reused
CUDA Graph id 12864 reused
CUDA Graph id 12866 reused
CUDA Graph id 12868 reused
CUDA Graph id 12870 reused
CUDA Graph id 12872 reused
CUDA Graph id 12874 reused
CUDA Graph id 12876 reused
CUDA Graph id 12878 reused
CUDA Graph id 12880 reused
CUDA Graph id 12882 reused
CUDA Graph id 12884 reused
CUDA Graph id 12886 reused
CUDA Graph id 12888 reused
CUDA Graph id 12890 reused
CUDA Graph id 12892 reused
CUDA Graph id 12894 reused
CUDA Graph id 12896 reused
CUDA Graph id 12898 reused
CUDA Graph id 12900 reused
CUDA Graph id 12902 reused
CUDA Graph id 12904 reused
CUDA Graph id 12906 reused
CUDA Graph id 12908 reused
CUDA Graph id 12910 reused
CUDA Graph id 12912 reused
CUDA Graph id 12914 reused
CUDA Graph id 12916 reused
CUDA Graph id 12918 reused
CUDA Graph id 12920 reused
CUDA Graph id 12922 reused
CUDA Graph id 12924 reused
CUDA Graph id 12926 reused
CUDA Graph id 12928 reused
CUDA Graph id 12930 reused
CUDA Graph id 12932 reused
CUDA Graph id 12934 reused
CUDA Graph id 12936 reused
CUDA Graph id 12938 reused
CUDA Graph id 12940 reused
CUDA Graph id 12942 reused
CUDA Graph id 12846 reused
CUDA Graph id 12848 reused
CUDA Graph id 12850 reused
CUDA Graph id 12852 reused
CUDA Graph id 12854 reused
CUDA Graph id 12856 reused
CUDA Graph id 12858 reused
CUDA Graph id 12860 reused
CUDA Graph id 12862 reused
CUDA Graph id 12864 reused
CUDA Graph id 12866 reused
CUDA Graph id 12868 reused
CUDA Graph id 12870 reused
CUDA Graph id 12872 reused
CUDA Graph id 12874 reused
CUDA Graph id 12876 reused
CUDA Graph id 12878 reused
CUDA Graph id 12880 reused
CUDA Graph id 12882 reused
CUDA Graph id 12884 reused
CUDA Graph id 12886 reused
CUDA Graph id 12888 reused
CUDA Graph id 12890 reused
CUDA Graph id 12892 reused
CUDA Graph id 12894 reused
CUDA Graph id 12896 reused
CUDA Graph id 12898 reused
CUDA Graph id 12900 reused
CUDA Graph id 12902 reused
CUDA Graph id 12904 reused
CUDA Graph id 12906 reused
CUDA Graph id 12908 reused
CUDA Graph id 12910 reused
CUDA Graph id 12912 reused
CUDA Graph id 12914 reused
CUDA Graph id 12916 reused
CUDA Graph id 12918 reused
CUDA Graph id 12920 reused
CUDA Graph id 12922 reused
CUDA Graph id 12924 reused
CUDA Graph id 12926 reused
CUDA Graph id 12928 reused
CUDA Graph id 12930 reused
CUDA Graph id 12932 reused
CUDA Graph id 12934 reused
CUDA Graph id 12936 reused
CUDA Graph id 12938 reused
CUDA Graph id 12940 reused
CUDA Graph id 12942 reused
CUDA Graph id 12846 reused
CUDA Graph id 12848 reused
CUDA Graph id 12850 reused
CUDA Graph id 12852 reused
CUDA Graph id 12854 reused
CUDA Graph id 12856 reused
CUDA Graph id 12858 reused
CUDA Graph id 12860 reused
CUDA Graph id 12862 reused
CUDA Graph id 12864 reused
CUDA Graph id 12866 reused
CUDA Graph id 12868 reused
CUDA Graph id 12870 reused
CUDA Graph id 12872 reused
CUDA Graph id 12874 reused
CUDA Graph id 12876 reused
CUDA Graph id 12878 reused
CUDA Graph id 12880 reused
CUDA Graph id 12882 reused
CUDA Graph id 12884 reused
CUDA Graph id 12886 reused
CUDA Graph id 12888 reused
CUDA Graph id 12890 reused
CUDA Graph id 12892 reused
CUDA Graph id 12894 reused
CUDA Graph id 12896 reused
CUDA Graph id 12898 reused
CUDA Graph id 12900 reused
CUDA Graph id 12902 reused
CUDA Graph id 12904 reused
CUDA Graph id 12906 reused
CUDA Graph id 12908 reused
CUDA Graph id 12910 reused
CUDA Graph id 12912 reused
CUDA Graph id 12914 reused
CUDA Graph id 12916 reused
CUDA Graph id 12918 reused
CUDA Graph id 12920 reused
CUDA Graph id 12922 reused
CUDA Graph id 12924 reused
CUDA Graph id 12926 reused
CUDA Graph id 12928 reused
CUDA Graph id 12930 reused
CUDA Graph id 12932 reused
CUDA Graph id 12934 reused
CUDA Graph id 12936 reused
CUDA Graph id 12938 reused
CUDA Graph id 12940 reused
CUDA Graph id 12942 reused
CUDA Graph id 12846 reused
CUDA Graph id 12848 reused
CUDA Graph id 12850 reused
CUDA Graph id 12852 reused
CUDA Graph id 12854 reused
CUDA Graph id 12856 reused
CUDA Graph id 12858 reused
CUDA Graph id 12860 reused
CUDA Graph id 12862 reused
CUDA Graph id 12864 reused
CUDA Graph id 12866 reused
CUDA Graph id 12868 reused
CUDA Graph id 12870 reused
CUDA Graph id 12872 reused
CUDA Graph id 12874 reused
CUDA Graph id 12876 reused
CUDA Graph id 12878 reused
CUDA Graph id 12880 reused
CUDA Graph id 12882 reused
CUDA Graph id 12884 reused
CUDA Graph id 12886 reused
CUDA Graph id 12888 reused
CUDA Graph id 12890 reused
CUDA Graph id 12892 reused
CUDA Graph id 12894 reused
CUDA Graph id 12896 reused
CUDA Graph id 12898 reused
CUDA Graph id 12900 reused
CUDA Graph id 12902 reused
CUDA Graph id 12904 reused
CUDA Graph id 12906 reused
CUDA Graph id 12908 reused
CUDA Graph id 12910 reused
CUDA Graph id 12912 reused
CUDA Graph id 12914 reused
CUDA Graph id 12916 reused
CUDA Graph id 12918 reused
CUDA Graph id 12920 reused
CUDA Graph id 12922 reused
CUDA Graph id 12924 reused
CUDA Graph id 12926 reused
CUDA Graph id 12928 reused
CUDA Graph id 12930 reused
CUDA Graph id 12932 reused
CUDA Graph id 12934 reused
CUDA Graph id 12936 reused
CUDA Graph id 12938 reused
CUDA Graph id 12940 reused
CUDA Graph id 12942 reused
CUDA Graph id 12846 reused
CUDA Graph id 12848 reused
CUDA Graph id 12850 reused
CUDA Graph id 12852 reused
CUDA Graph id 12854 reused
CUDA Graph id 12856 reused
CUDA Graph id 12858 reused
CUDA Graph id 12860 reused
CUDA Graph id 12862 reused
CUDA Graph id 12864 reused
CUDA Graph id 12866 reused
CUDA Graph id 12868 reused
CUDA Graph id 12870 reused
CUDA Graph id 12872 reused
CUDA Graph id 12874 reused
CUDA Graph id 12876 reused
CUDA Graph id 12878 reused
CUDA Graph id 12880 reused
CUDA Graph id 12882 reused
CUDA Graph id 12884 reused
CUDA Graph id 12886 reused
CUDA Graph id 12888 reused
CUDA Graph id 12890 reused
CUDA Graph id 12892 reused
CUDA Graph id 12894 reused
CUDA Graph id 12896 reused
CUDA Graph id 12898 reused
CUDA Graph id 12900 reused
CUDA Graph id 12902 reused
CUDA Graph id 12904 reused
CUDA Graph id 12906 reused
CUDA Graph id 12908 reused
CUDA Graph id 12910 reused
CUDA Graph id 12912 reused
CUDA Graph id 12914 reused
CUDA Graph id 12916 reused
CUDA Graph id 12918 reused
CUDA Graph id 12920 reused
CUDA Graph id 12922 reused
CUDA Graph id 12924 reused
CUDA Graph id 12926 reused
CUDA Graph id 12928 reused
CUDA Graph id 12930 reused
CUDA Graph id 12932 reused
CUDA Graph id 12934 reused
CUDA Graph id 12936 reused
CUDA Graph id 12938 reused
CUDA Graph id 12940 reused
CUDA Graph id 12942 reused
CUDA Graph id 12846 reused
CUDA Graph id 12848 reused
CUDA Graph id 12850 reused
CUDA Graph id 12852 reused
CUDA Graph id 12854 reused
CUDA Graph id 12856 reused
CUDA Graph id 12858 reused
CUDA Graph id 12860 reused
CUDA Graph id 12862 reused
CUDA Graph id 12864 reused
CUDA Graph id 12866 reused
CUDA Graph id 12868 reused
CUDA Graph id 12870 reused
CUDA Graph id 12872 reused
CUDA Graph id 12874 reused
CUDA Graph id 12876 reused
CUDA Graph id 12878 reused
CUDA Graph id 12880 reused
CUDA Graph id 12882 reused
CUDA Graph id 12884 reused
CUDA Graph id 12886 reused
CUDA Graph id 12888 reused
CUDA Graph id 12890 reused
CUDA Graph id 12892 reused
CUDA Graph id 12894 reused
CUDA Graph id 12896 reused
CUDA Graph id 12898 reused
CUDA Graph id 12900 reused
CUDA Graph id 12902 reused
CUDA Graph id 12904 reused
CUDA Graph id 12906 reused
CUDA Graph id 12908 reused
CUDA Graph id 12910 reused
CUDA Graph id 12912 reused
CUDA Graph id 12914 reused
CUDA Graph id 12916 reused
CUDA Graph id 12918 reused
CUDA Graph id 12920 reused
CUDA Graph id 12922 reused
CUDA Graph id 12924 reused
CUDA Graph id 12926 reused
CUDA Graph id 12928 reused
CUDA Graph id 12930 reused
CUDA Graph id 12932 reused
CUDA Graph id 12934 reused
CUDA Graph id 12936 reused
CUDA Graph id 12938 reused
CUDA Graph id 12940 reused
CUDA Graph id 12942 reused
CUDA Graph id 12846 reused
CUDA Graph id 12848 reused
CUDA Graph id 12850 reused
CUDA Graph id 12852 reused
CUDA Graph id 12854 reused
CUDA Graph id 12856 reused
CUDA Graph id 12858 reused
CUDA Graph id 12860 reused
CUDA Graph id 12862 reused
CUDA Graph id 12864 reused
CUDA Graph id 12866 reused
CUDA Graph id 12868 reused
CUDA Graph id 12870 reused
CUDA Graph id 12872 reused
CUDA Graph id 12874 reused
CUDA Graph id 12876 reused
CUDA Graph id 12878 reused
CUDA Graph id 12880 reused
CUDA Graph id 12882 reused
CUDA Graph id 12884 reused
CUDA Graph id 12886 reused
CUDA Graph id 12888 reused
CUDA Graph id 12890 reused
CUDA Graph id 12892 reused
CUDA Graph id 12894 reused
CUDA Graph id 12896 reused
CUDA Graph id 12898 reused
CUDA Graph id 12900 reused
CUDA Graph id 12902 reused
CUDA Graph id 12904 reused
CUDA Graph id 12906 reused
CUDA Graph id 12908 reused
CUDA Graph id 12910 reused
CUDA Graph id 12912 reused
CUDA Graph id 12914 reused
CUDA Graph id 12916 reused
CUDA Graph id 12918 reused
CUDA Graph id 12920 reused
CUDA Graph id 12922 reused
CUDA Graph id 12924 reused
CUDA Graph id 12926 reused
CUDA Graph id 12928 reused
CUDA Graph id 12930 reused
CUDA Graph id 12932 reused
CUDA Graph id 12934 reused
CUDA Graph id 12936 reused
CUDA Graph id 12938 reused
CUDA Graph id 12940 reused
CUDA Graph id 12942 reused
CUDA Graph id 12846 reused
CUDA Graph id 12848 reused
CUDA Graph id 12850 reused
CUDA Graph id 12852 reused
CUDA Graph id 12854 reused
CUDA Graph id 12856 reused
CUDA Graph id 12858 reused
CUDA Graph id 12860 reused
CUDA Graph id 12862 reused
CUDA Graph id 12864 reused
CUDA Graph id 12866 reused
CUDA Graph id 12868 reused
CUDA Graph id 12870 reused
CUDA Graph id 12872 reused
CUDA Graph id 12874 reused
CUDA Graph id 12876 reused
CUDA Graph id 12878 reused
CUDA Graph id 12880 reused
CUDA Graph id 12882 reused
CUDA Graph id 12884 reused
CUDA Graph id 12886 reused
CUDA Graph id 12888 reused
CUDA Graph id 12890 reused
CUDA Graph id 12892 reused
CUDA Graph id 12894 reused
CUDA Graph id 12896 reused
CUDA Graph id 12898 reused
CUDA Graph id 12900 reused
CUDA Graph id 12902 reused
CUDA Graph id 12904 reused
CUDA Graph id 12906 reused
CUDA Graph id 12908 reused
CUDA Graph id 12910 reused
CUDA Graph id 12912 reused
CUDA Graph id 12914 reused
CUDA Graph id 12916 reused
CUDA Graph id 12918 reused
CUDA Graph id 12920 reused
CUDA Graph id 12922 reused
CUDA Graph id 12924 reused
CUDA Graph id 12926 reused
CUDA Graph id 12928 reused
CUDA Graph id 12930 reused
CUDA Graph id 12932 reused
CUDA Graph id 12934 reused
CUDA Graph id 12936 reused
CUDA Graph id 12938 reused
CUDA Graph id 12940 reused
CUDA Graph id 12942 reused
CUDA Graph id 12846 reused
CUDA Graph id 12848 reused
CUDA Graph id 12850 reused
CUDA Graph id 12852 reused
CUDA Graph id 12854 reused
CUDA Graph id 12856 reused
CUDA Graph id 12858 reused
CUDA Graph id 12860 reused
CUDA Graph id 12862 reused
CUDA Graph id 12864 reused
CUDA Graph id 12866 reused
CUDA Graph id 12868 reused
CUDA Graph id 12870 reused
CUDA Graph id 12872 reused
CUDA Graph id 12874 reused
CUDA Graph id 12876 reused
CUDA Graph id 12878 reused
CUDA Graph id 12880 reused
CUDA Graph id 12882 reused
CUDA Graph id 12884 reused
CUDA Graph id 12886 reused
CUDA Graph id 12888 reused
CUDA Graph id 12890 reused
CUDA Graph id 12892 reused
CUDA Graph id 12894 reused
CUDA Graph id 12896 reused
CUDA Graph id 12898 reused
CUDA Graph id 12900 reused
CUDA Graph id 12902 reused
CUDA Graph id 12904 reused
CUDA Graph id 12906 reused
CUDA Graph id 12908 reused
CUDA Graph id 12910 reused
CUDA Graph id 12912 reused
CUDA Graph id 12914 reused
CUDA Graph id 12916 reused
CUDA Graph id 12918 reused
CUDA Graph id 12920 reused
CUDA Graph id 12922 reused
CUDA Graph id 12924 reused
CUDA Graph id 12926 reused
CUDA Graph id 12928 reused
CUDA Graph id 12930 reused
CUDA Graph id 12932 reused
CUDA Graph id 12934 reused
CUDA Graph id 12936 reused
CUDA Graph id 12938 reused
CUDA Graph id 12940 reused
CUDA Graph id 12942 reused
CUDA Graph id 12846 reused
CUDA Graph id 12848 reused
CUDA Graph id 12850 reused
CUDA Graph id 12852 reused
CUDA Graph id 12854 reused
CUDA Graph id 12856 reused
CUDA Graph id 12858 reused
CUDA Graph id 12860 reused
CUDA Graph id 12862 reused
CUDA Graph id 12864 reused
CUDA Graph id 12866 reused
CUDA Graph id 12868 reused
CUDA Graph id 12870 reused
CUDA Graph id 12872 reused
CUDA Graph id 12874 reused
CUDA Graph id 12876 reused
CUDA Graph id 12878 reused
CUDA Graph id 12880 reused
CUDA Graph id 12882 reused
CUDA Graph id 12884 reused
CUDA Graph id 12886 reused
CUDA Graph id 12888 reused
CUDA Graph id 12890 reused
CUDA Graph id 12892 reused
CUDA Graph id 12894 reused
CUDA Graph id 12896 reused
CUDA Graph id 12898 reused
CUDA Graph id 12900 reused
CUDA Graph id 12902 reused
CUDA Graph id 12904 reused
CUDA Graph id 12906 reused
CUDA Graph id 12908 reused
CUDA Graph id 12910 reused
CUDA Graph id 12912 reused
CUDA Graph id 12914 reused
CUDA Graph id 12916 reused
CUDA Graph id 12918 reused
CUDA Graph id 12920 reused
CUDA Graph id 12922 reused
CUDA Graph id 12924 reused
CUDA Graph id 12926 reused
CUDA Graph id 12928 reused
CUDA Graph id 12930 reused
CUDA Graph id 12932 reused
CUDA Graph id 12934 reused
CUDA Graph id 12936 reused
CUDA Graph id 12938 reused
CUDA Graph id 12940 reused
CUDA Graph id 12942 reused
~llama_context:      CUDA0 compute buffer size is 1203.0000 MiB, matches expectation of 1203.0000 MiB
~llama_context:  CUDA_Host compute buffer size is  65.0547 MiB, matches expectation of  65.0547 MiB
